Publicar,Fecha,Hora,Categoría,Título,Resumen,URL nota,URL imagen,Fuente,URL fuente,URL video,Crédito foto,Destacada,URL X respaldo,Estado imagen,Criterio imagen,URL imagen candidata,🔒 BLOQUEO MANUAL,
SI,07/10/2026,10:59,MESSI,"EL SHOW DE DRONES ARRANCÓ CON UNA PUBLICIDAD, HUBO SILBIDOS Y LAS REDES LO HICIERON MEME","El esperado show de drones de la despedida de Lionel Messi empezó con una escena que provocó una reacción inmediata en el Monumental. Después del 3-0 ante Benín, miles de hinchas levantaron la mirada para seguir el homenaje aéreo, pero la primera gran figura que apareció en el cielo fue el logo de Sancor Seguros, auspiciante del espectáculo.

La aparición publicitaria no cayó bien en una parte del estadio. Se escucharon silbidos y cánticos de protesta antes de que los drones comenzaran a formar las imágenes vinculadas con Messi, entre ellas su camiseta, el número 10 y diferentes símbolos de su carrera con la Selección. El contraste entre la expectativa emocional y el logo comercial fue suficiente para disparar una catarata de comentarios.

En X aparecieron memes casi en tiempo real. Algunos usuarios bromearon con que estaban preparados para llorar y se encontraron primero con la publicidad; otros hicieron montajes con marcas y parodias del momento. El show terminó ofreciendo el homenaje previsto, pero su arranque quedó instalado como una de las escenas más surrealistas de la despedida y se convirtió en otro viral de una noche que tuvo absolutamente de todo.",https://tn.com.ar/deportes/futbol/2026/10/07/silbidos-enojo-y-memes-en-las-redes-asi-reaccionaron-los-hinchas-al-show-de-drones-en-la-despedida-de-messi/,https://tn.com.ar/resizer/v2/el-homenaje-a-messi-con-drones-se-vio-opacado-por-una-publicidad-que-auspicio-el-show-de-los-dispositivos-foto-gustavo-garelloap-xcapargento-EH7ED7T4GJCUBONYJWUNAXLDWE.jpg?auth=aeec52294ba9baf09e465526141846a8e24491051bb6bdb371348d1b6a3eb8ee&width=767,TN,https://tn.com.ar/deportes/futbol/2026/10/07/silbidos-enojo-y-memes-en-las-redes-asi-reaccionaron-los-hinchas-al-show-de-drones-en-la-despedida-de-messi/,https://x.com/ch6ngjin/status/2107691916787687912,Gustavo Garello / AP - X / TN,ALTA,https://x.com/ch6ngjin/status/2107691916787687912,EXACTA,PUBLICAR,,FALSE,
SI,07/10/2026,10:58,MESSI,LA DESPEDIDA DE MESSI ROMPIÓ EL RATING: TELEFE TOCÓ 36 PUNTOS Y TYCS TAMBIÉN VOLÓ,"La última función de Lionel Messi con la Selección Argentina tuvo números de televisión acordes a la magnitud del evento. Telefe alcanzó un pico de 36 puntos durante la transmisión del amistoso frente a Benín, una de las marcas más altas de la pantalla abierta en 2026. La audiencia creció de manera sostenida desde la previa y explotó cuando comenzó el partido en el Monumental.

El especial previo de Telefe terminó cerca de las 20 con 22,6 puntos. Durante el Himno Nacional subió hasta 29,3, el arranque del encuentro marcó 31,9 y la ovación organizada en el minuto 10 empujó la medición a 34,4. El primer tiempo llegó a un máximo de 35,2 y sobre el cierre de la victoria 3-0 la señal tocó los 36 puntos.

TyC Sports también registró cifras muy fuertes para una señal deportiva: la previa rondó los 9,1 puntos, la salida de los equipos llegó a 11 y con la pelota en juego alcanzó 12,8. La suma de ambas transmisiones llevó por momentos la audiencia conjunta a valores cercanos a los 50 puntos, confirmando que la despedida excedió ampliamente el estadio y paralizó también a la televisión argentina.",https://www.infobae.com/teleshow/2026/10/07/como-fue-el-rating-de-la-despedida-de-leo-messi-una-transmision-que-comenzo-varias-horas-antes-y-dejo-numeros-record/,https://media.a24.com/p/f4cd18b9f4b2195909611204527a0325/adjuntos/296/imagenes/009/828/0009828907/1200x675/smart/despedida-messi-1.png,Infobae,https://www.infobae.com/teleshow/2026/10/07/como-fue-el-rating-de-la-despedida-de-leo-messi-una-transmision-que-comenzo-varias-horas-antes-y-dejo-numeros-record/,,A24 / transmisión de la despedida,ALTA,,EXACTA,PUBLICAR,,FALSE,
SI,07/10/2026,10:57,MESSI,"LOS MEMES DE LA DESPEDIDA: LA SOLE, EL PAPU, NICO PAZ Y LOS DRONES COPARON LAS REDES","La despedida de Lionel Messi también tuvo su partido paralelo en las redes sociales. Mientras el Monumental vivía una noche de homenaje, los usuarios transformaron escenas del evento en memes que circularon durante y después del 3-0 ante Benín. La actuación de Soledad Pastorutti fue uno de los principales disparadores: hubo montajes sobre la emoción de Messi, bromas con la interacción entre el capitán y La Sole y hasta referencias a un agente de seguridad que apareció tendido sobre el césped durante el cierre.

Nico Paz también quedó en el centro de las publicaciones después de convertir el segundo gol, con mensajes que jugaron con la idea de una futura herencia de la camiseta número 10. Papu Gómez, que siguió el encuentro desde Medio Oriente, apareció en otro de los memes más compartidos sosteniendo un teléfono antiguo y “esperando el llamado” para la despedida.

El show de drones, los fuegos artificiales y distintas imágenes familiares de Messi completaron el repertorio. La creatividad de los usuarios acompañó la emoción general y dejó una colección de bromas que funcionó como otro registro de una noche histórica: lágrimas en el estadio, pero humor instantáneo en X.",https://www.infobae.com/deportes/2026/10/07/los-memes-que-dejo-la-despedida-de-messi-de-la-seleccion-argentina-la-sole-el-papu-gomez-y-el-show-de-drones-los-elegidos/,https://www.infobae.com/resizer/v2/A4JPCZKI5FFYLMX6HBZLBDQPFM.jpg?auth=e7ea5fd60c71516cd17a60cd11a513b98c1ca1df59b085dabd0d61ada81887a1&height=236&quality=85&smart=true&width=350,Infobae,https://www.infobae.com/deportes/2026/10/07/los-memes-que-dejo-la-despedida-de-messi-de-la-seleccion-argentina-la-sole-el-papu-gomez-y-el-show-de-drones-los-elegidos/,,Infobae / X — meme de la despedida,ALTA,,EXACTA,PUBLICAR,,FALSE,
SI,07/10/2026,10:56,MESSI,GIAY LE CAMBIÓ SU CAMPERÓN A LA SOLE POR EL PONCHO ALBICELESTE EN PLENO DISCURSO DE MESSI,"Agustín Giay encontró el momento para quedarse con uno de los objetos más llamativos de la despedida de Lionel Messi. Mientras el capitán hablaba ante todo el Monumental, el lateral se acercó a Soledad Pastorutti y le propuso un trueque: su camperón oficial de la Selección Argentina a cambio del poncho celeste y blanco que la cantante había utilizado durante su interpretación de “Brindis”.

La Sole aceptó la propuesta, se puso el abrigo de la AFA y le entregó el poncho al futbolista de Palmeiras. La escena ocurrió en el círculo central, rodeados por varios integrantes del plantel, que reaccionaron con risas ante la negociación improvisada. El intercambio quedó registrado en video y empezó a circular en redes pocas horas después.

El poncho tenía además una historia particular. Se trataba de una réplica artesanal del Poncho Bandera Catamarqueño, una creación vinculada a la familia de tejedores Rua Chaky, que Pastorutti había recibido en la última Fiesta Nacional del Poncho. Giay y La Sole comparten origen santafesino: el defensor nació en San Carlos Centro y la cantante en Arequito. Entre emoción y homenajes, el trueque terminó siendo una de las escenas más insólitas del cierre.",https://www.infobae.com/deportes/2026/10/07/un-futbolista-de-la-seleccion-argentina-le-pidio-intercambiar-el-poncho-a-la-sole-mientras-messi-daba-su-discurso-de-despedida/,https://www.infobae.com/resizer/v2/HK2HY3FTLJCHLKPJ6NQCOC7SOU.jpg?auth=ee2bee4201e0b697e8b6a4bcfaa9d1a238585c6cc2ef8a0e500813d0474b4044&height=232&quality=85&smart=true&width=350,Infobae,https://www.infobae.com/deportes/2026/10/07/un-futbolista-de-la-seleccion-argentina-le-pidio-intercambiar-el-poncho-a-la-sole-mientras-messi-daba-su-discurso-de-despedida/,,Infobae — poncho de La Sole,MEDIA,,EXACTA,PUBLICAR,,FALSE,
SI,07/10/2026,10:55,MESSI,"LA SOLE EMOCIONÓ A MESSI CON “BRINDIS”, LO ABRAZÓ Y SU PONCHO TAMBIÉN TUVO HISTORIA","Soledad Pastorutti protagonizó uno de los momentos musicales más fuertes de la despedida de Lionel Messi al interpretar “Brindis” sobre el césped del Monumental. El capitán siguió la canción junto a sus compañeros y la cantante reconoció después que verlo emocionado mientras cantaba la impactó de lleno. El encuentro terminó con un abrazo entre ambos y, poco después, La Sole también se fundió en un abrazo con Antonela Roccuzzo, que había seguido la presentación junto a sus hijos.

La elección de la canción no fue casual. “Brindis” quedó asociada desde hace años a grandes celebraciones y homenajes del deporte argentino, y volvió a sonar en el cierre de la etapa de Messi con la Selección. Pastorutti contó que estaba nerviosa y que la imagen del rosarino despidiéndose le resultaba difícil de procesar.

También llamó la atención el poncho celeste y blanco que utilizó. La prenda había sido confeccionada por artesanos catamarqueños y entregada a la cantante durante la última Fiesta Nacional del Poncho, celebrada el día de la final del Mundial 2026. Meses después, La Sole decidió usarla justamente para cantarle a Messi en su última noche albiceleste.",https://www.infobae.com/teleshow/2026/10/07/la-emocion-de-la-sole-despues-de-cantarle-a-lionel-messi-el-abrazo-con-antonela-y-la-historia-del-poncho-bandera/,https://assets.dev-filo.dift.io/img/2023/03/29/unnamed1215.jpg,Infobae,https://www.infobae.com/teleshow/2026/10/07/la-emocion-de-la-sole-despues-de-cantarle-a-lionel-messi-el-abrazo-con-antonela-y-la-historia-del-poncho-bandera/,,Filo News — archivo Soledad y Messi,ALTA,,TEMPORAL,PUBLICAR,,FALSE,
SI,07/10/2026,10:54,MESSI,GRUPO CALI EXPLICÓ POR QUÉ SE CORTÓ SU SHOW SORPRESA EN LA DESPEDIDA DE MESSI,"El show sorpresa de Sergio Torres y músicos vinculados a Grupo Cali terminó de una manera inesperada durante el cierre de la despedida de Lionel Messi. La presentación había comenzado mientras el capitán recorría por última vez el césped del Monumental acompañado por su familia, pero el sonido se interrumpió cuando estaba sonando “Amor de Chat” y el espectáculo no pudo continuar con normalidad.

Horas después, Grupo Cali publicó un comunicado para explicar lo ocurrido. La banda informó que el show fue suspendido por “causas de fuerza mayor” y señaló que la decisión estuvo relacionada con cuestiones de la organización, ajenas a los músicos. También pidió disculpas al público por no haber podido completar la actuación preparada para el homenaje.

El comunicado no detalló cuál fue el inconveniente técnico u operativo que provocó el corte. La secuencia había generado preguntas porque se trataba de la sorpresa musical anunciada para el último tramo de la fiesta. Pese al final abrupto, Sergio Torres alcanzó a acompañar la caminata de Messi y su familia, una escena que quedó entre las imágenes finales de la noche en Núñez.",https://www.infobae.com/teleshow/2026/10/07/el-comunicado-del-grupo-cali-luego-de-su-show-fallido-en-la-despedida-de-lionel-messi/,https://www.infobae.com/resizer/v2/TXYFRYBDOVFFZBS67DZNORNZ24.jpg?auth=70002e66c36f03cec731f17d99a83745d23ff4881d10ad52567609178793118b&height=622&quality=85&smart=true&width=350,Infobae,https://www.infobae.com/teleshow/2026/10/07/el-comunicado-del-grupo-cali-luego-de-su-show-fallido-en-la-despedida-de-lionel-messi/,,Infobae / Grupo Cali — ensayo en el Monumental,ALTA,,EXACTA,PUBLICAR,,FALSE,
SI,07/10/2026,10:53,MESSI,EL ÁRBITRO LE REGALÓ SUS TARJETAS A MESSI Y TERMINARON EN MANOS DE LA SOLE,"Fernando Véjar Díaz, árbitro chileno del amistoso entre Argentina y Benín, tuvo un gesto particular con Lionel Messi una vez terminado el 3-0 en el Monumental. El juez se acercó al capitán y le entregó las tarjetas amarilla y roja que había utilizado durante el partido, como recuerdo de su última presentación con la camiseta de la Selección Argentina.

La historia tuvo un segundo capítulo minutos después. Durante los homenajes posteriores, las cámaras enfocaron a Soledad Pastorutti y mostraron que la cantante tenía en sus manos esos mismos cartones. Según la cobertura televisiva, Messi se los había obsequiado a La Sole después de recibirlos del árbitro, justo en una parte de la ceremonia en la que la artista santafesina tuvo un protagonismo especial.

Pastorutti interpretó “Brindis”, abrazó a Messi y acompañó el discurso final del capitán desde el campo de juego. En medio de tantos regalos oficiales, camisetas y recuerdos preparados para la despedida, las tarjetas siguieron un recorrido inesperado: del bolsillo del árbitro a Messi y, finalmente, a una de las artistas centrales del homenaje. La curiosidad se volvió rápidamente una de las pequeñas historias de la noche.",https://tn.com.ar/deportes/futbol/2026/10/07/se-supo-que-paso-con-el-regalo-que-le-hizo-el-arbitro-a-messi-en-su-partido-despedida/,https://tn.com.ar/resizer/v2/messi-recibio-un-regalo-especial-por-parte-del-arbitro-foto-reuters-6TYRUFITKVRQLET2IADZ3QASPQ.CU?auth=9228389b087e469870a473f97e53433259931064fbe3dd1331b71a061a359223&width=767,TN,https://tn.com.ar/deportes/futbol/2026/10/07/se-supo-que-paso-con-el-regalo-que-le-hizo-el-arbitro-a-messi-en-su-partido-despedida/,,REUTERS / TN,MEDIA,,EXACTA,PUBLICAR,,FALSE,
SI,07/10/2026,10:52,MESSI,THIAGO ROMPIÓ EN LLANTO EN LOS BRAZOS DE MESSI Y ANTONELA SE SUMÓ AL ABRAZO,"La despedida de Lionel Messi tuvo uno de sus momentos más íntimos cuando Thiago, su hijo mayor, no pudo contener las lágrimas en el césped del Monumental. Después del partido y de los homenajes, la familia se reunió con el capitán dentro de la cancha y el adolescente terminó llorando abrazado a su papá frente a un estadio que todavía permanecía colmado.

La escena continuó con Antonela Roccuzzo acercándose al abrazo, también visiblemente emocionada. Mateo y Ciro acompañaron el encuentro familiar después de haber participado desde la previa de una jornada distinta para todos. Thiago había crecido viendo prácticamente toda la etapa ganadora de su padre con la Selección y vivió desde adentro el cierre definitivo de ese recorrido.

Las imágenes se multiplicaron rápidamente en redes porque mostraron la despedida desde otro lugar: lejos de los números, los títulos y las ovaciones, el final también fue un momento familiar. Messi había hablado durante la noche sobre las prioridades personales que influyeron en su decisión y, minutos después, el abrazo con sus hijos y Antonela terminó dándole una dimensión concreta a esas palabras.",https://tn.com.ar/deportes/futbol/2026/10/06/la-emocion-de-thiago-messi-durante-la-despedida-de-su-papa-de-la-seleccion-lloro-en-sus-brazos-frente-a-todo-el-monumental/,https://www.lanacion.com.ar/resizer/v2/lionel-messi-con-sus-hijos-partido-de-las-BC2C74GIMBDVROT7DSBJHODFPI.jpg?auth=a865ff2fe7b06930ae8bf798f58c4ac2a0cc361fb3230d7a7fbe20f291256c1e&height=675&quality=70&smart=true&width=1200,TN,https://tn.com.ar/deportes/futbol/2026/10/06/la-emocion-de-thiago-messi-durante-la-despedida-de-su-papa-de-la-seleccion-lloro-en-sus-brazos-frente-a-todo-el-monumental/,,LA NACION — archivo Messi con sus hijos,ALTA,,TEMPORAL,PUBLICAR,,FALSE,
SI,07/10/2026,10:51,MESSI,"MESSI ERRÓ UN GOL HECHO, SE INSULTÓ A SÍ MISMO Y EL “QUÉ PELOTUDO” EXPLOTÓ EN REDES","Lionel Messi ya había marcado de penal el 3-0 ante Benín cuando estuvo a centímetros de regalarle al Monumental un cuarto festejo en su despedida. Nicolás González llegó hasta el fondo por izquierda y lanzó un centro atrás, rasante, que encontró al capitán dentro del área chica y con el arquero prácticamente vencido. Messi buscó colocar el remate, pero la pelota pasó pegada a uno de los palos.

La reacción fue tan espontánea como viral. El 10 salió con bronca, pateó una pelota que estaba fuera del campo y, mientras regresaba a la cancha, las cámaras de la transmisión captaron cómo se reprochaba el error con un “qué pelotudo”. El fragmento comenzó a circular de inmediato y terminó convertido en uno de los momentos más comentados de una noche que había sido pensada para la emoción.

La secuencia mostró algo que acompañó a Messi hasta su último minuto con Argentina: aun con el partido resuelto, un gol convertido y dos asistencias, seguía enojándose por una oportunidad desperdiciada. Incluso en su homenaje, el costado competitivo del capitán apareció sin filtro y las redes se encargaron de transformarlo en viral.",https://www.infobae.com/deportes/2026/10/07/lo-que-no-se-vio-de-la-despedida-de-messi-la-secuencia-de-su-gol-desde-la-platea-el-blooper-de-los-drones-y-las-jugadas-que-lo-hicieron-enojar/,https://i0.wp.com/efe.com/wp-content/uploads/2026/10/0101.webp?fit=900%2C600&ssl=1,Infobae,https://www.infobae.com/deportes/2026/10/07/lo-que-no-se-vio-de-la-despedida-de-messi-la-secuencia-de-su-gol-desde-la-platea-el-blooper-de-los-drones-y-las-jugadas-que-lo-hicieron-enojar/,,Juan Ignacio Roncoroni / EFE,ALTA,,EXACTA,PUBLICAR,,FALSE,
SI,07/10/2026,10:50,MESSI,EL BLOOPER DE LOS DRONES: MOSTRARON A MESSI PATEANDO CON LA DERECHA Y SE VOLVIÓ VIRAL,"El espectáculo de drones que cerró buena parte de la despedida de Lionel Messi dejó una perlita que las redes detectaron enseguida. Después de formar en el cielo del Monumental la camiseta con el nombre del capitán y el histórico número 10, la coreografía recreó una silueta del rosarino pateando una pelota. El detalle inesperado fue que la figura aparecía rematando con la pierna derecha, justamente la menos utilizada por Messi a lo largo de su carrera.

La escena duró apenas unos segundos, pero alcanzó para que las capturas empezaran a circular mientras todavía continuaban los homenajes. Entre tanta emoción, el error visual se transformó rápidamente en uno de los bloopers de la noche y generó comentarios irónicos sobre el homenaje al zurdo más famoso del fútbol argentino.

El show había sido preparado como uno de los grandes cierres de la jornada y también incluyó distintas figuras relacionadas con la Selección y la carrera del capitán. El pequeño detalle de la pierna, sin embargo, terminó encontrando vida propia en redes y sumó una cuota involuntaria de humor a una despedida cargada de lágrimas, música y ovaciones.",https://www.infobae.com/deportes/2026/10/07/lo-que-no-se-vio-de-la-despedida-de-messi-la-secuencia-de-su-gol-desde-la-platea-el-blooper-de-los-drones-y-las-jugadas-que-lo-hicieron-enojar/,https://www.infobae.com/resizer/v2/6A64FZPLO5CWXDGFW4VWNVEF2Y.jpg?auth=59a409639b7f75ddb19cd9200a8a485db8985770854c0f9a90c3a9d6508769cb&height=233&quality=85&smart=true&width=350,Infobae,https://www.infobae.com/deportes/2026/10/07/lo-que-no-se-vio-de-la-despedida-de-messi-la-secuencia-de-su-gol-desde-la-platea-el-blooper-de-los-drones-y-las-jugadas-que-lo-hicieron-enojar/,,Luis Robayo / AFP / Infobae,ALTA,,TEMPORAL,PUBLICAR,,FALSE,
SI,07/10/2026,09:05,FÚTBOL ARGENTINO,MARCOS ROJO RESCINDIÓ CON RACING Y QUEDÓ LISTO PARA VOLVER A ESTUDIANTES,"Marcos Rojo terminó de acordar su desvinculación de Racing y quedó en condiciones de incorporarse a Estudiantes. El defensor cerró un ciclo breve y conflictivo en Avellaneda luego de varias negociaciones entre los clubes y de su decisión de ausentarse de entrenamientos para acelerar una salida que buscaba desde hacía días.

El acuerdo contempla un resarcimiento cercano a los 800 mil dólares por los tres meses de contrato que todavía debía cumplir, más objetivos vinculados a los partidos que dispute y terminen con victoria de Estudiantes. Rojo también resignará parte de la deuda que Racing mantenía con él. En La Plata lo esperan para firmar hasta diciembre de 2027 y comenzar su tercera etapa en el club.

Alexander Medina pidió experiencia para las semifinales de la Copa Libertadores ante Flamengo, especialmente porque Leandro González Pirez y Tomás Palacios están suspendidos para la ida. Rojo, campeón de América con el Pincha en 2009, disputó 54 partidos y convirtió cuatro goles en sus ciclos anteriores. Su regreso tendrá además el desafío de recomponer el vínculo con una hinchada que cuestionó su frustrado retorno de 2020 y su posterior paso por Boca.",https://nortenoticias.com.ar/nota/2026/10/07/marcos-rojo-ya-se-desvinculo-de-racing-y-se-suma-a-estudiantes.html,https://media.tycsports.com/files/2025/07/13/861849/marcos-rojo_416x234.webp,Norte Noticias / TyC Sports,https://nortenoticias.com.ar/nota/2026/10/07/marcos-rojo-ya-se-desvinculo-de-racing-y-se-suma-a-estudiantes.html,,TyC Sports — archivo,ALTA,,TEMPORAL,PUBLICAR,,FALSE,
SI,07/10/2026,09:04,FÚTBOL INTERNACIONAL,ZIDANE ACELERÓ EL RECAMBIO DE FRANCIA Y YA SUMÓ NUEVAS CARAS EN TODAS LAS LÍNEAS,"Zinedine Zidane inició su ciclo al frente de la selección de Francia con tres victorias y un empate por la Nations League, pero su primera marca fuerte aparece en la renovación del plantel. Después de 14 años con Didier Deschamps, el nuevo entrenador abrió espacio para futbolistas jóvenes y dejó fuera del proyecto a varios nombres históricos.

En el arco aparecieron Guillaume Restes, de 21 años, y Jean Butez. La defensa incorporó a Jérémy Jacquet y Leny Yoro como zagueros, además de Andy Diouf y Adrien Truffert para los laterales. En el mediocampo, Lucas Da Cunha se ganó un lugar tras destacarse en Como junto al argentino Nicolás Paz, mientras Esteban Lepaul irrumpió en el ataque después de ser goleador de la liga francesa.

El movimiento también incluyó decisiones de peso: Zidane cerró la puerta a los regresos de Karim Benzema y N’Golo Kanté y redujo el protagonismo de otros integrantes del ciclo anterior. Francia mantiene una base de elite, pero comenzó a construir variantes pensando en el próximo proceso internacional. Los primeros resultados respaldaron una transición que ya modificó jerarquías y competencia interna.",https://www.tycsports.com/futbol-internacional/empezo-una-nueva-era-las-caras-nuevas-que-introdujo-zidane-en-la-seleccion-de-francia-id764535.html,https://media.tycsports.com/files/2026/10/06/993300/zidane_416x555.webp,TyC Sports,https://www.tycsports.com/futbol-internacional/empezo-una-nueva-era-las-caras-nuevas-que-introdujo-zidane-en-la-seleccion-de-francia-id764535.html,,@equipedefrance / TyC Sports,MEDIA,,EXACTA,PUBLICAR,,FALSE,
SI,07/10/2026,09:03,ASCENSO,LOS GOLEADORES VETERANOS QUE SIGUEN VIGENTES EN EL ASCENSO ARGENTINO,"El Ascenso argentino conserva una colección de delanteros con pasado en Primera que siguen siendo determinantes cerca de los 40 años. Juan Ignacio Sánchez Sotelo, de 38, lleva diez goles para Güemes en la Primera Nacional; Emanuel Dening, de 37, aporta siete tantos al Ferro que pelea arriba; y Cristian Menéndez, también de 38, suma seis festejos con Gimnasia de Jujuy.

Gabriel Hauche mantiene su vigencia en Temperley a los 39 años y es uno de los principales anotadores del equipo con seis goles. Rodrigo Salinas, de 40, convirtió ocho veces para Villa San Carlos en la Primera B Metropolitana, mientras Gervasio Núñez, de 38, marcó nueve tantos y ayudó a San Martín de Formosa a alcanzar las semifinales del Federal A.

El repaso muestra que la experiencia sigue teniendo peso en categorías que exigen continuidad, adaptación y conocimiento del área. Varios de ellos ya no cuentan con la explosión de sus mejores temporadas, pero conservan lectura de juego, ubicación y eficacia. Sus números los mantienen como referentes deportivos y piezas decisivas en las peleas por ascensos y permanencias.",https://www.tycsports.com/al-angulo/viejos-son-los-trapos-los-futbolistas-con-pasado-en-primera-que-siguen-haciendo-goles-en-el-ascenso-id764546.html,https://media.tycsports.com/files/2026/10/06/993368/goleadores_416x234.webp,TyC Sports,https://www.tycsports.com/al-angulo/viejos-son-los-trapos-los-futbolistas-con-pasado-en-primera-que-siguen-haciendo-goles-en-el-ascenso-id764546.html,,TyC Sports,MEDIA,,EXACTA,PUBLICAR,,FALSE,
SI,07/10/2026,09:02,RIVER,PONZIO EVALÚA DOS CAMINOS PARA REEMPLAZAR A THIAGO ALMADA EN RIVER,"River volverá a competir el sábado a las 21.30 frente a Estudiantes de Río Cuarto después de 21 días sin partidos oficiales y Leonardo Ponzio analiza cómo reemplazar a Thiago Almada. El mediocampista evoluciona del desgarro grado II que sufrió en el cuádriceps izquierdo, pero el cuerpo técnico no quiere apurar su regreso en una etapa decisiva del Torneo Clausura.

Lautaro Pereyra aparece como la opción que corre con ventaja. El juvenil de 18 años mostró un buen nivel en los amistosos ante Vélez y Atlético Escobar y convirtió el gol del triunfo de los titulares frente al conjunto del Federal A. Desde su debut acumula 12 partidos, un gol y una asistencia, aunque todavía no tuvo minutos bajo la conducción de Ponzio.

La otra alternativa es modificar la estructura e incluir a Lucas Beltrán para formar una dupla ofensiva con Sebastián Driussi, con Ángel Correa unos metros más atrás. River también recuperó a Tobías Andrada, quien recibió el alta médica, mientras Aníbal Moreno avanza en su puesta a punto. La decisión final dependerá de la evolución de Almada y del ensayo táctico de la semana.",https://www.tycsports.com/river-plate/opciones-ponzio-reemplazar-almada-estudiantes-rio-cuarto-id764653.html,https://media.tycsports.com/files/2026/10/06/993557/leonardo-ponzio_416x234.webp?v=2,TyC Sports,https://www.tycsports.com/river-plate/opciones-ponzio-reemplazar-almada-estudiantes-rio-cuarto-id764653.html,,@RiverPlate / TyC Sports,ALTA,,EXACTA,PUBLICAR,,FALSE,
SI,07/10/2026,09:01,BOCA,JOAQUÍN RUIZ SUBIÓ A PRIMERA EN BOCA TRAS LA LESIÓN DE ALAN VELASCO,"Rodolfo Arruabarrena sumó a Joaquín Ruiz a los entrenamientos del plantel profesional de Boca para compensar las bajas de Tomás Belmonte y Alan Velasco. El juvenil, categoría 2006, es uno de los capitanes de la Reserva que dirige Mariano Herrón y ya tuvo tres ingresos en Primera, con 38 minutos acumulados.

Ruiz nació en Tandil y comenzó su recorrido como extremo izquierdo, una posición en la que se destacaba por velocidad, gambeta y llegada al área. Durante su etapa más reciente en Reserva amplió su repertorio: se consolidó como lateral por izquierda y también puede actuar como volante por ese sector, aprovechando su formación ofensiva para proyectarse.

El llamado llegó después de que convirtiera ante Independiente y alcanzara los siete goles en el Torneo Proyección. Además, suma seis asistencias y dos títulos en la categoría. Su incorporación le brinda al Vasco una alternativa joven y polifuncional en una semana condicionada por lesiones, mientras Boca prepara la visita a Instituto por el Torneo Clausura.",https://www.tycsports.com/boca-juniors/quien-es-joaquin-ruiz-el-nuevo-juvenil-que-subio-rodolfo-arruabarrena-en-boca-id764543.html,https://media.tycsports.com/files/2026/10/06/993318/el-festejo-de-joaquin-ruiz-tras-convertirle-a-newells-en-reserva_416x234.webp,TyC Sports,https://www.tycsports.com/boca-juniors/quien-es-joaquin-ruiz-el-nuevo-juvenil-que-subio-rodolfo-arruabarrena-en-boca-id764543.html,,TyC Sports — Reserva de Boca,ALTA,,EXACTA,PUBLICAR,,FALSE,
SI,07/10/2026,09:00,SELECCIÓN ARGENTINA,CHIQUI TAPIA DESPIDIÓ A MESSI CON UNA CARTA: “MI HÉROE FAVORITO”,"Claudio Tapia publicó una carta dedicada a Lionel Messi después de su último partido con la Selección Argentina. El presidente de la AFA evitó centrar el mensaje en estadísticas y títulos y eligió describir la huella humana del capitán: su humildad, la manera de trabajar aun cuando ya no tenía nada que demostrar y el compromiso que sostuvo incluso en los momentos más duros.

El texto recorre las críticas, las derrotas y las veces en que Messi pudo haberse alejado, antes de recordar la consagración en la Copa América, la Finalissima en Wembley y el Mundial de Qatar. Tapia también destacó que el rosarino logró unir generaciones enteras alrededor de la camiseta argentina, un legado que, según planteó, excede cualquier trofeo.

En el cierre, el dirigente sostuvo que terminó un ciclo pero no la historia de Messi y lo definió como el capitán, el campeón, el número 10 y su “héroe favorito”. La publicación prolongó los homenajes posteriores a la despedida en el Monumental y ratificó que la casa de la Selección seguirá abierta para el futbolista más importante de su historia.",https://www.tycsports.com/seleccion-argentina/la-carta-de-chiqui-tapia-para-despedir-a-messi-mi-heroe-favorito-id764673.html,https://resizer.glanacion.com/resizer/v2/lionel-messi-se-abraza-con-chiqui-tapia-en-el-6V2R4WJQIJC4NFCIDQ5MDUNV5A.JPG?auth=d7b976302a607a28a6777b439dd42ae3970828e7110dc076c377303d18f99644&height=800&quality=70&smart=false&width=1200,TyC Sports,https://www.tycsports.com/seleccion-argentina/la-carta-de-chiqui-tapia-para-despedir-a-messi-mi-heroe-favorito-id764673.html,,LA NACION — archivo,ALTA,,TEMPORAL,PUBLICAR,,FALSE,
SI,07/10/2026,07:05,FÓRMULA 1,"COLAPINTO ANTICIPÓ UN GP DE SINGAPUR EXTREMO POR EL CALOR, LA HUMEDAD Y LOS MUROS","Franco Colapinto comenzó a palpitar el Gran Premio de Singapur después de remontar ocho posiciones y terminar 13° en Malasia. El piloto argentino de Alpine advirtió que Marina Bay será uno de los fines de semana más exigentes de la temporada por la combinación de calor, humedad, superficie irregular y paredes muy cercanas.

Colapinto destacó que el trazado callejero es técnico, implacable y especialmente atractivo bajo las luces. También señaló que el formato Sprint reducirá el tiempo de preparación: habrá un solo entrenamiento antes de la clasificación de la carrera corta, por lo que Alpine deberá encontrar rápidamente la puesta a punto adecuada.

La actividad comenzará el viernes a las 5.30 de Argentina con la práctica libre y seguirá a las 9.30 con la clasificación Sprint. El sábado se disputarán la carrera corta y la clasificación principal, mientras que el Gran Premio se correrá el domingo desde las 9.00. Colapinto apuntará a aprovechar el impulso de Malasia y volver a pelear por sus primeros puntos con el equipo.",https://www.tycsports.com/automovilismo/colapinto-palpito-gp-singapur-formula-1-id764619.html,https://media.tycsports.com/files/2026/10/04/992824/franco-colapinto_416x234.webp,TyC Sports,https://www.tycsports.com/automovilismo/colapinto-palpito-gp-singapur-formula-1-id764619.html,,Jayce Illman / Getty Images / TyC Sports,ALTA,,TEMPORAL,PUBLICAR,,FALSE,
SI,07/10/2026,07:04,VÉLEZ,RONALDO MARTÍNEZ CAMBIÓ TALLERES POR VÉLEZ Y MARCÓ SEIS GOLES EN CUATRO FECHAS,"Ronaldo Martínez encontró en Vélez la continuidad que había perdido en Talleres y respondió con seis goles en apenas cuatro fechas del Torneo Clausura. El delantero paraguayo llegó a préstamo por un año y medio, con cargo y obligación de compra, para cubrir las salidas de Brian Romero y Florian Monzón.

Después de debutar sin convertir ante Boca por la Copa Argentina, Martínez anotó frente a Estudiantes y Newell’s y luego firmó dobletes contra Tigre y Platense. Con siete goles en el campeonato —uno todavía correspondiente a su etapa en Talleres— quedó a uno de Agustín Módica, líder de la tabla, y comparte el segundo puesto con Alex Arce.

La racha contrasta con su último tramo en Córdoba, donde había perdido lugar con Jorge Sampaoli. En Liniers recuperó minutos, confianza y presencia en el área, y se transformó rápidamente en una de las principales cartas ofensivas del equipo de Guillermo Barros Schelotto.",https://www.tycsports.com/liga-profesional-de-futbol/la-revancha-de-ronaldo-martinez-de-relegado-en-talleres-a-goleador-en-velez-id764539.html,https://media.tycsports.com/files/2026/10/06/993298/ronaldo-martinez_416x234.webp?v=1,TyC Sports,https://www.tycsports.com/liga-profesional-de-futbol/la-revancha-de-ronaldo-martinez-de-relegado-en-talleres-a-goleador-en-velez-id764539.html,,Fotobaires / TyC Sports,MEDIA,,EXACTA,PUBLICAR,,FALSE,
SI,07/10/2026,07:03,FÚTBOL ARGENTINO,BARONI Y ESCOBAR FUERON ELEGIDOS ENTRE LAS 60 MEJORES PROMESAS DEL MUNDO,"Giovanni Baroni, de Talleres, y Simón Escobar, de Vélez, fueron incluidos por The Guardian en una selección internacional de 60 futbolistas nacidos en 2009. La lista no establece un orden jerárquico, pero coloca a los dos juveniles argentinos dentro de una generación que ya comienza a llamar la atención de clubes y selecciones.

Baroni debutó en Primera a comienzos de 2026, acumuló 19 partidos y tres asistencias y recibió la camiseta número 10 de Talleres. Su crecimiento le permitió ganar un lugar estable en el plantel profesional y despertar seguimiento desde Europa.

Escobar, defensor de Vélez, comenzó a sumar minutos en mayo y sus actuaciones llevaron a Lionel Scaloni a citarlo para amistosos de preparación de la Selección Argentina antes del Mundial. La presencia de ambos en la nómina internacional vuelve a destacar el trabajo formativo del fútbol argentino y anticipa dos nombres a seguir en los próximos mercados.",https://www.tycsports.com/futbol-internacional/joyas-argentinas-60-mejores-promesas-mundo-id764611.html,https://media.tycsports.com/files/2026/10/06/993437/giovanni-baroni-y-simon-escobar_416x234.webp,TyC Sports,https://www.tycsports.com/futbol-internacional/joyas-argentinas-60-mejores-promesas-mundo-id764611.html,,Prensa Talleres / Prensa Vélez / TyC Sports,MEDIA,,EXACTA,PUBLICAR,,FALSE,
SI,07/10/2026,07:02,RIVER,RIVER NECESITA RECUPERAR LOS GOLES DE DRIUSSI PARA LA RECTA FINAL DEL CLAUSURA,"Sebastián Driussi continúa como el delantero elegido por Leonardo Ponzio para encabezar el ataque de River, pero llega a la recta final con una sequía de tres partidos oficiales. No convirtió frente a Independiente Rivadavia, Atlético Tucumán ni Huracán y su nivel bajó después de una temporada atravesada por distintas molestias musculares.

El atacante suma 19 goles en 59 encuentros desde su regreso al club en 2025 y mantiene un peso importante por su capacidad para asociarse, moverse entre líneas y definir. River necesita que recupere eficacia en los seis partidos que restan de la fase regular, especialmente después de perder a Thiago Almada por lesión y de cortar ante Huracán una racha de tres victorias.

Lucas Beltrán es la primera alternativa y Rafael Santos Borré aparece más atrás, aunque ambos también atraviesan una producción goleadora limitada. Driussi volvería a ser titular este sábado, con la misión de recuperar continuidad y potencia ofensiva en un tramo decisivo para la clasificación.",https://www.tycsports.com/river-plate/river-driussi-sequia-goleadora-regreso-lesion-estudiantes-rio-cuarto-id764603.html,https://media.tycsports.com/files/2026/10/06/993428/sebastian-driussi-en-el-entrenamiento-de-river_416x234.webp?v=1,TyC Sports,https://www.tycsports.com/river-plate/river-driussi-sequia-goleadora-regreso-lesion-estudiantes-rio-cuarto-id764603.html,,Prensa River / TyC Sports,MEDIA,,EXACTA,PUBLICAR,,FALSE,
SI,07/10/2026,07:01,BOCA,PAREDES PODRÍA DESCANSAR ANTE INSTITUTO Y BOCA YA ANALIZA SUS REEMPLAZANTES,"Rodolfo Arruabarrena evalúa preservar a Leandro Paredes en la visita de Boca a Instituto, prevista para este viernes en el estadio Mario Alberto Kempes. El capitán acumuló una carga intensa desde el Mundial 2026, disputó 14 partidos con el Xeneize y arrastra una molestia que no le impidió jugar, aunque sí condicionó algunas tareas con pelota detenida.

La decisión no está confirmada, pero el cuerpo técnico considera el calendario inmediato: Boca pelea la tabla anual y, al mismo tiempo, se aproxima la serie de semifinales de la Copa Sudamericana ante Vasco da Gama. Camilo Rey Domenech aparece como primera opción para ocupar el mediocampo tras superar un desgarro.

También existe la alternativa de formar un doble cinco con Milton Delgado y Williams Alarcón, dejando a Santiago Ascacibar en una posición más adelantada. Rodrigo Battaglia, que lleva casi un año sin sumar minutos oficiales, tiene posibilidades de regresar a la convocatoria y ampliar las variantes del entrenador.",https://www.tycsports.com/boca-juniors/leandro-paredes-podria-tener-descanso-en-la-visita-de-boca-a-instituto-id764555.html,https://media.tycsports.com/files/2026/09/29/991588/paredes-boca_416x234.webp?v=1,TyC Sports,https://www.tycsports.com/boca-juniors/leandro-paredes-podria-tener-descanso-en-la-visita-de-boca-a-instituto-id764555.html,,Prensa Boca / TyC Sports,ALTA,,TEMPORAL,PUBLICAR,,FALSE,
SI,07/10/2026,07:00,BOCA,UN GIRO JUDICIAL REABRIÓ LA POSIBILIDAD DE QUE VASCO-BOCA SE JUEGUE EN EL MARACANÁ,"La sede de la revancha entre Vasco da Gama y Boca por las semifinales de la Copa Sudamericana volvió a quedar abierta. La Procuraduría General de Justicia del Ministerio Público de Río de Janeiro recomendó al consorcio que administran Flamengo y Fluminense que ponga el Maracaná a disposición de Vasco, pese a que la Justicia había rechazado previamente el pedido del club.

El organismo dio 48 horas para responder y advirtió que una negativa sin fundamentos individualizados podría implicar un incumplimiento del contrato de concesión. Flamengo reaccionó con un comunicado en el que cuestionó la intervención del Ministerio Público y defendió que la decisión debe apoyarse en informes técnicos sobre el estado del campo.

Vasco necesita informar una sede a la Conmebol antes del 10 de octubre. São Januário no cumple las exigencias reglamentarias y el Nilton Santos, con césped sintético, sigue como alternativa. El nuevo escenario judicial mantiene al Maracaná en carrera y agrega incertidumbre a la planificación de Boca.",https://www.tycsports.com/boca-juniors/el-giro-judicial-que-podria-llevar-la-vuelta-entre-vasco-da-gama-y-boca-al-maracana-id764568.html,https://media.tycsports.com/files/2026/10/05/993275/maracana_416x234.webp?v=1,TyC Sports,https://www.tycsports.com/boca-juniors/el-giro-judicial-que-podria-llevar-la-vuelta-entre-vasco-da-gama-y-boca-al-maracana-id764568.html,,Getty Images / TyC Sports,ALTA,,TEMPORAL,PUBLICAR,,FALSE,
SI,07/10/2026,06:14,MESSI,SERGIO TORRES Y GRUPO CALI LE PUSIERON MÚSICA AL ÚLTIMO PASILLO DE MESSI EN EL MONUMENTAL,"La última caminata de Lionel Messi por el césped del Monumental como jugador de la Selección tuvo una banda sonora especialmente elegida. Sergio Torres y Darío Zanco, vinculados históricamente con Grupo Cali, tocaron mientras el capitán se retiraba acompañado por Antonela Roccuzzo, sus hijos y otros familiares después del discurso final.

La elección no fue casual. Messi reconoció desde muy joven su admiración por la música de Torres y la relación entre ambos se remonta a los años previos al Mundial de Alemania 2006. Con el tiempo, el cantante participó de celebraciones familiares del rosarino y mantuvo un vínculo personal con su entorno.

El show sorpresa cerró una grilla que había tenido a Damas Gratis, Ulises Bueno, Soledad Pastorutti y otros artistas. En el último tramo, la cumbia santafesina acompañó literalmente la salida de Messi del estadio: mientras sonaba la música, el 10 caminó con su familia por un pasillo formado sobre el campo de juego. Fue una escena íntima dentro de un homenaje multitudinario y una de las imágenes finales de su despedida.",https://www.infobae.com/teleshow/2026/10/07/asi-fueron-los-shows-de-la-despedida-de-lionel-messi-del-abrazo-del-capitan-con-la-sole-a-la-sorpresa-de-sergio-torres/,https://www.infobae.com/resizer/v2/7PABDWHWDVCDDJE5A7OTS2K5HM.png?auth=7d563fe198a4a0de00a08effa1329a746c25b647fab8fbdbca3fe43389e393de&height=197&quality=85&smart=true&width=350,Infobae Teleshow / TyC Sports,https://www.infobae.com/teleshow/2026/10/07/asi-fueron-los-shows-de-la-despedida-de-lionel-messi-del-abrazo-del-capitan-con-la-sole-a-la-sorpresa-de-sergio-torres/,https://www.tycsports.com/seleccion-argentina/cronograma-de-la-despedida-de-messi-en-argentina-a-que-hora-es-shows-en-vivo-y-donde-ver-por-tv-op-id764509.html,Infobae / transmisión oficial,ALTA,,EXACTA,PUBLICAR,,FALSE,
SI,07/10/2026,06:13,MESSI,MESSI SOBRE LA FINAL DEL MUNDIAL 2026: “NO PASÓ NADA RARO”,"En su discurso de despedida, Lionel Messi aprovechó para referirse a una de las discusiones que quedaron abiertas después del Mundial 2026: la derrota de Argentina ante España en la final. El capitán rechazó las teorías que circularon sobre supuestas situaciones extrañas alrededor del partido y fue categórico al afirmar que “no pasó nada raro”.

Messi explicó que el equipo llegó a la definición después de un desgaste enorme en la semifinal contra Inglaterra. Según recordó, aquel encuentro demandó muchísimo tanto desde lo físico como desde lo emocional y condicionó la recuperación para el último partido del torneo.

El rosarino subrayó que Argentina estuvo muy cerca de volver a ser campeona y defendió la entrega de todos sus compañeros, tanto de los que participaron en ese Mundial como de quienes formaron parte del proceso durante los años anteriores. La aclaración apareció dentro de un discurso mucho más amplio sobre su carrera, pero tuvo peso propio porque puso en palabras del protagonista una explicación directa sobre la última gran frustración de su etapa con la Selección.",https://www.tycsports.com/seleccion-argentina/lionel-messi-les-puso-fin-teorias-conspirativas-sobre-mundial-2026-no-paso-nada-raro-como-se-dice-id764665.html,https://media.tycsports.com/files/2026/10/06/993619/messi-discurso_416x234.webp?v=1,TyC Sports,https://www.tycsports.com/seleccion-argentina/lionel-messi-les-puso-fin-teorias-conspirativas-sobre-mundial-2026-no-paso-nada-raro-como-se-dice-id764665.html,https://x.com/DiarioOle/status/2107677140497895646,TyC Sports — discurso de Messi en el Monumental,ALTA,,EXACTA,PUBLICAR,,FALSE,
SI,07/10/2026,06:12,MESSI,"BENÍN DESPIDIÓ A MESSI CON UNA ESTATUILLA, UNA ROSA Y UNA CARTA ESCRITA POR EL PLANTEL","La selección de Benín también quiso formar parte de la despedida de Lionel Messi y preparó varios regalos para el capitán argentino antes del amistoso en el Monumental. En el momento del sorteo, Sessi D’Almeida se acercó al número 10 con un banderín, una rosa, una carta escrita a mano por los jugadores africanos y una réplica de la Estatua de la Amazona, uno de los símbolos más reconocidos de su país.

D’Almeida intentó explicarle en español el significado de la figura y aclaró que estaba pensada especialmente para Antonela Roccuzzo. En Benín, la Amazona representa la fuerza y el coraje de las mujeres y remite a las históricas guerreras de Dahomey.

Messi recibió los obsequios con una sonrisa, agradeció el gesto y posó junto al capitán visitante y los árbitros antes del inicio del partido. El detalle se sumó a los numerosos homenajes de una noche que también tuvo música, ovaciones y regalos de distintas figuras del fútbol. La carta colectiva de Benín agregó un reconocimiento internacional al cierre de la carrera de Messi con Argentina.",https://www.tycsports.com/seleccion-argentina/una-estatuilla-una-rosa-y-hasta-una-carta-los-regalos-que-recibio-messi-en-la-previa-de-su-despedida-de-la-seleccion-argentina-id764650.html,https://media.tycsports.com/files/2026/10/06/993579/lionel-messi_416x234.webp?v=1,TyC Sports,https://www.tycsports.com/seleccion-argentina/una-estatuilla-una-rosa-y-hasta-una-carta-los-regalos-que-recibio-messi-en-la-previa-de-su-despedida-de-la-seleccion-argentina-id764650.html,https://www.tycsports.com/video/seleccion-argentina/una-estatuilla-una-rosa-y-hasta-una-carta-los-regalos-que-recibio-messi-en-la-previa-de-su-despedida-de-la-seleccion-argentina-id993596.html,Getty Images / TyC Sports,ALTA,,EXACTA,PUBLICAR,,FALSE,
SI,07/10/2026,06:11,MESSI,"ENZO FERNÁNDEZ SE QUEBRÓ DURANTE EL DISCURSO DE MESSI: “LO QUE LLORÉ, TERRIBLE”","Enzo Fernández fue una de las imágenes más emotivas del cierre de la despedida de Lionel Messi. Mientras el capitán hablaba en el centro del Monumental, el mediocampista no pudo contener las lágrimas y terminó quebrado frente a sus compañeros. La escena se viralizó de inmediato porque resume una historia que comenzó mucho antes de que ambos compartieran vestuario.

En 2016, cuando tenía 15 años, Enzo había escrito una carta pública para pedirle a Messi que no abandonara la Selección después de la Copa América Centenario. Años más tarde llegó a jugar junto a su ídolo y terminó siendo campeón del mundo a su lado en Qatar 2022.

Tras el homenaje, Fernández reconoció la intensidad del momento y dijo que había vivido una noche con muchas sensaciones encontradas. También expresó su deseo de que Messi hubiera podido disfrutar del cariño recibido y admitió cuánto lo extrañará el plantel. Su llanto se convirtió en una de las postales más humanas del último partido del 10 con la camiseta argentina.",https://www.lanacion.com.ar/deportes/el-llanto-desconsolado-de-enzo-fernandez-al-escuchar-a-lionel-messi-hablar-en-su-despedida-nid06102026/,https://media.c5n.com/p/a4885955467abb8fa88140b713bb552a/adjuntos/326/imagenes/000/396/0000396789/790x0/smart/lionel-messi.png,LA NACION,https://www.lanacion.com.ar/deportes/el-llanto-desconsolado-de-enzo-fernandez-al-escuchar-a-lionel-messi-hablar-en-su-despedida-nid06102026/,https://x.com/DiarioOle/status/2107671208657322456,C5N — archivo Enzo Fernández y Lionel Messi,ALTA,,TEMPORAL,PUBLICAR,,FALSE,
SI,07/10/2026,06:10,MESSI,SCALONI SOBRE EL DÍA DESPUÉS DE MESSI: “ESA AURA NO SE LA VI A NADIE EN MI VIDA”,"Lionel Scaloni habló después del 3-0 ante Benín y dejó una de las definiciones más fuertes de la noche sobre lo que empieza para la Selección Argentina sin Lionel Messi. El entrenador admitió que el recambio será difícil porque, más allá de poder construir otro gran equipo, hay una presencia que considera imposible de reproducir.

Scaloni explicó que la sensación de tener a Messi dentro de la cancha era incomparable y que nunca vio en otro futbolista el “aura” que generaba el capitán. También remarcó que el cuerpo técnico buscará nuevas herramientas colectivas para compensar una ausencia que no tendrá reemplazo individual.

El DT se mostró confiado en los jóvenes que comenzaron a ganar espacio durante esta fecha FIFA y aseguró que el equipo está preparado para atravesar momentos más complejos. Sobre su continuidad, señaló que todavía no hay novedades formales, aunque deslizó que, si todo marcha bien, seguirá al frente del seleccionado. Para Scaloni, el mayor legado de Messi será el ejemplo que deja para los que vienen.",https://tn.com.ar/deportes/futbol/2026/10/07/fue-un-sueno-haberlo-dirigido-el-emotivo-mensaje-de-scaloni-para-messi-tras-su-despedida-de-la-seleccion-argentina/,https://tn.com.ar/resizer/v2/lionel-scaloni-entrenador-de-la-seleccion-argentina-foto-reutersrodrigo-valle-MRSQ6OGAXO2YYXYMMK2XQLI6D4.c?auth=05ac7e4ba85534d266e3ee188fafec045cd3565a94b05fc5cec55b3f506214f7&width=767,TN,https://tn.com.ar/deportes/futbol/2026/10/07/fue-un-sueno-haberlo-dirigido-el-emotivo-mensaje-de-scaloni-para-messi-tras-su-despedida-de-la-seleccion-argentina/,https://x.com/DiarioOle/status/2107669330188288367,REUTERS/Rodrigo Valle / TN,ALTA,,EXACTA,PUBLICAR,,FALSE,
SI,06/10/2026,23:15,MESSI,“GRACIAS ETERNAS”: LA DESPEDIDA DE MESSI RECORRIÓ LOS MEDIOS DE TODO EL MUNDO,"La última función de Lionel Messi con Argentina tuvo repercusión inmediata fuera del país. Medios de Brasil, Europa y Estados Unidos destacaron el clima del Monumental, las lágrimas del capitán y su participación directa en los tres goles del triunfo ante Benín.

La prensa brasileña resumió la jornada con la idea de “gracias eternas”, mientras distintos diarios europeos pusieron el foco en el último gol, las ovaciones y el cierre de una era de 21 años. También resaltaron sus cifras definitivas: 208 partidos y 126 goles con la camiseta de la Selección mayor.

El impacto internacional confirmó que la despedida excedió ampliamente al amistoso. El minuto 10 detenido para homenajearlo, el gol de penal y el discurso posterior al partido fueron algunas de las imágenes que se replicaron con mayor fuerza alrededor del mundo.",https://www1.folha.uol.com.br/esporte/2026/10/gracias-eternas-imprensa-internacional-celebra-despedida-de-messi.shtml,https://i0.wp.com/efe.com/wp-content/uploads/2026/10/0101.webp?fit=900%2C600&ssl=1,Folha de S.Paulo / agencias internacionales,https://www1.folha.uol.com.br/esporte/2026/10/gracias-eternas-imprensa-internacional-celebra-despedida-de-messi.shtml,,Juan Ignacio Roncoroni / EFE,ALTA,,TEMPORAL,PUBLICAR,,FALSE,
SI,06/10/2026,23:14,MESSI,RONALDINHO DESPIDIÓ A MESSI: “TU NOMBRE ESTÁ EN LA HISTORIA DE TODO EL MUNDO”,"Ronaldinho Gaúcho se sumó a los homenajes para Lionel Messi con un mensaje personal que recordó la relación que construyeron desde los primeros pasos del argentino en el Barcelona. El brasileño celebró haber formado parte de su historia “desde el primer día” y destacó la alegría que generó su fútbol durante más de dos décadas.

El ex número 10 del Barça remarcó que ambos conocen la emoción de cumplir el sueño de representar a sus países y ser campeones del mundo. También señaló que Messi entregó todo por Argentina y dijo comprender la decisión de cerrar esta etapa cuando la familia comienza a ocupar otro lugar en las prioridades.

“Disfruta de la vida, hermano”, fue el deseo final de Ronaldinho. El mensaje tuvo un peso especial por provenir de quien fue una de las grandes figuras que acompañó y protegió a Messi cuando todavía era un adolescente que empezaba a instalarse en el primer equipo catalán.",https://ge.globo.com/futebol/futebol-internacional/noticia/2026/10/06/ronaldinho-gaucho-reverencia-messi-veja-homenagens.ghtml,https://s2-ge.glbimg.com/qSbSXlz1pkbjRKFNxEH_qAb-JuM=/0x0:1024x682/1000x0/smart/filters:strip_icc()/i.s3.glbimg.com/v1/AUTH_59edd422c0c84a879bd37670ae4f538a/internal_photos/bs/2026/example/messi-ronaldinho.jpg,ge,https://ge.globo.com/futebol/futebol-internacional/noticia/2026/10/06/ronaldinho-gaucho-reverencia-messi-veja-homenagens.ghtml,https://x.com/10Ronaldinho/status/2107597671703761193,Getty Images / ge,ALTA,,TEMPORAL,PUBLICAR,,FALSE,
SI,06/10/2026,23:13,MESSI,"MESSI ELIGIÓ SU MEJOR RECUERDO EN EL MONUMENTAL: “FUE ACÁ, NO ME LO OLVIDO MÁS”","En medio de su despedida, Lionel Messi volvió sobre una de las noches que cambió definitivamente su relación con el público argentino. Al hablar del Monumental, eligió como uno de sus recuerdos más fuertes la celebración posterior a la conquista del Mundial de Qatar 2022.

El capitán recordó el regreso de los campeones del mundo y la fiesta que vivió junto a sus compañeros y los hinchas en Núñez. La referencia apareció durante su discurso final, cuando repasó lo que significó jugar durante tantos años en el país y especialmente en un estadio donde nunca perdió con la Selección.

El Monumental terminó siendo también el escenario de su última función. Messi cerró allí su ciclo internacional con un gol, dos asistencias y una nueva ovación, conectando en la misma cancha el festejo del título más importante de su carrera con el adiós definitivo.",https://lapaginamillonaria.com/seleccion-argentina/messi-se-quebro-al-hablar-del-monumental-y-eligio-el-mejor-momento-de-su-carrera-fue-aca-no-me-lo-olvido-mas,https://media.a24.com/p/8be0567ddb912d17d54414c0c7678bf1/adjuntos/296/imagenes/009/132/0009132779/1200x675/smart/lionel-messi-instagram-posteojpg.jpg,La Página Millonaria,https://lapaginamillonaria.com/seleccion-argentina/messi-se-quebro-al-hablar-del-monumental-y-eligio-el-mejor-momento-de-su-carrera-fue-aca-no-me-lo-olvido-mas,https://x.com/DiarioOle/status/2107677140497895646,A24 — festejo campeón del mundo en el Monumental,ALTA,,EXACTA,PUBLICAR,,FALSE,
SI,06/10/2026,23:12,MESSI,MESSI TOMÓ EL MICRÓFONO Y SE DESPIDIÓ: “JUGAR EN LA SELECCIÓN ES LO MÁS LINDO QUE TE PUEDE PASAR”,"Después del 3-0 ante Benín, Lionel Messi tomó el micrófono en el centro del Monumental y habló por última vez como futbolista de la Selección Argentina. Visiblemente emocionado, agradeció el acompañamiento de los hinchas durante más de dos décadas y definió como un orgullo haber defendido la camiseta albiceleste.

El capitán recordó que su historia también tuvo momentos difíciles y destacó haber insistido incluso cuando los resultados no acompañaban. “Les juro que me gustaría venir toda la vida”, expresó frente a más de 80.000 personas antes de remarcar que jugar para Argentina fue lo más lindo que le ocurrió como futbolista.

El discurso cerró una noche en la que Messi convirtió de penal y asistió los otros dos goles. Después de 208 partidos y 126 tantos, sus últimas palabras sobre el césped quedaron como el cierre formal de una carrera internacional de 21 años.",https://tn.com.ar/deportes/futbol/2026/10/06/la-emocion-de-messi-en-su-despedida-de-la-seleccion-fue-un-orgullo-muy-grande-para-mi-defender-esta-camiseta-por-mas-de-20-anos/,https://www.infobae.com/resizer/v2/OCEXSMBC6VCO5KQZZFXSTLNBYM.JPG?auth=0aeb7db96ae40651b4bd87076b9327a37fcef6411083f79eb1cd32af76388b6b&height=239&quality=85&smart=true&width=350,TN,https://tn.com.ar/deportes/futbol/2026/10/06/la-emocion-de-messi-en-su-despedida-de-la-seleccion-fue-un-orgullo-muy-grande-para-mi-defender-esta-camiseta-por-mas-de-20-anos/,https://x.com/TyCSports/status/2107657465128550570,REUTERS/Matias Baglietto / Infobae,ALTA,,EXACTA,PUBLICAR,,FALSE,
SI,06/10/2026,23:11,SELECCIÓN ARGENTINA,BARCELONA DESPIDIÓ A MESSI CON UN MENSAJE TRAS SU ÚLTIMO PARTIDO CON ARGENTINA,"Barcelona publicó su homenaje a Lionel Messi inmediatamente después de la finalización del amistoso entre Argentina y Benín. El club catalán repasó el recorrido internacional de su exfutbolista desde la medalla de oro de Beijing 2008 y destacó que convirtió a la camiseta albiceleste en una prenda todavía más icónica.

El mensaje apareció después de que Messi cerrara su carrera con la Selección mediante una actuación decisiva: convirtió un penal y entregó las asistencias para los goles de Nicolás Otamendi y Nicolás Paz en la victoria por 3-0. Durante el encuentro, las cuentas del club habían mantenido su actividad habitual y el reconocimiento llegó una vez consumado el final.

La reacción tenía un peso particular por el vínculo de Messi con Barcelona, donde se formó y protagonizó la etapa más extensa de su carrera. El saludo se sumó a los mensajes de clubes, excompañeros y figuras internacionales que acompañaron la despedida del capitán argentino.",https://as.com/futbol/internacional/el-barcelona-se-acordo-de-messi-f202610-n/,https://i0.wp.com/efe.com/wp-content/uploads/2026/10/0m0.webp?resize=900%2C599&ssl=1,AS,https://as.com/futbol/internacional/el-barcelona-se-acordo-de-messi-f202610-n/,https://x.com/FCBarcelona_es/status/2107644469143028178,Juan Ignacio Roncoroni / EFE,MEDIA,,TEMPORAL,PUBLICAR,,FALSE,
SI,06/10/2026,23:10,SELECCIÓN ARGENTINA,EL PARTIDO SE DETUVO EN EL MINUTO 10 PARA LA GRAN OVACIÓN A MESSI,"El amistoso entre Argentina y Benín se detuvo al cumplirse el minuto 10 para que todo el Monumental pudiera homenajear a Lionel Messi. El árbitro chileno Fernando Véjar interrumpió el juego durante unos instantes y más de 85.000 personas se pusieron de pie para corear el nombre del capitán.

La ovación estuvo acompañada por fuegos artificiales y por el saludo de los futbolistas de Benín, que se acercaron a Messi mientras la pelota quedaba en segundo plano. El número elegido tuvo una referencia evidente al dorsal que identificó al rosarino durante casi toda su carrera con la Selección.

La escena fue uno de los momentos planificados más fuertes de la despedida. Antes del inicio ya se había desplegado sobre el césped una camiseta gigante con el número 10 y la palabra “Gracias”. La pausa durante el partido permitió que el reconocimiento no quedara limitado a la ceremonia previa y transformó el homenaje en parte formal del último encuentro.",https://efe.com/deportes/2026-10-07/messi-homenaje-minuto-10-monumental/,https://imagenes.primicias.ec/files/image_480_270/files/fp/uploads/2026/10/06/6ac594b12f40d.r_d.1335-1020-1794.jpeg,EFE,https://efe.com/deportes/2026-10-07/messi-homenaje-minuto-10-monumental/,https://x.com/DSports/status/2107623002251624528,EFE / Primicias,ALTA,,EXACTA,PUBLICAR,,FALSE,
SI,06/10/2026,23:09,SELECCIÓN ARGENTINA,DANIEL OSVALDO REAPARECIÓ DESDE TERAPIA INTENSIVA PARA DESPEDIR A MESSI,"Daniel Osvaldo reapareció en sus redes sociales para dedicarle un mensaje a Lionel Messi durante la despedida del capitán. El exdelantero publicó varias fotografías de los momentos que compartieron en canchas europeas, amistosos y partidos benéficos, y acompañó el material con una frase directa: “Eternamente gracias Lionel Andrés. Te voy a extrañar con la celeste y blanca”.

La publicación cobró una dimensión especial porque Osvaldo permanece internado en terapia intensiva después de una intervención quirúrgica por un derrame pleural. Su familia había informado que está lúcido y desmintió distintas versiones falsas que circularon sobre su estado de salud.

Osvaldo y Messi fueron rivales durante sus etapas en Europa y coincidieron en distintos eventos solidarios. Desde el hospital, el exfutbolista eligió sumarse a la cadena de saludos que acompañó la última presentación del número 10 con Argentina. El mensaje combinó el homenaje deportivo con una señal pública sobre su recuperación.",https://www.tycsports.com/seleccion-argentina/reaparecio-daniel-osvaldo-para-despedir-a-messi-eternamente-gracias-id764655.html,https://media.tycsports.com/files/2026/10/06/993569/daniel-osvaldo-reaparecio-para-dejarle-un-mensaje-a-messi_416x234.webp?v=1,TyC Sports,https://www.tycsports.com/seleccion-argentina/reaparecio-daniel-osvaldo-para-despedir-a-messi-eternamente-gracias-id764655.html,,Instagram @daniosvaldobv / TyC Sports,MEDIA,,EXACTA,PUBLICAR,,FALSE,
SI,06/10/2026,23:08,SELECCIÓN ARGENTINA,OTAMENDI SE DESPIDIÓ DE LA SELECCIÓN CON UN GOL Y UNA OVACIÓN EN EL MONUMENTAL,"Nicolás Otamendi también cerró su historia con la Selección Argentina y lo hizo con un gol. A los tres minutos del segundo tiempo, Lionel Messi ejecutó un córner desde la izquierda y el defensor apareció a la carrera para conectar una volea potente que abrió el marcador ante Benín.

El tanto reunió a los dos históricos que afrontaban su última presentación. Otamendi fue directamente hacia el córner para abrazarse con Messi y, pocos minutos después, dejó el campo reemplazado por Lisandro Martínez. El Monumental lo despidió de pie mientras besaba el escudo de la camiseta argentina.

El defensor terminó su ciclo con 140 partidos, diez goles y cuatro títulos mayores: la Copa América 2021, la Finalissima 2022, el Mundial de Qatar y la Copa América 2024. Su despedida había quedado en segundo plano por la dimensión del homenaje a Messi, pero el desarrollo del encuentro le reservó una escena propia y un cierre deportivo perfecto.",https://www.tycsports.com/seleccion-argentina/gol-seleccion-argentina-benin-nicolas-otamendi-lionel-messi-id764652.html,https://www.lanacion.com.ar/resizer/v2/otamendi-cerro-su-ciclo-en-la-seleccion-con-un-SQRHVLNG5ZFOJDEFMHPGHBDWFA.JPG?auth=85dbf95868c60cda0f78295aac5b11766f646a2261f7eece92f2e00891470bc4&height=280&quality=70&smart=true&width=420,TyC Sports,https://www.tycsports.com/seleccion-argentina/gol-seleccion-argentina-benin-nicolas-otamendi-lionel-messi-id764652.html,https://x.com/TyCSports/status/2107637215219933266,Manuel Cortina / LA NACION,ALTA,,EXACTA,PUBLICAR,,FALSE,
SI,06/10/2026,23:07,SELECCIÓN ARGENTINA,DEL 10 AL FUTURO: NICO PAZ MARCÓ UN GOLAZO TRAS UNA ASISTENCIA DE MESSI,"Nicolás Paz convirtió el 2-0 de Argentina ante Benín después de recibir una asistencia de Lionel Messi. El mediocampista ingresó a los 13 minutos del segundo tiempo y, apenas dos minutos más tarde, apareció por el centro, acomodó la pelota con la zurda y colocó un remate con comba junto al palo derecho.

La jugada nació en Messi, que avanzó desde la derecha y leyó la llegada del futbolista del Como. Después del gol, Paz buscó al capitán y ambos se fundieron en un abrazo que tomó un significado especial en la noche de la despedida.

Paz es uno de los nombres señalados para asumir mayor protagonismo en la etapa que comenzará sin Messi y ya había aparecido entre los candidatos a heredar la camiseta número 10. El gol no define esa sucesión, pero sí dejó una postal potente: el máximo símbolo de la Selección asistiendo a una de las figuras jóvenes llamadas a conducir el próximo ciclo.",https://www.tycsports.com/seleccion-argentina/seleccion-argentina-amistoso-benin-gol-nico-paz-asistencia-leo-messi-id764656.html,https://media.tycsports.com/files/2026/10/06/993575/nico-paz-abrazo-messi_w862.webp,TyC Sports,https://www.tycsports.com/seleccion-argentina/seleccion-argentina-amistoso-benin-gol-nico-paz-asistencia-leo-messi-id764656.html,https://x.com/TyCSports/status/2107640416717132107,Marcelo Endelli / Getty Images / TyC Sports,ALTA,,EXACTA,PUBLICAR,,FALSE,
SI,06/10/2026,23:06,SELECCIÓN ARGENTINA,MESSI MARCÓ DE PENAL SU ÚLTIMO GOL CON LA SELECCIÓN ARGENTINA,"Lionel Messi tuvo el gol que buscó durante toda su despedida. A los 26 minutos del segundo tiempo, Argentina recibió un penal por una dura infracción de Tamimou Ouorou sobre Agustín Giay y el capitán asumió la ejecución frente a un Monumental que esperaba ese instante.

El número 10 remató alto, contra el ángulo derecho del arquero Marcel Dandjinou, y estableció el 3-0 ante Benín. Sus compañeros corrieron a abrazarlo y celebraron la conquista con la misma emoción que los hinchas, conscientes de que se trataba de su último grito con la camiseta albiceleste.

Antes del penal, Messi había dado las asistencias para los goles de Nicolás Otamendi y Nicolás Paz. La conquista elevó su registro definitivo a 126 tantos con la Selección mayor. El partido todavía le dejó una última ocasión de tiro libre y un remate que pegó en el palo, pero el penal quedó como la imagen deportiva final de su ciclo internacional.",https://www.tycsports.com/seleccion-argentina/gol-lionel-messi-seleccion-argentina-despedida-benin--id764658.html,https://media.tycsports.com/files/2026/10/06/993591/lionel-messi-seleccion-argentina_w862.webp,TyC Sports,https://www.tycsports.com/seleccion-argentina/gol-lionel-messi-seleccion-argentina-despedida-benin--id764658.html,https://x.com/TyCSports/status/2107643112826839052,Fotobaires / TyC Sports,ALTA,,EXACTA,PUBLICAR,,FALSE,
SI,06/10/2026,23:05,SELECCIÓN ARGENTINA,ARGENTINA GOLEÓ 3-0 A BENÍN EN LA ÚLTIMA FUNCIÓN DE MESSI CON LA SELECCIÓN,"La Selección Argentina venció 3-0 a Benín en el Monumental y cerró con una goleada la carrera internacional de Lionel Messi. Después de un primer tiempo sin goles, el equipo de Lionel Scaloni resolvió el amistoso en el complemento con tantos de Nicolás Otamendi, Nicolás Paz y el propio capitán.

Messi participó directamente de las tres conquistas. Ejecutó el córner que Otamendi transformó en el 1-0, habilitó a Nico Paz para el segundo y convirtió de penal el tercero, tras una infracción sobre Agustín Giay. La producción le permitió despedirse con un gol y dos asistencias, además de sostener su influencia hasta la última presentación.

El resultado fue secundario frente al clima del homenaje, pero completó una noche redonda para la Albiceleste. El capitán se retiró con 208 partidos, 126 goles y una etapa marcada por el Mundial de Qatar 2022, dos Copas América y la Finalissima.",https://www.tycsports.com/amistosos-de-selecciones/amistosos-internacionales-masc-2026-argentina-vs-benin-amistosos-id764375.html,https://media.tycsports.com/files/2026/10/06/993585/messi-festejo-gol_416x234.webp,TyC Sports,https://www.tycsports.com/amistosos-de-selecciones/amistosos-internacionales-masc-2026-argentina-vs-benin-amistosos-id764375.html,https://x.com/Argentina/status/2107642505158767015,Fotobaires / TyC Sports,ALTA,,EXACTA,PUBLICAR,,FALSE,
SI,06/10/2026,21:06,SELECCIÓN ARGENTINA,EL MONUMENTAL OVACIONÓ A ENRIQUE MACAYA MÁRQUEZ EN LA DESPEDIDA DE MESSI,"Enrique Macaya Márquez fue ovacionado por el público del Monumental durante la previa de la despedida de Lionel Messi. El histórico periodista, de 91 años, llegó al estadio para formar parte de la cobertura de DSports y recibió aplausos desde las tribunas cuando su presencia fue advertida por los hinchas.

Macaya agradeció el reconocimiento y señaló que sentía representar a los comunicadores que acompañaron durante décadas la historia de la Selección Argentina. Su aparición agregó otro puente generacional a una jornada construida alrededor de la trayectoria de Messi y de la memoria futbolera del país.

La escena tuvo valor propio dentro del operativo de homenaje: mientras el estadio esperaba el último partido del capitán, también reconoció a una figura que narró y analizó múltiples etapas del fútbol argentino. El aplauso convirtió su llegada en uno de los momentos de color más emotivos de la previa.",https://www.directvsports.com/futbol/ovacion-el-reconocimiento-y-los-aplausos-para-enrique-macaya-marquez-en-el-monumental-20261006-0047.html,https://media.rpctv.com/p/7bf68bdc8d4df44d007424d158d60e6a/adjuntos/314/imagenes/019/077/0019077996/855x0/smart/lionel-scaloni-ii.png,DSports,https://www.directvsports.com/futbol/ovacion-el-reconocimiento-y-los-aplausos-para-enrique-macaya-marquez-en-el-monumental-20261006-0047.html,,RPC TV / archivo Macaya Márquez,MEDIA,,TEMPORAL,PUBLICAR,,FALSE,
SI,06/10/2026,21:05,SELECCIÓN ARGENTINA,MESSI ABRAZÓ A SUS TRES HIJOS Y DIO SU ÚLTIMA ARENGA ANTES DE JUGAR CON ARGENTINA,"Lionel Messi ingresó al campo del Monumental acompañado por sus tres hijos, Thiago, Mateo y Ciro, en uno de los momentos más íntimos de la despedida. El capitán los abrazó antes de reunirse con sus compañeros y participar de la última arenga previa a un partido con la Selección Argentina.

En el círculo del equipo, Messi pidió jugar bien, disfrutar de la pelota, hacer goles y ganar. Fueron palabras sencillas, ligadas al juego, en una escena cargada de significado por tratarse de la última vez que encabezó ese ritual como futbolista de la Albiceleste.

La presencia de sus hijos reforzó el carácter familiar de la noche y acompañó el recorrido emocional de la ceremonia. Después de más de dos décadas con la Selección mayor, el cierre combinó el protocolo del equipo con una imagen personal: el capitán, su familia y el grupo antes del último partido.",https://www.tycsports.com/seleccion-argentina/seleccion-argentina-lionel-messi-perlitas-adios-benin-id764626.html,https://images.rtl.fr/~c/1200v800/rtl/www/1779244-lionel-messi-accompagne-de-ses-fils-thiago-mateo-et-ciro-lors-de-l-avant-match-de-la-rencontre-face-au-venezuela-le-4-septembre-2025.jpg,TyC Sports,https://www.tycsports.com/seleccion-argentina/seleccion-argentina-lionel-messi-perlitas-adios-benin-id764626.html,https://x.com/siempreconargok/status/2107611459941261387,RTL / archivo Messi y sus hijos,ALTA,,TEMPORAL,PUBLICAR,,FALSE,
SI,06/10/2026,21:04,SELECCIÓN ARGENTINA,LA PELOTA ESPECIAL DEL ÚLTIMO PARTIDO DE MESSI CON LA SELECCIÓN ARGENTINA,"El amistoso entre Argentina y Benín se disputó con una pelota preparada especialmente para la despedida de Lionel Messi. El balón incorporó un parche dorado con la leyenda “El último baile”, el número 10 enmarcado por laureles, la bandera argentina y la fecha del encuentro.

El diseño convirtió un elemento habitual del partido en una pieza conmemorativa y reforzó la puesta en escena preparada para la última presentación del capitán con la Selección. La elección del dorado y la referencia directa al dorsal de Messi conectaron el homenaje con su lugar central en la historia del equipo nacional.

La pelota se sumó a los distintos detalles organizados alrededor del encuentro en el Monumental: la ceremonia previa, los mensajes de excompañeros y figuras, y las acciones destinadas a registrar una noche que quedará como documento de cierre para la era del número 10.",https://www.tycsports.com/seleccion-argentina/el-detalle-de-la-pelota-del-ultimo-partido-de-messi-con-la-seleccion-argentina-id764629.html,https://media.tycsports.com/files/2026/10/06/993479/pelota-messi_416x234.webp,TyC Sports,https://www.tycsports.com/seleccion-argentina/el-detalle-de-la-pelota-del-ultimo-partido-de-messi-con-la-seleccion-argentina-id764629.html,,TyC Sports,MEDIA,,OK,PUBLICAR,,FALSE,
SI,06/10/2026,21:03,SELECCIÓN ARGENTINA,EL EMOTIVO MENSAJE DE LUIS SUÁREZ PARA MESSI ANTES DE SU DESPEDIDA DE LA SELECCIÓN,"Luis Suárez le dedicó un mensaje en video a Lionel Messi antes del partido de despedida del capitán con la Selección Argentina. Desde la intimidad construida durante años como compañeros y amigos, el uruguayo lo llamó “Gordo” y le pidió que disfrutara plenamente una jornada que representa el cierre de una etapa extraordinaria.

Suárez también le remarcó que debía sentirse orgulloso por todo lo conseguido con la camiseta albiceleste. El saludo tuvo un peso especial por la relación que ambos formaron en Barcelona y sostuvieron fuera de la cancha, además de su posterior reencuentro en Inter Miami.

El mensaje se sumó a los homenajes internacionales que recibió Messi durante la jornada. En este caso, llegó desde uno de sus socios más cercanos dentro del fútbol y puso el foco en el recorrido humano detrás de los títulos, los récords y la despedida.",https://www.montevideo.com.uy/Deportes/El-emotivo-video-de-Luis-Suarez-para-Lionel-Messi-por-su-retiro-de-la-seleccion-argentina-uc977724,https://dscdn.daily-sun.com/english/uploads/news_photos/2023/11/14/1699934961-8eb93f1448939b1e8e23b7f40494fd84.jpg,Montevideo Portal,https://www.montevideo.com.uy/Deportes/El-emotivo-video-de-Luis-Suarez-para-Lionel-Messi-por-su-retiro-de-la-seleccion-argentina-uc977724,https://x.com/DSports/status/2107500214001049827,Daily Sun / archivo Luis Suárez,ALTA,,TEMPORAL,PUBLICAR,,FALSE,
SI,06/10/2026,21:02,RUGBY,JOAQUÍN OVIEDO SERÁ OPERADO Y SE PIERDE LA VENTANA DE NOVIEMBRE CON LOS PUMAS,"Joaquín Oviedo deberá someterse a una operación por la lesión en el tobillo y el peroné que sufrió durante el partido entre Perpignan y Bordeaux por el Top 14 de Francia. El tercera línea abandonó el campo a los 50 minutos sin poder apoyar el pie y luego fue visto con muletas y una férula de inmovilización.

Los estudios y la evaluación médica confirmaron que el tratamiento requerirá cirugía y una recuperación de varios meses. Aunque todavía no se comunicó un plazo exacto para su regreso, la baja lo deja afuera de la ventana internacional de noviembre y del Nations Championship con Los Pumas.

La ausencia es sensible para el seleccionado argentino porque Oviedo se había consolidado como una alternativa de peso en la tercera línea. El cuerpo técnico deberá reordenar sus opciones para los próximos compromisos mientras el jugador inicia el proceso quirúrgico y de rehabilitación.",https://www.eleco.com.ar/deportes/dura-baja-para-los-pumas-joaquin-oviedo-sera-operado-y-se-pierde-el-nations-championship,https://a.espncdn.com/photo/2023/0423/r1163353_524x524_1-1.jpg,El Eco,https://www.eleco.com.ar/deportes/dura-baja-para-los-pumas-joaquin-oviedo-sera-operado-y-se-pierde-el-nations-championship,,ESPN / archivo Joaquín Oviedo,ALTA,,TEMPORAL,PUBLICAR,,FALSE,
SI,06/10/2026,21:01,INDEPENDIENTE,ESEQUIEL BARCO RENOVÓ CON SPARTAK MOSCÚ HASTA 2030 Y ALEJÓ SU REGRESO A INDEPENDIENTE O RIVER,"Esequiel Barco extendió su contrato con Spartak de Moscú hasta 2030. El mediocampista argentino anunció el acuerdo en sus redes sociales, expresó su felicidad por continuar en el club ruso y agradeció el respaldo de su familia, los hinchas y la institución.

La renovación despeja uno de los nombres que había vuelto a circular en el mercado argentino. Barco fue relacionado con un posible regreso a Independiente, donde debutó y ganó la Copa Sudamericana 2017, y también con River, club en el que jugó entre 2022 y 2024. El nuevo vínculo de largo plazo reduce de manera concreta esas posibilidades en el corto plazo.

Para Spartak, la firma asegura la continuidad de un futbolista importante en su estructura ofensiva. Para Independiente y River, en cambio, el anuncio obliga a considerar cualquier futura negociación bajo un contrato vigente por cuatro temporadas más.",https://tn.com.ar/deportes/futbol/2026/10/05/esequiel-barco-renovo-con-el-spartak-de-moscu-tras-sonar-en-river-e-independiente-estoy-muy-feliz/,https://s-cdn.sportbox.ru/images/styles/upload/fp_fotos/9e/15/f3c7f36ce7d4f27e073c2f97ef0a6efb66a25de873f4e285540481.jpg,TN,https://tn.com.ar/deportes/futbol/2026/10/05/esequiel-barco-renovo-con-el-spartak-de-moscu-tras-sonar-en-river-e-independiente-estoy-muy-feliz/,https://x.com/StatsMillo/status/2107234009193533854,Sportbox / archivo Esequiel Barco,ALTA,,TEMPORAL,PUBLICAR,,FALSE,
SI,06/10/2026,19:59,SELECCIÓN ARGENTINA,MESSI Y SCALONI LLORARON CON EL HIMNO EN LA DESPEDIDA DEL CAPITÁN,"Lionel Messi y Lionel Scaloni se emocionaron durante el Himno Nacional antes del amistoso con Benín. Fabio Santana, excombatiente de Malvinas, lo interpretó acompañado por una bandera con la leyenda Las Malvinas son argentinas. Ambos terminaron con lágrimas en uno de los momentos centrales de la previa.",https://www.infobae.com/deportes/2026/10/06/las-lagrimas-de-messi-y-scaloni-durante-la-emocionante-interpretacion-del-himno-del-ex-combatiente-fabio-santana-con-la-bandera-de-malvinas-al-lado/,https://www.infobae.com/resizer/v2/NKRAYJEZGNFANKYWBDYOQBIKGM.jpg?auth=051086153833d03155210f3bfdd5ba1f494dd09037f9fcff94854e8ae64d2730&height=197&quality=85&smart=true&width=350,Infobae Deportes,https://www.infobae.com/deportes/2026/10/06/las-lagrimas-de-messi-y-scaloni-durante-la-emocionante-interpretacion-del-himno-del-ex-combatiente-fabio-santana-con-la-bandera-de-malvinas-al-lado/,https://x.com/TyCSports/status/2107595926311227812,Infobae,ALTA,,OK,PUBLICAR,,FALSE,
SI,06/10/2026,19:52,SELECCIÓN ARGENTINA,EL HOMBRE QUE ASISTIÓ EL PRIMER GOL DE MESSI CON ARGENTINA FUE AL MONUMENTAL PARA DESPEDIRLO,"José Luis Pipi García, compañero de Messi en sus primeros amistosos juveniles con Argentina, asistió al Monumental. Fue quien dio el pase previo al primer gol de Leo con la Albiceleste en 2004 y destacó el orgullo de haber compartido cancha con él.",https://www.infobae.com/deportes/2026/10/06/jugo-con-messi-en-sus-dos-primeros-partidos-con-la-seleccion-y-fue-a-la-despedida-como-espectador-me-lo-llevo-para-toda-la-vida/,https://www.infobae.com/resizer/v2/5EWUZA5QJNESTAE5TAISHXXSA4.jfif?auth=2a16a3cf8c13e754073db2c36204501b96e0b4ad51332c1f3de78130d228b373&height=197&quality=85&smart=true&width=350,Infobae Deportes,https://www.infobae.com/deportes/2026/10/06/jugo-con-messi-en-sus-dos-primeros-partidos-con-la-seleccion-y-fue-a-la-despedida-como-espectador-me-lo-llevo-para-toda-la-vida/,,Infobae / archivo del primer gol de Messi con Argentina,MEDIA,,OK,PUBLICAR,,FALSE,
SI,06/10/2026,19:46,SELECCIÓN ARGENTINA,PAPU GÓMEZ NO FUE AL MONUMENTAL Y COMENTÓ LA DESPEDIDA DE MESSI PARA LA TV DE KUWAIT,Alejandro Papu Gómez no pudo estar en el Monumental por su reciente incorporación al Forte Virtus de Emiratos Árabes Unidos. El campeón del mundo participó de la despedida desde otro rol: comentarista de una transmisión televisiva de Kuwait del amistoso Argentina-Benín.,https://www.infobae.com/deportes/2026/10/06/el-sorpresivo-rol-de-papu-gomez-durante-la-despedida-de-lionel-messi-de-la-seleccion-argentina/,https://www.infobae.com/resizer/v2/UPKJ5K3PJBAPZH3FAN27UQOVI4?auth=8697c642bd21399cf1f9f76f4cc9c6b0392619f5326c91a020954d1874af4596&height=231&quality=85&smart=true&width=350,Infobae Deportes,https://www.infobae.com/deportes/2026/10/06/el-sorpresivo-rol-de-papu-gomez-durante-la-despedida-de-lionel-messi-de-la-seleccion-argentina/,,REUTERS / Kai Pfaffenbach / Infobae,MEDIA,,OK,PUBLICAR,,FALSE,
SI,06/10/2026,19:41,SELECCIÓN ARGENTINA,ANTONELA Y CELIA VIVIERON DESDE EL PALCO LA OVACIÓN A MESSI EN EL MONUMENTAL,"Antonela Roccuzzo y Celia Cuccittini acompañaron desde un palco la previa del último partido de Lionel Messi con Argentina. Durante el calentamiento, Antonela registró con su teléfono la ovación del Monumental y acompañó los cánticos junto a la familia.",https://www.infobae.com/deportes/2026/10/06/la-emocion-de-antonela-roccuzzo-y-celia-cuccittini-en-el-palco-del-monumental-antes-de-la-despedida-de-messi-de-la-seleccion/,https://www.infobae.com/resizer/v2/7H6ZYLADMJGMDGI2YRCPGU6SBQ.jpg?auth=00f34bd8395bc7188f8cd4ae1d13bbeff385c89db05499c0537d1914f8809ae8&height=594&quality=85&smart=true&width=350,Infobae Deportes,https://www.infobae.com/deportes/2026/10/06/la-emocion-de-antonela-roccuzzo-y-celia-cuccittini-en-el-palco-del-monumental-antes-de-la-despedida-de-messi-de-la-seleccion/,,Infobae / archivo de la cobertura de Antonela,MEDIA,,TEMPORAL,PUBLICAR,,FALSE,
SI,06/10/2026,19:36,RIVER,RIVER NOMBRÓ A MESSI SOCIO HONORARIO Y LE ENTREGÓ LA 10 EN EL VESTUARIO DEL MONUMENTAL,"River homenajeó a Lionel Messi antes del amistoso ante Benín. El presidente Stefano Di Carlo le entregó una plaqueta, una camiseta número 10 y el carnet de socio honorario, cuyo identificador recuerda la fecha de la final del Mundial de Qatar 2022.",https://www.infobae.com/deportes/2026/10/06/messi-fue-nombrado-socio-honorario-de-river-plate-antes-de-su-despedida-el-detalle-en-el-carnet-que-hizo-furor/,https://www.infobae.com/resizer/v2/KJTJPXW4UJBRLID5KRKJYUSTTY.png?auth=811014c0a62a4dbe43abbbe2286d8ca099e8c762567d2842334cc2628652356d&height=288&quality=85&smart=true&width=350,Infobae Deportes / River Plate,https://www.infobae.com/deportes/2026/10/06/messi-fue-nombrado-socio-honorario-de-river-plate-antes-de-su-despedida-el-detalle-en-el-carnet-que-hizo-furor/,https://x.com/RiverPlate/status/2107599885562233026,Infobae / River Plate,ALTA,,OK,PUBLICAR,,FALSE,
SI,06/10/2026,19:31,SELECCIÓN ARGENTINA,ARGENTINA CONFIRMÓ EL EQUIPO PARA EL ÚLTIMO PARTIDO DE MESSI: OTAMENDI TAMBIÉN SE DESPIDE,"Lionel Scaloni confirmó el once ante Benín: Emiliano Martínez; Agustín Giay, Cristian Romero, Nicolás Otamendi y Nicolás Tagliafico; Rodrigo De Paul, Enzo Fernández y Alexis Mac Allister; Lionel Messi, Julián Álvarez y Lautaro Martínez. Otamendi también cerrará su etapa en la Selección.",https://www.infobae.com/deportes/2026/10/06/con-los-historicos-y-una-de-las-caras-nuevas-la-formacion-de-argentina-para-la-despedida-de-messi/,https://www.infobae.com/resizer/v2/5ZINKFIG5NBYRCIQPNNSKDGBAQ.JPG?auth=047431edb83efb231513b6b7c06f37dd4f9021a9ea92bf1bcec72fde6036f345&height=233&quality=85&smart=true&width=350,Infobae Deportes,https://www.infobae.com/deportes/2026/10/06/con-los-historicos-y-una-de-las-caras-nuevas-la-formacion-de-argentina-para-la-despedida-de-messi/,,REUTERS / Rodrigo Valle / Infobae,ALTA,,OK,PUBLICAR,,FALSE,
SI,06/10/2026,19:17,SELECCIÓN ARGENTINA,MESSI ROMPIÓ EN LLANTO EN EL MICRO RUMBO A SU ÚLTIMO PARTIDO CON LA SELECCIÓN,Lionel Messi no pudo contener la emoción durante el traslado de la Selección Argentina desde Ezeiza al Monumental. Miles de hinchas acompañaron el recorrido y las cámaras captaron al capitán llorando dentro del micro antes de su despedida frente a Benín.,https://www.tycsports.com/seleccion-argentina/una-multitud-se-acerco-a-ver-el-ultimo-viaje-de-messi-con-la-seleccion-argentina-id764625.html,https://media.tycsports.com/files/2026/10/06/993449/messi-micro-descapotable_416x234.webp?v=1,TyC Sports,https://www.tycsports.com/seleccion-argentina/una-multitud-se-acerco-a-ver-el-ultimo-viaje-de-messi-con-la-seleccion-argentina-id764625.html,https://x.com/sudanalytics_/status/2107586447574478949,TyC Sports,ALTA,,TEMPORAL,PUBLICAR,,FALSE,
SI,06/10/2026,17:28,F1,F1: CONFIRMARON LOS HORARIOS DEL GP DE SINGAPUR CON COLAPINTO EN PISTA,"La Fórmula 1 ya tiene definido el cronograma del Gran Premio de Singapur, la próxima fecha del campeonato 2026, y Franco Colapinto volverá a estar en pista con Alpine. La actividad se desarrollará en el circuito urbano de Marina Bay, uno de los trazados más exigentes del calendario por sus curvas cerradas, las fuertes frenadas, el calor y la humedad de una carrera nocturna.

En horario argentino, el viernes 9 de octubre la primera práctica será de 5:30 a 6:30 y la clasificación Sprint comenzará a las 9:30. El sábado 10 se disputará la Sprint entre las 6:00 y las 7:00, mientras que la clasificación principal irá de 10:00 a 11:00. La carrera será el domingo 11 a las 9:00.

Colapinto llega a Singapur después de terminar 13° en el Gran Premio de Malasia. Marina Bay tendrá 62 vueltas y una distancia total superior a los 305 kilómetros, en un fin de semana que vuelve a incluir formato Sprint y que exigirá desde el primer entrenamiento.",https://www.tycsports.com/automovilismo/f1-los-horarios-y-el-cronograma-completo-del-gp-de-singapur-id764198.html,https://media.tycsports.com/files/2026/09/28/991324/gp-de-malasia_416x234.webp?v=1,TyC Sports,https://www.tycsports.com/automovilismo/f1-los-horarios-y-el-cronograma-completo-del-gp-de-singapur-id764198.html,,TyC Sports,ALTA,,TEMPORAL,PUBLICAR,,FALSE,
SI,06/10/2026,17:26,SELECCIÓN ARGENTINA,UN MICRO DESCAPOTABLE APARECIÓ EN EZEIZA PARA LA DESPEDIDA DE MESSI,"Un micro descapotable especialmente identificado con los colores de la Selección Argentina apareció en el predio de la AFA en Ezeiza durante la previa de la despedida de Lionel Messi. El vehículo, de dos pisos y sin techo, lleva la leyenda “Bienvenida Selección Argentina”, imágenes del plantel y el escudo oficial de la Asociación del Fútbol Argentino.

Su presencia llamó la atención porque se produjo pocas horas antes del amistoso frente a Benín en el Monumental, aunque por el momento no existe una confirmación oficial sobre el uso que tendrá. Entre las posibilidades que se manejan está que forme parte de algún traslado especial, de una actividad dentro del predio o de la ceremonia posterior al partido.

La aparición del micro se suma a una jornada repleta de preparativos, shows y homenajes para el capitán. AFA organizó una despedida con distintos momentos antes, durante y después del encuentro. El vehículo quedó así como otro de los detalles de una noche preparada especialmente para el cierre de la etapa de Messi con la camiseta argentina.",https://www.tycsports.com/seleccion-argentina/asi-es-el-micro-descapotable-para-la-despedida-de-messi-de-la-seleccion-argentina-id764614.html,https://media.tycsports.com/files/2026/10/06/993449/messi-micro-descapotable_416x234.webp?v=1,TyC Sports,https://www.tycsports.com/seleccion-argentina/asi-es-el-micro-descapotable-para-la-despedida-de-messi-de-la-seleccion-argentina-id764614.html,,TyC Sports,ALTA,,EXACTA,PUBLICAR,,FALSE,
SI,06/10/2026,17:19,FÚTBOL INTERNACIONAL,CRISTIANO ROMPIÓ EL SILENCIO Y EXPLICÓ POR QUÉ ABANDONÓ LA CONCENTRACIÓN DE PORTUGAL,"Cristiano Ronaldo publicó su versión sobre el conflicto que terminó con su salida de la concentración de Portugal y apuntó directamente a la relación con el seleccionador Jorge Jesús. El delantero aseguró que existía un plan previo para administrar sus minutos, pero que durante el partido ante Noruega le comunicaron que jugaría alrededor de media hora. Completó la entrada en calor y finalmente no ingresó.

El portugués sostuvo que ese episodio quebró la confianza que había construido con el entrenador. También relató que después mantuvieron conversaciones para aclarar la situación, aunque entendió que lo hablado en privado no quedó reflejado de la misma manera en público. Tras ese nuevo desencuentro decidió marcharse de la concentración.

Cristiano, de todos modos, asumió responsabilidad por su reacción. Pidió disculpas a sus compañeros y a los hinchas, reconoció que no debió abandonar el grupo y dejó en claro que aceptará la sanción que determine la Federación Portuguesa. Además, afirmó que pretende volver a estar disponible para la selección cuando corresponda.",https://www.tycsports.com/futbol-internacional/cristiano-rompio-silencio-escandalosa-salida-portugal-explico-abandono-concentracion-id764616.html,https://media.tycsports.com/files/2026/09/30/991742/cristiano-ronaldo_416x234.webp?v=1,TyC Sports,https://www.tycsports.com/futbol-internacional/cristiano-rompio-silencio-escandalosa-salida-portugal-explico-abandono-concentracion-id764616.html,,Maciej Rogowski/Eurasia Sport Images/Getty Images,MEDIA,,EXACTA,PUBLICAR,,FALSE,
SI,06/10/2026,17:13,SELECCIÓN ARGENTINA,"EL SUBTE DESPIDIÓ A MESSI CON CAMISETAS, TROFEOS Y UNA CABRA EN UN EMOTIVO VIDEO","El Subte porteño se sumó a la despedida de Lionel Messi con un video especial publicado por su cuenta oficial. La pieza recorre el interior de una formación de la Línea D mientras aparecen distintas camisetas que el capitán utilizó con la Selección Argentina y varios de los trofeos que conquistó durante su carrera.

El cierre guarda el guiño más llamativo: al abrirse una de las puertas del vagón aparece una cabra, en referencia al término GOAT, utilizado para señalar al “mejor de todos los tiempos”. El mensaje elegido fue: “Gracias, Lionel. Ha sido un viaje maravilloso”.

El homenaje también sirvió para anunciar que la Línea D funcionará con horario extendido hasta la 1:30 de la madrugada para facilitar la salida de los hinchas después de Argentina-Benín en el Monumental.",https://www.lanacion.com.ar/sociedad/el-divertido-video-de-la-linea-d-de-subte-para-despedir-a-messi-camisetas-trofeos-y-una-cabra-nid05102026/,https://media.minutouno.com/p/13eeb759fd292996338b084d7c6bf7d7/adjuntos/150/imagenes/023/789/0023789259/610x0/smart/messi-subte.jpg,BA Subte / LA NACION,https://x.com/basubte/status/2107157297914900790,https://x.com/basubte/status/2107157297914900790,BA Subte — video homenaje a Lionel Messi,NO,https://x.com/basubte/status/2107157297914900790,EXACTA,ACTUAL,,FALSE,
SI,06/10/2026,17:05,SELECCIÓN ARGENTINA,NICO PAZ Y MASTANTUONO APARECEN COMO CANDIDATOS A HEREDAR LA 10 DE MESSI,"La despedida de Lionel Messi abre una pregunta inevitable para la Selección Argentina: quién utilizará la camiseta número 10. Nico Paz y Franco Mastantuono aparecen como los principales candidatos de la nueva generación, aunque Lionel Scaloni dejó en claro que la decisión se tomará recién después del último partido del capitán.

Paz, de 22 años, ganó terreno con dos goles y una asistencia en los amistosos ante Bolivia y Burkina Faso. Su presente en el Como y su capacidad para jugar por la derecha lo colocan por delante en la consideración inicial.

Mastantuono, de 19, ya vistió la 10 ante Ecuador cuando Messi estuvo ausente. Tras una primera temporada difícil en Real Madrid, su cesión a Fiorentina le permitió recuperar continuidad y goles. Ninguno será señalado como reemplazo futbolístico del capitán, pero ambos encabezan la discusión por el dorsal más pesado de la Albiceleste.",https://www1.folha.uol.com.br/esporte/2026/10/argentina-faz-festa-para-despedida-de-messi-enquanto-pensa-em-como-jogar-sem-ele.shtml,https://f.i.uol.com.br/fotografia/2026/10/05/17912151736ac3c6455975a_1791215173_3x2_md.jpg,Folha de S.Paulo / TyC Sports,https://www1.folha.uol.com.br/esporte/2026/10/argentina-faz-festa-para-despedida-de-messi-enquanto-pensa-em-como-jogar-sem-ele.shtml,https://www.youtube.com/watch?v=XVhwI8bebd0,Claudia Greco/Reuters / Folha,ALTA,,EXACTA,PUBLICAR,,FALSE,
SI,06/10/2026,17:04,SELECCIÓN ARGENTINA,EL PAÍS QUE DESPIDE A MESSI: DE LA EMOCIÓN EN LAS CALLES A LOS HOMENAJES GIGANTES,"La despedida de Lionel Messi atraviesa mucho más que el Monumental. En parques, calles y paradas de colectivo de Buenos Aires, hinchas de distintas generaciones describieron la jornada como el cierre de una era y recordaron el alivio y la alegría que la Selección ofreció en años difíciles para el país.

El vínculo atravesó críticas muy duras durante las primeras etapas, la renuncia de 2016 y una reconciliación definitiva a partir de la Copa América 2021 y el Mundial de Qatar. Esa historia explica por qué el último partido moviliza tanto a quienes crecieron viéndolo como a quienes antes habían acompañado a Maradona.

Los homenajes se extendieron por todo el territorio: Rosario desplegó una camiseta gigante con el número 10 y en Cutral Co una estatua de 26 metros y 70 toneladas domina la Ruta 22. El adiós deportivo se convirtió así en una despedida cultural y nacional.",https://apnews.com/article/argentina-lionel-messi-soccer-world-cup-champion-diego-maradona-scaloni-d399457f18032c45a996ef953565d535,https://dims.apnews.com/dims4/default/fc444aa/2147483647/strip/true/crop/5703x3802%2B0%2B0/resize/599x399%21/quality/90/?url=https%3A%2F%2Fassets.apnews.com%2F53%2Fc4%2F39c6a4bf6694f3ce911ec404ec7d%2F6b35233d5def438294f2f93d50dac67b,Associated Press,https://apnews.com/article/argentina-lionel-messi-soccer-world-cup-champion-diego-maradona-scaloni-d399457f18032c45a996ef953565d535,https://x.com/fifaworldcup_es/status/2107305939590152409,AP Photo/Gustavo Garello,ALTA,,EXACTA,PUBLICAR,,FALSE,
SI,06/10/2026,17:03,SELECCIÓN ARGENTINA,"LA GRILLA COMPLETA DE LA DESPEDIDA: DAMAS GRATIS, LOS FUNDAMENTALISTAS Y UNA SORPRESA FINAL","La actividad dentro del Monumental comenzará a las 17.30 con la conducción de Un Poco de Ruido, animación y una banda en vivo. Luego actuarán Seba Mendoza, Román el Original, Amar Azul, Santi Cairo y Q’ Lokura, antes del show de Damas Gratis previsto desde las 19.

Fabio Santana interpretará el Himno Nacional en la ceremonia previa a Argentina-Benín. Durante el entretiempo se presentarán Los Fundamentalistas y, una vez finalizado el partido, comenzará el bloque central del homenaje a Lionel Messi.

El cierre tendrá espectáculos de drones, luces y pirotecnia, además de las actuaciones de Soledad Pastorutti y Ulises Bueno. La organización también anunció una sorpresa musical final, sin revelar previamente quién será su protagonista.",https://misionesonline.net/2026/10/06/despedida-de-messi-cronograma/,https://static.misionesonline.news/wp-content/uploads/2026/08/Messi-696x522.jpg,Misiones Online / organización,https://misionesonline.net/2026/10/06/despedida-de-messi-cronograma/,https://x.com/Argentina/status/2107252492190806293,Misiones Online — archivo Messi,ALTA,,TEMPORAL,PUBLICAR,,FALSE,
SI,06/10/2026,17:02,SELECCIÓN ARGENTINA,PVC PUSO A MESSI POR ENCIMA DE MARADONA ENTRE LOS QUE VIO EN UNA CANCHA,"El periodista brasileño Paulo Vinícius Coelho eligió a Lionel Messi como el mejor futbolista que vio actuar dentro de un estadio. PVC explicó que también presenció partidos de Diego Maradona, aunque no durante el punto más alto de su carrera, mientras que pudo seguir a Messi numerosas veces en su apogeo.

El analista también comparó el contexto de la despedida del argentino con los cierres internacionales de Cristiano Ronaldo y Neymar. A su entender, Messi termina su ciclo con una celebración de enorme emoción colectiva y con mucho menos tono melancólico.

La opinión apareció en Brasil durante la previa de Argentina-Benín y muestra la dimensión internacional de la jornada: incluso desde el país del rival histórico, la salida del número 10 es tratada como el cierre de una era del fútbol mundial.",https://www.uol.com.br/esporte/futebol/ultimas-noticias/2026/10/06/pvc-exalta-messi-na-despedida-o-maior-jogador-que-eu-vi-no-estadio.ghtm,https://img.youtube.com/vi/v8mv8ZvMF9U/sddefault.jpg,UOL Esporte,https://www.uol.com.br/esporte/futebol/ultimas-noticias/2026/10/06/pvc-exalta-messi-na-despedida-o-maior-jogador-que-eu-vi-no-estadio.ghtm,https://www.youtube.com/watch?v=v8mv8ZvMF9U,UOL Esporte,MEDIA,,EXACTA,PUBLICAR,,FALSE,
SI,06/10/2026,17:01,SELECCIÓN ARGENTINA,"NEYMAR A MESSI: “NO SOLO ARGENTINA TE DA LAS GRACIAS, EL MUNDO TAMBIÉN”","Neymar publicó una carta dedicada a Lionel Messi en el día de su despedida de la Selección Argentina. El brasileño le deseó que disfrute cada segundo del último partido y que los homenajes preparados en el Monumental lo hagan feliz.

El excompañero de Barcelona y Paris Saint-Germain sostuvo que el agradecimiento excede a la Argentina y alcanza a todo el mundo del fútbol. También recordó el honor de haber jugado tanto a su lado como en su contra.

Messi y Neymar compartieron seis temporadas, 206 partidos y once títulos entre Barcelona y PSG. Como rivales protagonizaron una de las imágenes más recordadas de la Copa América 2021, cuando se abrazaron en el Maracaná después del primer título del capitán con la Selección mayor.",https://www.infobae.com/deportes/2026/10/06/neymar-le-dedico-un-sentido-posteo-a-lionel-messi-el-dia-de-su-despedida-de-la-seleccion-argentina/,https://x.com/neymarjr/status/2107524899581341821,Infobae Deportes / Neymar,https://www.infobae.com/deportes/2026/10/06/neymar-le-dedico-un-sentido-posteo-a-lionel-messi-el-dia-de-su-despedida-de-la-seleccion-argentina/,https://x.com/neymarjr/status/2107524899581341821,Neymar Jr. / X,ALTA,https://x.com/neymarjr/status/2107524899581341821,OK,PUBLICAR,,FALSE,
SI,06/10/2026,17:00,SELECCIÓN ARGENTINA,DIBU SE RAPÓ LA “M” DE MESSI PARA HOMENAJEARLO EN SU DESPEDIDA,"Emiliano Martínez eligió un homenaje personal para el último partido de Lionel Messi con la Selección Argentina: se hizo rapar la letra “M” en uno de los laterales de la cabeza. El diseño fue mostrado por Dany Ale, peluquero habitual de la delegación, durante las horas previas al amistoso ante Benín.

El arquero ya había anticipado que el plantel intentaría rodear de cariño al capitán y lograr que disfrutara al máximo su última jornada albiceleste. También publicó una foto con sus compañeros y definió la concentración como el último día junto a esa “hermosa banda”.

El look continúa una costumbre del Dibu para partidos especiales. En Qatar 2022 lució los colores argentinos, en la celebración ante Panamá llevó una estrella y ahora incorporó la inicial de Messi para acompañar una despedida histórica.",https://www.infobae.com/deportes/2026/10/06/el-corte-de-pelo-que-se-hizo-el-dibu-martinez-en-honor-a-lionel-messi-antes-de-su-despedida-con-la-seleccion-argentina/,https://media.gettyimages.com/id/2262398732/photo/miami-gardens-florida-lionel-messi-of-argentina-and-emiliano-martinez-of-argentina-line-up.jpg?s=2048x2048&w=gi&k=20&c=QW33uavLRONQwqd5u0SA0fNqAg91Pt9VF-vhfVDjBFY=,Infobae Deportes,https://www.infobae.com/deportes/2026/10/06/el-corte-de-pelo-que-se-hizo-el-dibu-martinez-en-honor-a-lionel-messi-antes-de-su-despedida-con-la-seleccion-argentina/,https://www.youtube.com/watch?v=FyP5rYK0C2M,Getty Images / FIFA — archivo Messi-Dibu,ALTA,,TEMPORAL,PUBLICAR,,FALSE,
SI,06/10/2026,17:00,SELECCIÓN ARGENTINA,ARTURO VIDAL DESPIDIÓ A MESSI Y LO DEFINIÓ COMO “EL MEJOR DE LA HISTORIA”,"Arturo Vidal se sumó a la catarata de mensajes para Lionel Messi en la previa de su último partido con la Selección Argentina. El mediocampista chileno, que compartió plantel con Leo en Barcelona entre 2018 y 2020, publicó varias imágenes de ambos y lo despidió con palabras de enorme admiración.

El vínculo entre los dos atravesó tanto la convivencia en el club catalán como enfrentamientos con sus selecciones. Según el repaso de TyC Sports, se cruzaron ocho veces entre clubes y combinados nacionales, con cuatro triunfos para Messi, tres empates y una victoria para Vidal. Entre esas historias aparecen las finales de Copa América de 2015 y 2016, ganadas por Chile, y la etapa en la que fueron compañeros en España.

Vidal también recordó el cariño de sus hijos por el argentino, que en otra oportunidad los recibió, se fotografió con ellos y les firmó camisetas. En un día cargado de homenajes internacionales, el mensaje del chileno volvió a mostrar el impacto que la despedida de Messi genera incluso entre antiguos rivales.",https://www.tycsports.com/futbol-internacional/mensaje-vidal-messi-despedida-seleccion-argentina-id764615.html,https://media.tycsports.com/files/2026/10/06/993451/vidal_416x234.webp?v=1,TyC Sports,https://www.tycsports.com/futbol-internacional/mensaje-vidal-messi-despedida-seleccion-argentina-id764615.html,,TyC Sports / @kingarturo23oficial,ALTA,,EXACTA,PUBLICAR,,FALSE,
SI,06/10/2026,16:38,MESSI,"“ENANO, SOS UNA LEYENDA”: SEIS JUGADORES DE RIVER HOMENAJEARON A MESSI","River publicó un video especial con mensajes de seis futbolistas para Lionel Messi en el día de su último partido con la Selección Argentina. Participaron Nicolás Otamendi, Gonzalo Montiel, Marcos Acuña, Ángel Correa, Thiago Almada y Lucas Martínez Quarta.

Otamendi lo definió como una leyenda y uno de los jugadores más importantes de la historia. Montiel recordó la locura de haber sido campeón del mundo a su lado; Acuña destacó su humildad y cercanía; Correa eligió el abrazo que recibió tras Qatar 2022; Almada recordó cuando lo conoció como sparring en Rusia 2018; y Martínez Quarta valoró haber ganado dos Copas América junto al capitán.

El homenaje tiene además un componente especial: el Monumental, la casa de River, será esta noche el escenario de la despedida de Messi ante Benín.",https://soydelmillo.com/river-en-redes/2026/10/06/river-video-homenaje-messi/,https://i0.wp.com/soydelmillo.com/wp-content/uploads/2026/10/imagen-82.webp?fit=880%2C498&quality=80&ssl=1,Soy del Millo / Prensa River,https://soydelmillo.com/river-en-redes/2026/10/06/river-video-homenaje-messi/,https://x.com/RiverPlate/status/2107265203184226771,Soy del Millo / Prensa River,ALTA,,EXACTA,PUBLICAR,,FALSE,
SI,06/10/2026,16:37,MESSI,FABBIANI LE ESCRIBIÓ A MESSI Y LE PIDIÓ UN ÚLTIMO BAILE EN NEWELL’S,"Cristian “Ogro” Fabbiani publicó una carta dedicada a Lionel Messi en el día de su despedida de la Selección Argentina. El exdelantero agradeció al capitán por lo que significó durante más de dos décadas con la Albiceleste y remarcó que su legado excede los títulos y los récords.

El actual entrenador también dejó un deseo bien rosarino: pidió que Messi pueda cerrar algún día su carrera con “un último baile en Newell’s”. La frase se sumó a los numerosos mensajes que aparecieron en la previa del partido ante Benín y volvió a encender una ilusión histórica entre los hinchas de la Lepra.

Fabbiani señaló además que Messi “no dejó nada pendiente” con la Selección y destacó el impacto que tuvo sobre generaciones de chicos y familias argentinas.",https://www.minutouno.com/deportes/la-carta-del-ogro-fabbiani-messi-antes-su-despedida-ojala-se-pueda-dar-tu-ultimo-baile-n6330671,https://media.minutouno.com/p/da1a6a36a74f4dbd07b9ef3c5de7d281/adjuntos/150/imagenes/043/687/0043687037/ogro-fabbiani-messi.jpg,Minuto Uno,https://www.minutouno.com/deportes/la-carta-del-ogro-fabbiani-messi-antes-su-despedida-ojala-se-pueda-dar-tu-ultimo-baile-n6330671,https://www.youtube.com/watch?v=HNqGL8HldFo,Minuto Uno,ALTA,,EXACTA,PUBLICAR,,FALSE,
SI,06/10/2026,15:14,F1,LECLERC ALERTÓ POR LA FALLA DE SOFTWARE QUE DEJÓ A LOS F1 SIN ACELERACIÓN,"Charles Leclerc expresó su preocupación por la falla de software que afectó a varios autos durante la vuelta de formación del Gran Premio de Baréin. Los monoplazas quedaron limitados a aproximadamente 20 kilómetros por hora y la carrera comenzó con más de una hora y media de demora.

El piloto de Ferrari relató que al intentar acelerar descubrió que sufría el mismo inconveniente que sus rivales. “Da un poco de miedo ver algo así en un coche de Fórmula 1”, admitió.

Leclerc advirtió que las nuevas unidades pueden entregar cien caballos más o menos de manera impredecible al salir de una curva. Para los pilotos, el episodio expuso una preocupación de seguridad que viene acompañando a la nueva generación de motores.",https://www.infobae.com/deportes/2026/10/06/da-un-poco-de-miedo-la-fuerte-sentencia-de-los-pilotos-de-f1-tras-la-falla-en-los-autos-que-provoco-un-caos-en-el-gp-de-barein/,https://www.infobae.com/resizer/v2/LHTRH3R3LBGMFBMQKJGZHM5NUQ.JPG?auth=221f98cec1f0c92d9bee5c94ebc930256869e831d1005cb97b68af6509824318&height=226&quality=85&smart=true&width=350,Infobae Deportes / Motorsport,https://www.infobae.com/deportes/2026/10/06/da-un-poco-de-miedo-la-fuerte-sentencia-de-los-pilotos-de-f1-tras-la-falla-en-los-autos-que-provoco-un-caos-en-el-gp-de-barein/,https://www.youtube.com/watch?v=U-V7IfBwN1I,REUTERS/Annice Lyn/Pool / Infobae,ALTA,,EXACTA,PUBLICAR,,FALSE,
SI,06/10/2026,15:13,TENIS,SINNER TERMINÓ SU TEMPORADA POR UNA LESIÓN Y ZVEREV SERÁ NÚMERO UNO,"Jannik Sinner anunció que no volverá a competir durante 2026 para continuar el tratamiento de una lesión en la rodilla derecha. La decisión lo deja fuera de los torneos restantes y abrirá el camino para que Alexander Zverev alcance por primera vez el número uno del ranking ATP.

El italiano no juega desde julio, cuando derrotó al propio Zverev en la final de Wimbledon. Luego se bajó de Montreal, Cincinnati, el US Open, Beijing y Shanghai para intentar recuperarse.

Sinner explicó que priorizará su carrera a largo plazo y buscará regresar al ciento por ciento. Cierra así un año en el que ganó cinco Masters 1000 consecutivos y su quinto título de Grand Slam.",https://www.infobae.com/deportes/2026/10/06/impacto-en-el-tenis-jannik-sinner-no-jugara-lo-que-resta-del-ano-por-una-lesion-y-otra-figura-sera-numero-1-por-primera-vez/,https://www.infobae.com/resizer/v2/BYIS5UJ6TVHVFKADEDSU7R4DCI.jpg?auth=faec20d9b0a37b7612219629f4bbbde276d9852dcffbd403acf21cedfe571b9a&height=233&quality=85&smart=true&width=350,Infobae Deportes / ATP,https://www.infobae.com/deportes/2026/10/06/impacto-en-el-tenis-jannik-sinner-no-jugara-lo-que-resta-del-ano-por-una-lesion-y-otra-figura-sera-numero-1-por-primera-vez/,https://x.com/janniksin/status/2107388091027591189,AP / Infobae,ALTA,,EXACTA,PUBLICAR,,FALSE,
SI,06/10/2026,15:13,SELECCIÓN ARGENTINA,EL VIDEO DE LA AFA QUE EMOCIONÓ A ANTONELA EN LA DESPEDIDA DE MESSI,"La Selección Argentina publicó un nuevo homenaje audiovisual para Lionel Messi en la jornada de su último partido con la Albiceleste y la pieza tuvo una reacción especialmente emotiva de Antonela Roccuzzo. La esposa del capitán compartió el video en sus historias de Instagram y lo acompañó con emojis de llanto, reflejando el impacto del mensaje preparado para el cierre de una etapa histórica.

El video repasa distintos momentos de los más de veinte años de Messi con la camiseta nacional y pone el foco en un legado que va más allá de los goles y los títulos. La narración destaca cómo su recorrido acompañó a padres, hijos, compañeros y generaciones enteras que crecieron siguiendo a la Selección.

La pieza también recuerda la adversidad, las finales perdidas y la posterior consagración en Qatar 2022. El cierre sostiene que la huella de Messi excede lo conseguido dentro de la cancha. Antonela, que ya había compartido otros mensajes durante la previa, volvió a reflejar la emoción familiar a pocas horas del partido ante Benín en el Monumental.",https://www.infobae.com/deportes/2026/10/06/el-video-que-le-dedico-la-seleccion-argentina-a-lionel-messi-en-su-despedida-y-emociono-a-antonela-roccuzzo/,https://img.youtube.com/vi/r3Fd_NX5Ohk/maxresdefault.jpg,Infobae Deportes / Selección Argentina,https://www.infobae.com/deportes/2026/10/06/el-video-que-le-dedico-la-seleccion-argentina-a-lionel-messi-en-su-despedida-y-emociono-a-antonela-roccuzzo/,https://www.youtube.com/shorts/r3Fd_NX5Ohk,Selección Argentina / LN+,ALTA,,EXACTA,PUBLICAR,,FALSE,
SI,06/10/2026,15:12,SELECCIÓN ARGENTINA,"CUANDO MESSI YA BRILLABA EN BARCELONA, PERO LE PEDÍA PLATA A SU MAMÁ PARA COMPRAR CHICLES","Una historia de 2007 mostró la vida cotidiana de Lionel Messi cuando ya se destacaba junto a Ronaldinho en Barcelona. Durante una visita periodística a la casa familiar de Rosario, el joven campeón mundial Sub 20 dejó la entrevista para organizar un picado con sus primos y amigos.

La improvisación fue total: armaron los arcos con ollas de acero de Celia y jugaron en un espacio contiguo a la vivienda. Después del partido, Messi atravesó el living y le preguntó a su madre si podía darle dinero para comprar chicles en el kiosco.

Aunque ya generaba millones con el fútbol, sus padres todavía administraban su dinero. La escena sintetiza una vida familiar sencilla y la relación de Messi con la pelota antes de convertirse en capitán y campeón del mundo.",https://www.tycsports.com/seleccion-argentina/el-campeon-del-mundo-que-pedia-plata-para-ir-al-kiosco-op-id764519.html,https://media.tycsports.com/files/2026/10/06/993353/seleccion_416x234.webp?v=1,TyC Sports,https://www.tycsports.com/seleccion-argentina/el-campeon-del-mundo-que-pedia-plata-para-ir-al-kiosco-op-id764519.html,https://www.youtube.com/watch?v=HNqGL8HldFo,TyC Sports,MEDIA,,EXACTA,PUBLICAR,,FALSE,
SI,06/10/2026,15:11,SELECCIÓN ARGENTINA,LOS GESTOS SECRETOS DE MESSI: PAGÓ DEUDAS Y REGALÓ ELECTRODOMÉSTICOS A EMPLEADOS DE AFA,"La despedida de Lionel Messi también recuperó historias poco conocidas de su vínculo con los trabajadores de la Selección. En una ocasión, al enterarse de que empleados de la AFA tenían pagos atrasados, intervino para regularizar la situación.

En otro momento envió camiones cargados de electrodomésticos y regalos para que fueran sorteados entre quienes trabajan diariamente en el predio. Fueron gestos realizados sin publicidad y conocidos dentro del entorno de la Albiceleste.

Una anécdota futbolística completa ese retrato: durante una práctica de tiros libres, un integrante del cuerpo técnico creyó que Messi estaba errando porque golpeaba repetidamente el travesaño. Otro le explicó que el arco estaba veinte centímetros más bajo; sus remates, en realidad, habrían sido goles.",https://www.tycsports.com/seleccion-argentina/el-genio-puertas-adentro-sus-gestos-menos-conocidos-op-id764520.html,https://media.tycsports.com/files/2026/10/06/993328/seleccion_416x234.webp?v=1,TyC Sports,https://www.tycsports.com/seleccion-argentina/el-genio-puertas-adentro-sus-gestos-menos-conocidos-op-id764520.html,https://www.youtube.com/watch?v=HNqGL8HldFo,TyC Sports,ALTA,,EXACTA,PUBLICAR,,FALSE,
SI,06/10/2026,15:10,SELECCIÓN ARGENTINA,LOS PIBES QUE CRECIERON VIENDO A MESSI Y AHORA SERÁN PARTE DE SU DESPEDIDA,"Santiago Castro, Agustín Giay, Gianluca Prestianni y Matías Soulé explicaron qué significa compartir el último partido de Lionel Messi con la Selección. Sus testimonios retratan a una generación que creció viendo al capitán y que ahora participa del cierre de su ciclo.

Castro contó que recién conocería personalmente a Messi en esta concentración y que fue quien lo hizo enamorarse de la pelota y de la camiseta argentina. Giay destacó las alegrías que le dio al país, mientras Prestianni admitió la tristeza que le genera pensar en una Selección sin el número 10.

Soulé lo definió como el héroe del seleccionado. Emiliano Martínez resumió el plan del grupo para la despedida: hacer que Messi disfrute, rodearlo de cariño y conseguir que sea feliz en su última noche.",https://www.tycsports.com/seleccion-argentina/la-seleccion-argentina-anticipo-la-despedida-de-messi-me-hizo-enamorar-de-la-pelota-creci-viendolo-y-mas-id764295.html,https://images2.thanhnien.vn/528068263637045248/2026/3/31/messi-1774927026074214043883.jpg,TyC Sports,https://www.tycsports.com/seleccion-argentina/la-seleccion-argentina-anticipo-la-despedida-de-messi-me-hizo-enamorar-de-la-pelota-creci-viendolo-y-mas-id764295.html,https://www.youtube.com/watch?v=HNqGL8HldFo,Thanh Nien — archivo de entrenamiento,ALTA,,TEMPORAL,PUBLICAR,,FALSE,
SI,06/10/2026,15:09,SELECCIÓN ARGENTINA,DEL PELO LARGO AL TRUCO EN QATAR: CINCO HISTORIAS MÍNIMAS DE MESSI EN LA SELECCIÓN,"El primer día de Lionel Messi en Ezeiza empezó con una advertencia inesperada. El preparador físico Gerardo Salorio le dijo que debía cortarse el pelo para jugar; Hugo Tocalli lo frenó con la mirada y el joven rosarino siguió adelante sin abandonar su estilo.

Pedro Galván fue quien le dio la asistencia para su primer gol con la camiseta argentina, ante Paraguay en 2004, y nunca volvió a encontrarse personalmente con él. Un año después, antes de la final del Mundial Sub 20, Messi le aseguró al técnico Francisco Ferraro que Argentina sería campeona y convirtió los dos goles del triunfo ante Nigeria.

También pasó 14 cumpleaños concentrado con la Selección. En Qatar 2022 perdió la final del torneo interno de truco junto a Rodrigo De Paul y Leandro Paredes, aunque días después ganó el premio que realmente buscaba: la Copa del Mundo.",https://www.infobae.com/deportes/2026/10/06/5-historias-minimas-de-messi-en-la-seleccion-antes-de-su-despedida-del-susto-inolvidable-apenas-piso-ezeiza-a-la-derrota-mas-dulce/,https://www.infobae.com/resizer/v2/YUEENGFSCZD4PJ374NEBSICJVI.png?auth=563d2ecc4c29d3da686ce90f21e53e798b93539cd016c7811c590e6a1892e4ee&height=195&quality=85&smart=true&width=350,Infobae Deportes,https://www.infobae.com/deportes/2026/10/06/5-historias-minimas-de-messi-en-la-seleccion-antes-de-su-despedida-del-susto-inolvidable-apenas-piso-ezeiza-a-la-derrota-mas-dulce/,https://www.youtube.com/watch?v=HNqGL8HldFo,Infobae — imagen ilustrativa,MEDIA,,EXACTA,PUBLICAR,,FALSE,
SI,06/10/2026,15:08,SELECCIÓN ARGENTINA,LAVEZZI Y EL KILY GONZÁLEZ ACOMPAÑARON A MESSI EN SU ÚLTIMO ENTRENAMIENTO,"Ezequiel Lavezzi y Cristian Kily González estuvieron presentes en Ezeiza durante el último entrenamiento de Lionel Messi con la Selección Argentina. Los dos siguieron la práctica desde un costado del campo y acompañaron al capitán en las horas previas a su despedida.

Lavezzi compartió varios ciclos de la Albiceleste con Messi. El Kily, actual entrenador del Inter Miami, representa además un vínculo directo con la etapa que el número 10 continuará desarrollando después de cerrar su historia internacional.

La visita reunió en el predio a protagonistas de distintas etapas de su carrera y agregó otro detalle emotivo a una práctica marcada por las risas, el rondo y la competencia habitual de Messi.",https://www.infobae.com/deportes/2026/10/05/lo-que-dejo-el-ultimo-entrenamiento-de-messi-en-la-seleccion-la-prenda-que-debio-cumplir-y-las-visitas-ilustres/,https://www.corrienteshoy.com/galeria/fotos/2024/06/22/m_12590db057b09530daed91f7229d2bb9.jpg,Infobae Deportes,https://www.infobae.com/deportes/2026/10/05/lo-que-dejo-el-ultimo-entrenamiento-de-messi-en-la-seleccion-la-prenda-que-debio-cumplir-y-las-visitas-ilustres/,https://www.youtube.com/watch?v=FyP5rYK0C2M,Corrientes Hoy — archivo Messi-Lavezzi,ALTA,,TEMPORAL,PUBLICAR,,FALSE,
SI,06/10/2026,15:07,SELECCIÓN ARGENTINA,“HOY EMPIEZA OTRA VIDA”: EL MENSAJE DE CAROLINA BALDINI PARA MESSI Y ANTONELA,"Carolina Baldini publicó un mensaje dedicado a Lionel Messi y Antonela Roccuzzo en la previa de la despedida. La madre de Giuliano Simeone puso el foco en la familia que acompañó al capitán durante su carrera y no solamente en sus títulos y récords.

Baldini escribió que detrás de cada deportista existe una familia que adapta sus tiempos, atraviesa derrotas y comparte los nervios de cada partido. “Cuando un deportista se retira, no cuelga solamente una camiseta”, señaló al describir el cambio de rutina que comienza después del adiós.

El texto cerró con un deseo de “feliz nueva vida” para Messi y Antonela. Roccuzzo reaccionó a la publicación con una carita conmovida y dos corazones rojos.",https://www.infobae.com/teleshow/2026/10/06/el-mensaje-de-carolina-baldini-a-lionel-messi-y-antonela-roccuzzo-antes-de-la-despedida-hoy-empieza-otra-vida/,https://www.infobae.com/resizer/v2/R26AHVE6Q5ALPN2YEUPAWUIN7I.jpg?auth=0186d7845baec4e4ab71344d0c68f90cd86cc803ffd64197a383cb6c373b93a8&height=457&quality=85&smart=true&width=350,Infobae Teleshow,https://www.infobae.com/teleshow/2026/10/06/el-mensaje-de-carolina-baldini-a-lionel-messi-y-antonela-roccuzzo-antes-de-la-despedida-hoy-empieza-otra-vida/,https://www.youtube.com/watch?v=HNqGL8HldFo,Instagram / Infobae,MEDIA,,EXACTA,PUBLICAR,,FALSE,
SI,06/10/2026,15:06,SELECCIÓN ARGENTINA,LA REVENTA PARA LA DESPEDIDA DE MESSI SUPERA LOS SEIS MILLONES DE PESOS,"A pocas horas de Argentina-Benín, algunas publicaciones de reventa ofrecen entradas para la despedida de Lionel Messi por más de seis millones de pesos. La cifra multiplica ampliamente los precios oficiales y expone la demanda extraordinaria por el último partido del capitán.

Una popular que costaba 90.000 pesos apareció publicada a 823.668, más de nueve veces su valor original. Las plateas San Martín Baja, que se vendieron oficialmente a 450.000 pesos, superaban los 2,4 millones.

El aviso más caro relevado correspondía a una ubicación de la sección 213 por 6.139.212 pesos. Las entradas oficiales se habían agotado en menos de dos horas.",https://www.infobae.com/economia/2026/10/06/cuanto-piden-en-la-reventa-por-una-entrada-para-ver-el-ultimo-partido-de-messi-en-la-seleccion/,https://www.infobae.com/resizer/v2/AI66KLIJCRDHNOUF4OX3ZTNMFA.JPG?auth=e1aa0939d4554e7131d2efc7b95da2c208efd19e56e555026103b5cb43662d38&height=251&quality=85&smart=true&width=350,Infobae,https://www.infobae.com/economia/2026/10/06/cuanto-piden-en-la-reventa-por-una-entrada-para-ver-el-ultimo-partido-de-messi-en-la-seleccion/,https://www.youtube.com/watch?v=HNqGL8HldFo,FOTOBAIRES / Infobae,ALTA,,EXACTA,PUBLICAR,,FALSE,
SI,06/10/2026,15:05,SELECCIÓN ARGENTINA,UN EXCOMBATIENTE DE MALVINAS CANTARÁ EL HIMNO EN LA DESPEDIDA DE MESSI,"Fabio Santana, veterano de la Guerra de Malvinas, será el encargado de interpretar el Himno Nacional antes de Argentina-Benín en el Monumental. Claudio Tapia lo llamó personalmente para comunicarle que formaría parte de la ceremonia de despedida de Lionel Messi.

Santana anunció que cantará con la bandera de Malvinas que acompañó a la Selección durante el Mundial 2026. La llevará sobre la espalda y planea desplegarla durante su interpretación.

El excombatiente explicó que la participación le permitirá unir dos pasiones nacionales: la causa Malvinas y la Selección. Ya había cantado el Himno en encuentros de la Albiceleste, Los Pumas, la Copa Davis y el Turismo Carretera.",https://www.tycsports.com/seleccion-argentina/el-excombatiente-fabio-santana-cantara-el-himno-en-la-despedida-de-messi-el-gesto-con-la-bandera-de-malvinas-id764569.html,https://media.tycsports.com/files/2026/10/06/993347/fabio-santana-excombatiente-de-malvinas-cantara-el-himno-en-el-partido-despedida-de-messi_416x234.webp,TyC Sports,https://www.tycsports.com/seleccion-argentina/el-excombatiente-fabio-santana-cantara-el-himno-en-la-despedida-de-messi-el-gesto-con-la-bandera-de-malvinas-id764569.html,https://www.youtube.com/watch?v=HNqGL8HldFo,TyC Sports,ALTA,,EXACTA,PUBLICAR,,FALSE,
SI,06/10/2026,15:04,SELECCIÓN ARGENTINA,LA UBA DISTINGUIÓ A MESSI COMO DOCTOR HONORIS CAUSA ANTES DE SU DESPEDIDA,"Lionel Messi recibió el doctorado Honoris Causa de la Universidad de Buenos Aires, el máximo reconocimiento que entrega la institución. La ceremonia se realizó en el predio de la AFA en Ezeiza, horas antes de su último partido con la Selección Argentina.

“Poder recibir un reconocimiento así es un orgullo para mí”, expresó el capitán. Messi admitió que transita una jornada difícil y que, a medida que se acerca el encuentro ante Benín, crece la emoción por el cierre de su etapa albiceleste.

La distinción había sido aprobada por unanimidad por el Consejo Superior de la UBA, que destacó su excelencia, perseverancia, humildad, conducta ética y compromiso con la representación nacional.",https://www.infobae.com/deportes/2026/10/06/lionel-messi-recibio-el-doctorado-honoris-causa-de-la-universidad-de-buenos-aires-es-un-orgullo/,https://www.infobae.com/resizer/v2/27JK3FPDUNAQFHHGBDNS5BDZ7U.jfif?auth=194f0f30450ce49fdb22d916ca805578ee356e5fee424587227b9bbee1f54056&height=233&quality=85&smart=true&width=350,Infobae Deportes / Selección Argentina,https://www.infobae.com/deportes/2026/10/06/lionel-messi-recibio-el-doctorado-honoris-causa-de-la-universidad-de-buenos-aires-es-un-orgullo/,https://www.youtube.com/watch?v=HNqGL8HldFo,Selección Argentina / Infobae,ALTA,,EXACTA,PUBLICAR,,FALSE,
SI,06/10/2026,13:07,SELECCIÓN ARGENTINA,VALENCIA LE DIO PERMISO A GUIDO RODRÍGUEZ PARA ESTAR EN LA DESPEDIDA DE MESSI,"Javier Aguirre autorizó a Guido Rodríguez a viajar desde Valencia a Buenos Aires para participar del homenaje a Lionel Messi. El mediocampista se perderá varios entrenamientos de su club, pero podrá acompañar al capitán con el que ganó el Mundial 2022 y las Copas América de 2021 y 2024.

Guido no integrará el equipo ante Benín porque no fue convocado por Lionel Scaloni. Su presencia estará limitada a los actos organizados por la AFA en el Monumental.

Tras la ceremonia regresará a España para preparar con Valencia el partido del domingo 11 frente a Racing de Santander. El permiso del club fue determinante para que pudiera estar en una noche especial para el grupo campeón.",https://as.com/futbol/guido-se-marcha-al-homenaje-de-messi-f202610-n/,https://img.asmedia.epimg.net/resizer/v2/T6NDDYF3IFOBPITL6PYEDI5EBU.jpg?auth=9ce60c0525ed077d41988ab63b72b25237a165f53e3c2b29bd18271640baae4b&height=203&smart=true&width=360,AS,https://as.com/futbol/guido-se-marcha-al-homenaje-de-messi-f202610-n/,https://www.youtube.com/watch?v=HNqGL8HldFo,Juan Manuel Serrano Arce / AS,ALTA,,EXACTA,PUBLICAR,,FALSE,
SI,06/10/2026,13:06,SELECCIÓN ARGENTINA,LA DESPEDIDA DE MESSI SE VERÁ EN VIVO EN BRASIL Y ALEMANIA,"El último partido de Lionel Messi con la Selección Argentina tendrá una cobertura internacional especial. En Brasil, el amistoso ante Benín será transmitido por geTV a través de YouTube y por el canal Sportv, con inicio a las 20 de Brasilia.

En Alemania, BILD ofrecerá el encuentro en vivo para sus suscriptores en cooperación con sportdigital. La emisión comenzará a las 00.45 del miércoles, hora alemana, con una previa dedicada al cierre de la carrera internacional del capitán.

Las dos señales muestran el alcance global de la despedida: el partido del Monumental no sólo moviliza a la audiencia argentina, sino que también fue incorporado a la programación especial de grandes medios extranjeros.",https://www.uol.com.br/esporte/ultimas-noticias/2026/10/06/argentina-x-benin-horario-e-onde-assistir-ao-jogo-dos-amistosos.ghtm,https://conteudo.imguol.com.br/c/esporte/50/2026/07/07/messi-da-argentina-em-jogo-contra-o-egito-pela-copa-do-mundo-1783449996707_v2_900x506.jpg,UOL / BILD,https://www.bild.de/sport/fussball/bild-zeigt-messis-letztes-argentinien-spiel-live-in-der-nacht-von-dienstag-auf-mittwoch-6ac3965003cb8e98df846c2d,https://www.youtube.com/watch?v=HNqGL8HldFo,Evrim Aydin/Anadolu via Getty Images / UOL,ALTA,,EXACTA,PUBLICAR,,FALSE,
SI,06/10/2026,13:05,SELECCIÓN ARGENTINA,RIVER AUTORIZÓ A THIAGO ALMADA A ENTRENARSE CON MESSI PESE A SU LESIÓN,"Thiago Almada recibió un permiso especial de River para participar de los dos últimos entrenamientos de Lionel Messi con la Selección, pese a que una lesión muscular lo dejó fuera de la convocatoria para los amistosos de octubre.

El mediocampista sufrió un desgarro grado uno en el cuádriceps y todavía no tiene el alta médica para competir. Por eso estará en el Monumental como invitado y no como futbolista disponible para Lionel Scaloni.

Marcos Acuña, Gonzalo Montiel y Ángel Correa también acompañarán el homenaje desde afuera. La presencia de Almada le permitió compartir las últimas prácticas con el capitán sin alterar el plan de recuperación acordado con River.",https://soydelmillo.com/lesiones/2026/10/05/thiago-almada-seleccion-river-2/,https://i0.wp.com/soydelmillo.com/wp-content/uploads/2026/09/imagen-465.webp?fit=880%2C587&quality=80&ssl=1,Soy del Millo,https://soydelmillo.com/lesiones/2026/10/05/thiago-almada-seleccion-river-2/,https://www.youtube.com/watch?v=FyP5rYK0C2M,Soy del Millo,ALTA,,EXACTA,PUBLICAR,,FALSE,
SI,06/10/2026,13:04,SELECCIÓN ARGENTINA,"PAPU GÓMEZ NO ESTARÁ EN EL MONUMENTAL, PERO COMENTARÁ LA DESPEDIDA DE MESSI EN KUWAIT","Alejandro Papu Gómez encontró una manera particular de participar de la despedida de Lionel Messi. Aunque no viajará al Monumental, será comentarista y analista de la transmisión que realizará Shasha Sports para Kuwait.

El campeón del mundo se incorporó recientemente a Forte Virtus, de Emiratos Árabes Unidos, y esa situación complicó su traslado a Buenos Aires. La señal anunció un estudio especial con Fares Awad, Al-Khalasi, el exfutbolista egipcio Mido y el propio Gómez.

Papu no volvió a reunirse con sus excompañeros de Qatar 2022 desde los festejos del título. Su nuevo rol le permitirá acompañar desde Medio Oriente el último partido del capitán argentino.",https://www.infobae.com/deportes/2026/10/06/el-sorpresivo-rol-de-papu-gomez-durante-la-despedida-de-lionel-messi-de-la-seleccion-argentina/,https://www.infobae.com/resizer/v2/UPKJ5K3PJBAPZH3FAN27UQOVI4?auth=8697c642bd21399cf1f9f76f4cc9c6b0392619f5326c91a020954d1874af4596&height=231&quality=85&smart=true&width=350,Infobae Deportes,https://www.infobae.com/deportes/2026/10/06/el-sorpresivo-rol-de-papu-gomez-durante-la-despedida-de-lionel-messi-de-la-seleccion-argentina/,https://www.youtube.com/watch?v=HNqGL8HldFo,REUTERS/Kai Pfaffenbach / Infobae,ALTA,,EXACTA,PUBLICAR,,FALSE,
SI,06/10/2026,13:03,SELECCIÓN ARGENTINA,"“DESPEDIR AL MEJOR”: LOS MENSAJES DEL DIBU, OTAMENDI, ENZO Y MASTANTUONO PARA MESSI","Los compañeros de Lionel Messi convirtieron las redes en un homenaje colectivo antes de su despedida. Emiliano Martínez publicó una foto grupal y escribió: “Último día con esta hermosa banda. Mañana a ganar y despedir al mejor”.

Nicolás Otamendi, que también cierra su ciclo en la Selección, recordó el privilegio de haber sido parte de la historia del capitán. Enzo Fernández eligió tres fotos y una frase breve: “Eternamente gracias”. Franco Mastantuono, representante de la nueva generación, acompañó su postal con una corona, el número 10 y un fragmento de “Esta estrella era mi lujo”.

Giuliano Simeone también se sumó con imágenes junto a Messi. Los posteos reunieron a referentes del equipo campeón y a jóvenes que apenas comenzaron a compartir plantel con el rosarino.",https://www.infobae.com/deportes/2026/10/06/los-sentidos-mensajes-de-los-companeros-de-seleccion-a-lionel-messi-antes-de-su-despedida-contra-benin/,https://www.infobae.com/resizer/v2/D7A2SFOC7VDAHFDAOUX4LDOCMA.jpeg?auth=aa5f5b86d342e7d1eb91bd2626b5bc4d394977559207769fd4486cbea03aff66&height=197&quality=85&smart=true&width=350,Infobae Deportes,https://www.infobae.com/deportes/2026/10/06/los-sentidos-mensajes-de-los-companeros-de-seleccion-a-lionel-messi-antes-de-su-despedida-contra-benin/,https://www.youtube.com/watch?v=HNqGL8HldFo,Infobae / redes de los jugadores,ALTA,,EXACTA,PUBLICAR,,FALSE,
SI,06/10/2026,13:02,SELECCIÓN ARGENTINA,"LA SELECCIÓN ELIGIÓ “MOMENTO”, DE LOS CAFRES, PARA EL VIDEO DEL ÚLTIMO ENTRENAMIENTO DE MESSI","La cuenta oficial de la Selección Argentina musicalizó el video del último entrenamiento de Lionel Messi con “Momento”, una canción de Los Cafres. El tema no fue una elección casual: forma parte de la música que el capitán ha señalado entre sus preferencias.

Las imágenes muestran al plantel y al cuerpo técnico en Ezeiza durante la práctica final antes del amistoso con Benín. El detalle agregó una capa íntima al contenido oficial y acompañó el tono de despedida de una jornada cargada de símbolos.

La publicación se difundió mientras compañeros e hinchas multiplicaban sus propios mensajes para el número 10.",https://tn.com.ar/deportes/futbol/2026/10/05/el-emotivo-posteo-de-lionel-messi-tras-su-ultimo-entrenamiento-con-la-seleccion-argentina-se-que-voy-a-extranar/,https://tn.com.ar/resizer/v2/la-emotiva-foto-que-eligio-lionel-messi-en-su-ultimo-entrenamiento-con-la-seleccion-argentina-foto-leomessiig-MN3NQTD7AZHRFDZBB6PR4AIJJA.jpg?auth=d21442ed09518d7376829d423c636a17b3c14d9d76b3d10ea9dbcc167233353f&width=767,TN / Selección Argentina,https://tn.com.ar/deportes/futbol/2026/10/05/el-emotivo-posteo-de-lionel-messi-tras-su-ultimo-entrenamiento-con-la-seleccion-argentina-se-que-voy-a-extranar/,https://www.youtube.com/watch?v=FyP5rYK0C2M,Instagram @leomessi / TN,MEDIA,,EXACTA,PUBLICAR,,FALSE,
SI,06/10/2026,13:01,SELECCIÓN ARGENTINA,“MOMENTOS ESPECIALES QUE SÉ QUE VOY A EXTRAÑAR”: EL MENSAJE DE MESSI ANTES DEL ADIÓS,"Lionel Messi compartió seis imágenes de su último entrenamiento con la Selección Argentina y resumió la previa de su despedida con una frase personal: “Momentos especiales que sé que voy a extrañar…”. El capitán acompañó el mensaje con la bandera argentina.

Entre las fotos eligió una postal grupal junto a futbolistas, cuerpo técnico y trabajadores de la AFA en el predio de Ezeiza. La publicación trasladó a sus redes el clima emotivo de una práctica que cerró más de dos décadas de concentraciones con la camiseta albiceleste.

El mensaje apareció a pocas horas del amistoso ante Benín en el Monumental y recibió una inmediata respuesta de hinchas y protagonistas del fútbol.",https://tn.com.ar/deportes/futbol/2026/10/05/el-emotivo-posteo-de-lionel-messi-tras-su-ultimo-entrenamiento-con-la-seleccion-argentina-se-que-voy-a-extranar/,https://tn.com.ar/resizer/v2/el-emotivo-posteo-de-lionel-messi-tras-su-ultimo-entrenamiento-con-la-seleccion-argentina-la-foto-especial-que-eligio-foto-leomessiig-GTC2U3RZKBHFRNYMPBGOZYDXEI.jpg?auth=3499de24672c44ae970cb77763a39bfcfc50b95565b0ce6974549c61b6f8c8c1&width=767,TN,https://tn.com.ar/deportes/futbol/2026/10/05/el-emotivo-posteo-de-lionel-messi-tras-su-ultimo-entrenamiento-con-la-seleccion-argentina-se-que-voy-a-extranar/,https://www.youtube.com/watch?v=FyP5rYK0C2M,Instagram @leomessi / TN,ALTA,,EXACTA,PUBLICAR,,FALSE,
SI,06/10/2026,12:35,SELECCIÓN ARGENTINA,"MESSI: “DEJÉ TODO, ME VOY EN PAZ”","Lionel Messi protagonizó un video difundido por Adidas a pocas horas de su último partido con la Selección Argentina. Con “Gracias a la vida”, de Mercedes Sosa, como música de fondo, el capitán agradeció a los hinchas y definió a la camiseta argentina como su sueño, su orgullo y su vida.

La pieza apareció en las horas previas al amistoso ante Benín en el Monumental y se sumó a los homenajes de la jornada. Messi también expresó que extrañará su etapa con la Albiceleste, en un mensaje personal antes del cierre de más de dos décadas con la Selección.",https://tn.com.ar/deportes/futbol/2026/10/06/deje-todo-me-voy-en-paz-el-conmovedor-video-de-messi-antes-de-su-despedida-de-la-seleccion/,https://media.tycsports.com/files/2026/10/05/993273/messi-despedida_1440x810.webp?v=2,TN / Adidas Football,https://tn.com.ar/deportes/futbol/2026/10/06/deje-todo-me-voy-en-paz-el-conmovedor-video-de-messi-antes-de-su-despedida-de-la-seleccion/,https://www.youtube.com/watch?v=HNqGL8HldFo,TyC Sports — archivo Messi,ALTA,,TEMPORAL,PUBLICAR,,FALSE,
SI,06/10/2026,11:10,SELECCIÓN ARGENTINA,“EL ÚLTIMO TANGO”: EL VIDEO OFICIAL DE AFA PARA DESPEDIR A MESSI,"La AFA presentó “El último tango tenía que ser en Argentina”, el concepto audiovisual elegido para acompañar la despedida de Lionel Messi. La pieza repasa más de dos décadas del capitán con la camiseta celeste y blanca y resume el homenaje con la idea de que hay bailes que sólo pueden terminar en casa.

El video recorre sus primeros pasos en las selecciones juveniles, la conquista del Mundial Sub 20 de 2005 y la etapa de títulos con la mayor: Copa América 2021, Finalissima 2022, Mundial de Qatar y Copa América 2024.

El cierre está situado en el Monumental, donde Argentina enfrentará a Benín. AFA presenta el partido como el último capítulo local de una historia que ya forma parte del patrimonio emocional de la Selección.",https://www.afa.com.ar/es/posts/el-ultimo-tango-tenia-que-ser-en-argentina-messi-y-el-cierre-de-una-historia-que-ya-es-eterna,https://assets1.afa.com.ar/2026/LG/LG-mayo-junio26/LG-julio-agosto26/LG-sept26/Web-tango.jpg,AFA,https://www.afa.com.ar/es/posts/el-ultimo-tango-tenia-que-ser-en-argentina-messi-y-el-cierre-de-una-historia-que-ya-es-eterna,https://x.com/tapiachiqui/status/2100187768697557496,AFA,ALTA,,EXACTA,PUBLICAR,,FALSE,
SI,06/10/2026,11:09,SELECCIÓN ARGENTINA,LAS ENTRADAS PARA LA DESPEDIDA DE MESSI SE AGOTARON EN 90 MINUTOS,"La demanda por el último partido de Lionel Messi con la Selección desbordó la venta online. Las entradas para Argentina-Benín se agotaron aproximadamente una hora y media después de la apertura del sistema, mientras miles de usuarios continuaban en la fila virtual.

El Monumental dispone de unos 85.000 lugares, aunque no se informó cuántos tickets salieron efectivamente a la venta. Los precios oficiales iban desde 90.000 pesos para las populares hasta 480.000 para las plateas medias San Martín y Belgrano.

La rápida venta generó quejas de hinchas que esperaron más de una hora y accedieron cuando ya no quedaban ubicaciones. También aparecieron ofertas de reventa con valores de hasta cinco veces el precio original, otro reflejo de la expectativa que produjo la despedida.",https://www.clarin.com/deportes/hora-media-agotaron-entradas-despedida-lionel-messi-seleccion-indignacion-redes-sociales_0_4evOL2zlPw.amp.html,https://www.clarin.com/img/2026/09/24/C-8hOQADw_360x240__1.jpg,Clarín Deportes,https://www.clarin.com/deportes/hora-media-agotaron-entradas-despedida-lionel-messi-seleccion-indignacion-redes-sociales_0_4evOL2zlPw.amp.html,https://www.youtube.com/watch?v=HNqGL8HldFo,Clarín,MEDIA,,EXACTA,PUBLICAR,,FALSE,
SI,06/10/2026,11:08,SELECCIÓN ARGENTINA,EL REGALO DEL PLANTEL PARA MESSI: UNA CAMISETA FIRMADA Y MENSAJES DE AMOR,"Los futbolistas de la Selección prepararon un regalo especial para Lionel Messi: una camiseta conmemorativa firmada por todo el plantel y acompañada por mensajes personales. El recuerdo será entregado en el marco del último partido del capitán ante Benín.

Lionel Scaloni abrió el homenaje con un agradecimiento por haber formado parte de la historia de Messi. Cristian Romero, heredero de la capitanía, lo definió como una persona brillante y expresó el cariño que le tiene; Lisandro Martínez remarcó que ese afecto permanecerá para siempre.

Nico Paz y Franco Mastantuono, dos jugadores señalados como posibles herederos del número 10, también participaron. Mastantuono describió como un sueño haber jugado junto a Messi, mientras Paz destacó todo lo aprendido del capitán.",https://www.tycsports.com/seleccion-argentina/seleccion-argentina-emotivo-regalo-jugadores-lionel-messi-mensajes-camisetas-id763887.html,https://media.tycsports.com/files/2026/10/01/992122/firma-camisetas-messi_416x234.webp,TyC Sports,https://www.tycsports.com/seleccion-argentina/seleccion-argentina-emotivo-regalo-jugadores-lionel-messi-mensajes-camisetas-id763887.html,https://www.youtube.com/watch?v=HNqGL8HldFo,TyC Sports,ALTA,,EXACTA,PUBLICAR,,FALSE,
SI,06/10/2026,11:07,SELECCIÓN ARGENTINA,CÓMO VER LA DESPEDIDA DE MESSI POR TV Y STREAMING EN ARGENTINA,"Argentina y Benín jugarán desde las 20 en el Monumental y la despedida de Lionel Messi tendrá una cobertura televisiva amplia. TyC Sports transmitirá el encuentro en los canales 22 y 101 HD de Flow, 629 y 1629 HD de DirecTV, y 106 y 1018 HD de Telecentro.

La señal también estará disponible por TyC Sports Play. Para acceder online se requiere registro gratuito y la validación de una cuenta de cableoperador. Telefe y DSports completan las opciones de televisión para seguir el amistoso en la Argentina.

El partido comenzará a las 20 en Argentina, Brasil, Paraguay y Uruguay; a las 19 en Chile, Bolivia, Venezuela y la costa este de Estados Unidos; y a las 18 en Colombia, Ecuador y Perú.",https://www.tycsports.com/seleccion-argentina/donde-ver-en-vivo-la-despedida-de-messi-en-argentina-id764340.html,https://media.tycsports.com/files/2026/10/02/992366/portada-messi_862x485.webp,TyC Sports / Clarín,https://www.clarin.com/espectaculos/canal-pies-messi-despedida-lionel-telefe-dedica-toda-grilla-martes-capitan-seleccion_0_OI2ZG0pPgO.amp.html,https://www.youtube.com/watch?v=HNqGL8HldFo,TyC Sports,ALTA,,EXACTA,PUBLICAR,,FALSE,
SI,06/10/2026,11:06,SELECCIÓN ARGENTINA,DE LA PATERNAL A LA GLORIA: DIEZ MOMENTOS QUE MARCARON LA HISTORIA DE MESSI EN LA SELECCIÓN,"La relación de Lionel Messi con la camiseta argentina comenzó el 29 de junio de 2004, en un amistoso Sub 20 ante Paraguay organizado en la cancha de Argentinos Juniors. Aquel partido permitió asegurar su vínculo con la AFA ante el interés de España y abrió un recorrido de más de dos décadas.

La cronología incluye su primer gol en la mayor ante Croacia en 2006, los insultos recibidos tras la Copa América 2011, el inolvidable triplete frente a Brasil en 2012 y la final del Mundial 2014. También atraviesa la renuncia de 2016 y el regreso que cambió el desenlace de su historia con la Selección.

La etapa final estuvo marcada por la Copa América 2021, la Finalissima 2022, el Mundial de Qatar y la Copa América 2024, antes del último Mundial de 2026. La despedida ante Benín cierra un recorrido que pasó de la incertidumbre inicial a la era más ganadora del seleccionado.",https://www.tycsports.com/seleccion-argentina/diez-momentos-de-lionel-messi-en-la-seleccion-argentina-id764534.html,https://media.tycsports.com/files/2026/08/31/983489/messi_w862.webp,TyC Sports,https://www.tycsports.com/seleccion-argentina/diez-momentos-de-lionel-messi-en-la-seleccion-argentina-id764534.html,https://www.youtube.com/watch?v=HNqGL8HldFo,El Gráfico / TyC Sports,ALTA,,EXACTA,PUBLICAR,,FALSE,
SI,06/10/2026,11:05,SELECCIÓN ARGENTINA,EL DEBUT DE MESSI DURÓ 45 SEGUNDOS Y SCALONI FUE EL PRIMERO EN DEFENDERLO,"El 17 de agosto de 2005, Lionel Messi comenzó su historia con la Selección mayor en un amistoso ante Hungría. Tenía 18 años, llevaba la camiseta 18 e ingresó a los 18 minutos del segundo tiempo en reemplazo de Lisandro López.

Su estreno terminó apenas 45 segundos después. Vilmos Vanczák lo sujetó de la camiseta, Messi intentó sacárselo de encima y el árbitro alemán Markus Merk interpretó que hubo una agresión: le mostró la tarjeta roja en la primera pelota que tocó. Años más tarde, el propio rosarino reconoció que temió no volver a ser convocado.

Lionel Scaloni, entonces lateral de la Selección con el número 4, encabezó el reclamo para que el juez revisara la decisión. La escena une el comienzo accidentado de Messi con quien, 17 años después, lo conduciría al título mundial.",https://www.tycsports.com/seleccion-argentina/duro-45-segundos-y-scaloni-lo-defendio-asi-fue-el-debut-de-messi-en-la-seleccion-argentina-id764538.html,https://media.tycsports.com/files/2023/06/16/581920/messi-debut-argentina_416x234.webp?v=1,TyC Sports,https://www.tycsports.com/seleccion-argentina/duro-45-segundos-y-scaloni-lo-defendio-asi-fue-el-debut-de-messi-en-la-seleccion-argentina-id764538.html,https://www.youtube.com/watch?v=hZL_7jVzmuc,TyC Sports,ALTA,,EXACTA,PUBLICAR,,FALSE,
SI,06/10/2026,11:04,SELECCIÓN ARGENTINA,DI MARÍA ESTARÁ EN EL MONUMENTAL Y VERÁ LA DESPEDIDA DE MESSI DESDE AFUERA,"Ángel Di María confirmó que estará presente esta noche en el Monumental para acompañar la despedida de Lionel Messi ante Benín. El rosarino no jugará: adelantó que verá al capitán antes del partido y luego seguirá el encuentro desde afuera, como un hincha más.

Fideo contó que habló con Messi y que lo conmovió verlo feliz y tranquilo, con la certeza de haber entregado todo por la Selección. También destacó el orgullo de haber compartido tantos años con él, tanto en la Albiceleste como durante la temporada que coincidieron en Paris Saint-Germain.

Di María es el futbolista que más partidos disputó al lado de Messi con la camiseta argentina. Su presencia suma a la noche a uno de los compañeros más representativos del ciclo y a un protagonista directo de las conquistas recientes.",https://www.tycsports.com/seleccion-argentina/angel-di-maria-seleccion-argentina-despedida-lionel-messi-id764547.html,https://media.tycsports.com/files/2026/10/06/993312/angel-di-maria_416x234.webp?v=1,TyC Sports,https://www.tycsports.com/seleccion-argentina/angel-di-maria-seleccion-argentina-despedida-lionel-messi-id764547.html,https://x.com/SC_ESPN/status/2101816722751688766,Maja Hitij - FIFA/FIFA via Getty Images / TyC Sports,ALTA,,EXACTA,PUBLICAR,,FALSE,
SI,06/10/2026,10:07,SELECCIÓN ARGENTINA,"RISAS, DE PAUL Y EL LOCO: ASÍ FUE EL ÚLTIMO ENTRENAMIENTO DE MESSI CON LA SELECCIÓN","Lionel Messi completó su última práctica como futbolista de la Selección Argentina en el predio de Ezeiza que lleva su nombre. La jornada dejó al capitán distendido, sonriente y muy cerca de Rodrigo De Paul durante buena parte del entrenamiento.

El plantel realizó trabajos con pelota y el tradicional “loco” en un clima relajado antes del amistoso ante Benín. Messi se había incorporado el domingo, después de no participar en los triunfos frente a Bolivia y Burkina Faso.

La práctica cerró una rutina que acompañó al rosarino durante más de dos décadas: esta noche saldrá al Monumental para disputar su último partido con la camiseta albiceleste.",https://www.tycsports.com/seleccion-argentina/messi-ante-su-ultima-practica-con-la-seleccion-argentina-id764465.html,https://media.tycsports.com/files/2026/10/05/993228/lionel-messi_1440x810.webp,TyC Sports,https://www.tycsports.com/seleccion-argentina/messi-ante-su-ultima-practica-con-la-seleccion-argentina-id764465.html,https://www.youtube.com/watch?v=FyP5rYK0C2M,TyC Sports,ALTA,,EXACTA,PUBLICAR,,FALSE,
SI,06/10/2026,10:06,SELECCIÓN ARGENTINA,SCALONI PREPARA UNA FORMACIÓN CON LOS HISTÓRICOS PARA EL ÚLTIMO PARTIDO DE MESSI,"Lionel Scaloni no confirmó el once para enfrentar a Benín, pero la expectativa es que la despedida de Lionel Messi tenga desde el inicio a varios de los futbolistas históricos que lo acompañaron durante el ciclo más exitoso de la Selección.

Nicolás Otamendi, que también cerrará su etapa con la Albiceleste, es uno de los nombres apuntados para ser titular. La conformación definitiva dependerá de las últimas evaluaciones físicas y de la decisión del entrenador antes del encuentro.

Messi será el eje del equipo en su última presentación y, salvo un cambio de último momento, se espera que tenga una participación extensa en el amistoso que comenzará a las 20 en el Monumental.",https://www.infobae.com/deportes/2026/10/06/la-posible-formacion-de-argentina-en-el-partido-despedida-de-lionel-messi-de-la-seleccion/,https://media.tycsports.com/files/2026/10/02/992366/portada-messi_862x485.webp,Infobae,https://www.infobae.com/deportes/2026/10/06/la-posible-formacion-de-argentina-en-el-partido-despedida-de-lionel-messi-de-la-seleccion/,https://www.youtube.com/watch?v=HNqGL8HldFo,TyC Sports — Messi con la Selección,ALTA,,TEMPORAL,PUBLICAR,,FALSE,
SI,06/10/2026,10:05,SELECCIÓN ARGENTINA,LA DESPEDIDA DE MESSI TENDRÁ A VARIOS CAMPEONES EN EL MONUMENTAL Y AUSENCIAS DE PESO,"La AFA invitó a los campeones del mundo de Qatar 2022 para acompañar a Lionel Messi en su última noche con la Selección, aunque el Monumental no podrá reunir al plantel completo por compromisos de clubes, distancias y situaciones personales.

Entre los nombres vinculados a la ceremonia aparecen compañeros históricos que estarán en el estadio, mientras otros campeones no podrán viajar. El homenaje busca que Messi esté rodeado por buena parte del grupo con el que alcanzó la consagración mundial y los títulos de la etapa de Lionel Scaloni.

La presencia de los campeones será uno de los componentes emotivos de una jornada que incluye shows, homenajes audiovisuales y reconocimientos antes y después del amistoso frente a Benín.",https://www.infobae.com/deportes/2026/10/05/los-campeones-del-mundo-que-estaran-en-la-despedida-de-messi-de-la-seleccion-y-los-que-faltaran-la-situacion-del-papu-gomez/,https://media.tycsports.com/files/2022/12/18/517285/festejo-seleccion-argentina_1440x810.webp,Infobae,https://www.infobae.com/deportes/2026/10/05/los-campeones-del-mundo-que-estaran-en-la-despedida-de-messi-de-la-seleccion-y-los-que-faltaran-la-situacion-del-papu-gomez/,https://www.youtube.com/watch?v=HNqGL8HldFo,"TyC Sports — campeones del mundo, archivo",MEDIA,,TEMPORAL,PUBLICAR,,FALSE,
SI,06/10/2026,10:04,SELECCIÓN ARGENTINA,MÁS DE MIL EFECTIVOS CUSTODIARÁN LA DESPEDIDA DE MESSI Y EL FAN FEST,"La jornada de despedida de Lionel Messi tendrá un dispositivo de seguridad de gran escala en Núñez y Ciudad Universitaria. Más de mil efectivos de la Policía de la Ciudad, junto con seguridad privada, agentes de tránsito y personal de prevención, participarán del operativo.

El esquema contempla tres anillos de seguridad y controles de entradas tanto en el Monumental como en el Fan Fest “Gracias, Leo”. También se aplicarán Tribuna Segura y los controles correspondientes al Registro Público de Alimentantes Morosos.

Ciudad Universitaria tendrá actividades desde el mediodía hasta la medianoche, mientras que las puertas del estadio de River abrirán a las 16 para el amistoso Argentina-Benín de las 20.",https://lu17.com/contenido/151664/megaoperativo-de-seguridad-y-fan-fest-en-buenos-aires-por-la-despedida-de-messi,https://media.tycsports.com/files/2026/10/05/993273/messi-despedida_1440x810.webp?v=2,LU17 / Gobierno de la Ciudad,https://lu17.com/contenido/151664/megaoperativo-de-seguridad-y-fan-fest-en-buenos-aires-por-la-despedida-de-messi,https://x.com/Argentina/status/2107252492190806293,TyC Sports — Monumental preparado para la despedida,MEDIA,,TEMPORAL,PUBLICAR,,FALSE,
SI,06/10/2026,10:03,SELECCIÓN ARGENTINA,"MESSI CIERRA UNA ERA: 21 AÑOS, UN MES Y 20 DÍAS CON LA SELECCIÓN","La despedida ante Benín pondrá punto final a una permanencia extraordinaria de Lionel Messi en la Selección Argentina: entre su debut en la Mayor, el 17 de agosto de 2005, y su último partido pasarán 21 años, un mes y 20 días.

La marca se suma a sus récords de presencias, goles y asistencias con la Albiceleste y dimensiona una carrera internacional que atravesó distintas generaciones, entrenadores y seis Mundiales consecutivos.

El amistoso en el Monumental será así el cierre de uno de los ciclos más extensos de un futbolista con una misma selección nacional.",https://www.clarin.com/deportes/messi-despide-seleccion-21-anos-mes-20-dias-maradona-quinto-beatle-top-5-record-impresionante_0_gke5miUHl7.html,https://media.tycsports.com/files/2026/09/15/988073/lionel-messi-getty_1440x810.webp?v=12,Clarín Deportes,https://www.clarin.com/deportes/messi-despide-seleccion-21-anos-mes-20-dias-maradona-quinto-beatle-top-5-record-impresionante_0_gke5miUHl7.html,https://www.youtube.com/watch?v=HNqGL8HldFo,TyC Sports / Getty Images — archivo Messi,ALTA,,TEMPORAL,PUBLICAR,,FALSE,
SI,06/10/2026,09:32,SELECCIÓN ARGENTINA,LA FIFA DESPIDIÓ A MESSI CON UN EMOTIVO VIDEO ANTES DE SU ÚLTIMO PARTIDO,"La FIFA se sumó a los homenajes por la despedida de Lionel Messi de la Selección Argentina y publicó un video dedicado a repasar distintos momentos de su trayectoria con la camiseta albiceleste.

El reconocimiento apareció a pocas horas del amistoso ante Benín en el Monumental y se incorpora a una jornada cargada de mensajes de organismos, clubes, excompañeros y figuras del fútbol mundial. Messi cerrará su recorrido internacional después de más de dos décadas y más de 200 partidos con la Selección mayor.

El homenaje de FIFA refuerza la dimensión internacional de una despedida que excede el partido: el último encuentro del capitán argentino está generando repercusiones y contenidos especiales en distintos países.",https://www.ole.com.ar/messi/emotivo-video-fifa-despedir-lionel-messi-seleccion-argentina_0_Zzi6b8jhdz.html,https://media.tycsports.com/files/2026/09/15/988073/lionel-messi-getty_1440x810.webp?v=12,Olé / FIFA,https://www.ole.com.ar/messi/emotivo-video-fifa-despedir-lionel-messi-seleccion-argentina_0_Zzi6b8jhdz.html,https://x.com/fifaworldcup_es/status/2107305939590152409,TyC Sports / Getty Images — archivo Messi,ALTA,,TEMPORAL,PUBLICAR,,FALSE,
SI,06/10/2026,09:31,SELECCIÓN ARGENTINA,OPERATIVO ESPECIAL EN NÚÑEZ POR MESSI: CORTES Y SUBTE D HASTA LA 1:30,"La despedida de Lionel Messi tendrá un operativo especial de tránsito alrededor del Monumental. Habrá cortes totales y parciales sobre Udaondo, Figueroa Alcorta, Campos Salles, Ricchieri, Puente Labruna y distintos accesos desde Cantilo, además de restricciones en otros cruces de Núñez y Belgrano.

Las puertas del estadio abrirán a las 16, cuatro horas antes de Argentina-Benín. Para facilitar la desconcentración, la Línea D extenderá el servicio hasta la 1.30 del miércoles: después del horario habitual los trenes saldrán desde Congreso de Tucumán y permitirán descender en Olleros, Plaza Italia, Pueyrredón y 9 de Julio.

La recomendación oficial es evitar circular en auto por la zona durante la tarde y la noche por la concentración prevista de más de 80.000 personas.",https://tn.com.ar/sociedad/2026/10/06/mapa-de-cortes-por-la-despedida-de-messi-que-calles-estaran-cerradas-en-nunez/,https://media.tycsports.com/files/2026/10/05/993273/messi-despedida_1440x810.webp?v=2,TN,https://tn.com.ar/sociedad/2026/10/06/mapa-de-cortes-por-la-despedida-de-messi-que-calles-estaran-cerradas-en-nunez/,https://x.com/Argentina/status/2107252492190806293,TyC Sports — Monumental preparado para la despedida,ALTA,,TEMPORAL,PUBLICAR,,FALSE,
SI,06/10/2026,09:30,SELECCIÓN ARGENTINA,UNA VERSIÓN ITALIANA ASEGURA QUE MESSI NO QUERÍA JUGAR SU PARTIDO HOMENAJE,"La Gazzetta dello Sport instaló una versión polémica a pocas horas de la despedida de Lionel Messi: según el diario italiano, el capitán no habría estado convencido de disputar el amistoso ante Benín y habría cuestionado el costado comercial de la organización.

La información fue replicada por otros medios internacionales, aunque hasta el momento no existe una declaración pública de Messi que confirme esa interpretación. La versión también pone el foco en la elección de Benín como rival y en las condiciones económicas de los amistosos organizados por AFA.

Más allá de esas versiones, Messi jugará esta noche en el Monumental su partido número 208 con la Selección, en una jornada preparada como homenaje oficial. RanaSports presenta el dato como versión atribuida a La Gazzetta y no como un hecho confirmado por el futbolista.",https://tn.com.ar/deportes/futbol/2026/10/06/un-medio-italiano-lanzo-una-polemica-teoria-sobre-la-despedida-de-messi-de-la-seleccion-no-queria-jugar/,https://media.tycsports.com/files/2026/09/15/988073/lionel-messi-getty_1440x810.webp?v=12,TN / La Gazzetta dello Sport,https://tn.com.ar/deportes/futbol/2026/10/06/un-medio-italiano-lanzo-una-polemica-teoria-sobre-la-despedida-de-messi-de-la-seleccion-no-queria-jugar/,https://www.youtube.com/watch?v=HNqGL8HldFo,TyC Sports / Getty Images — archivo Messi,ALTA,,TEMPORAL,PUBLICAR,,FALSE,
SI,06/10/2026,09:29,SELECCIÓN ARGENTINA,TELEFE CAMBIÓ CASI TODA SU PROGRAMACIÓN POR LA DESPEDIDA DE MESSI,"Telefe modificó gran parte de su programación de este martes para acompañar la despedida de Lionel Messi. Varios ciclos saldrán desde estructuras montadas especialmente en el Monumental y la cobertura atravesará prácticamente toda la jornada.

A la Barbarossa se instalará en River desde las 9.30, El Noticiero de la Gente irá desde el estadio a las 13 y Cortá por Lozano tendrá una edición especial desde las 14.45. A las 16.45 comenzará “Palpitando la despedida de Leo”, con Rodolfo Barili, Sofi Martínez y Maxi López, antes de la previa formal de Argentina-Benín desde las 18.30.

El partido comenzará a las 20 y tendrá post partido inmediato. TyC Sports, por su parte, inició su cobertura especial desde las 8 de la mañana.",https://www.clarin.com/espectaculos/canal-pies-messi-despedida-lionel-telefe-dedica-toda-grilla-martes-capitan-seleccion_0_OI2ZG0pPgO.amp.html,https://media.tycsports.com/files/2026/10/05/993273/messi-despedida_1440x810.webp?v=2,Clarín,https://www.clarin.com/espectaculos/canal-pies-messi-despedida-lionel-telefe-dedica-toda-grilla-martes-capitan-seleccion_0_OI2ZG0pPgO.amp.html,https://www.youtube.com/watch?v=HNqGL8HldFo,TyC Sports / archivo Monumental-Messi,MEDIA,,TEMPORAL,PUBLICAR,,FALSE,
SI,06/10/2026,09:28,SELECCIÓN ARGENTINA,ANTONELA PALPITÓ LA DESPEDIDA DE MESSI Y MOSTRÓ LA CAMISETA ESPECIAL,"Antonela Roccuzzo compartió en sus redes distintos contenidos vinculados con la despedida de Lionel Messi de la Selección Argentina. La rosarina se hizo eco del homenaje montado frente al Monumento a la Bandera y reposteó imágenes de la camiseta gigante con el número 10 y la palabra “Gracias”.

También mostró que ya tiene la camiseta especial preparada para el amistoso ante Benín y acompañó la publicación con un emoji de lágrimas. Los posteos dejaron ver cómo la jornada se vive también en la intimidad de la familia Messi, a pocas horas del último partido del capitán con la Albiceleste.",https://tn.com.ar/deportes/futbol/2026/10/05/antonela-roccuzzo-palpito-la-despedida-de-lionel-messi-de-la-seleccion-argentina-los-posteos-que-compartio-en-las-redes-sociales/,https://media.tycsports.com/files/2026/09/25/990560/lionel-messi_1440x810.webp,TN,https://tn.com.ar/deportes/futbol/2026/10/05/antonela-roccuzzo-palpito-la-despedida-de-lionel-messi-de-la-seleccion-argentina-los-posteos-que-compartio-en-las-redes-sociales/,https://www.youtube.com/watch?v=HNqGL8HldFo,TyC Sports / archivo Messi,ALTA,,TEMPORAL,PUBLICAR,,FALSE,
SI,06/10/2026,09:19,BOCA,BATTAGLIA PUEDE VOLVER A SER CONVOCADO EN BOCA DESPUÉS DE DIEZ MESES,"Rodrigo Battaglia quedó cerca de regresar a una convocatoria de Boca. Si completa sin problemas la semana de trabajo, Rodolfo Arruabarrena planea incluirlo en la delegación que viajará a Córdoba para enfrentar el viernes a Instituto por la fecha 12 del Torneo Clausura.

El mediocampista de 35 años no juega desde el 7 de diciembre de 2025. Una tendinopatía crónica en el tendón de Aquiles derecho le impidió realizar la pretemporada y derivó en una operación el 2 de febrero, seguida por una extensa rehabilitación.

Battaglia ya trabaja a la par del plantel y deberá superar las últimas pruebas físicas y futbolísticas. Su regreso ampliaría la rotación del mediocampo en un mes que también incluye las semifinales de la Copa Sudamericana ante Vasco da Gama.",https://www.tycsports.com/boca-juniors/rodrigo-battaglia-tiene-chances-de-volver-a-ser-convocado-en-boca-ante-instituto-op-id764467.html,https://media.tycsports.com/files/2026/10/05/993097/rodrigo-battaglia_416x234.webp?v=1,TyC Sports,https://www.tycsports.com/boca-juniors/rodrigo-battaglia-tiene-chances-de-volver-a-ser-convocado-en-boca-ante-instituto-op-id764467.html,https://www.youtube.com/watch?v=kWHy0AmQuuk,TyC Sports,MEDIA,,EXACTA,PUBLICAR,,FALSE,
SI,06/10/2026,09:18,SELECCIÓN ARGENTINA,DE CAPITÁN SILENCIOSO A REFERENTE TOTAL: LA EVOLUCIÓN DEL LIDERAZGO DE MESSI,"Lionel Messi ejerció la capitanía de la Selección durante más de quince años y transformó un liderazgo inicialmente silencioso en una referencia deportiva y humana para varias generaciones. Su primera vez con la cinta en un Mundial fue ante Grecia en 2010, por decisión de Diego Maradona.

Después de la Copa América 2011, Alejandro Sabella viajó a Europa para comunicarle que sería el capitán permanente. Con el tiempo, Messi incorporó una voz pública más firme, especialmente desde la Copa América 2019, y esa evolución coincidió con la renovación del grupo durante el ciclo de Lionel Scaloni.

Como capitán encabezó las conquistas de la Copa América 2021, la Finalissima 2022, el Mundial de Qatar 2022 y la Copa América 2024. Su último partido con la cinta fue la final del Mundial 2026, cierre de una función que ya era inseparable de su figura en la Albiceleste.",https://www.afa.com.ar/es/posts/lionel-messi-el-capitan-que-transformo-el-liderazgo-de-la-seleccion-argentina,https://assets1.afa.com.ar/2026/LG/LG-mayo-junio26/LG-julio-agosto26/LG-sept26/WebN-Gcap.jpg,AFA,https://www.afa.com.ar/es/posts/lionel-messi-el-capitan-que-transformo-el-liderazgo-de-la-seleccion-argentina,https://www.youtube.com/watch?v=HNqGL8HldFo,AFA,ALTA,,EXACTA,PUBLICAR,,FALSE,
SI,06/10/2026,09:17,SELECCIÓN ARGENTINA,BENÍN SE HIZO XENEIZE ANTES DE ENFRENTAR A MESSI: VISITA Y MATE EN LA BOMBONERA,"Parte del plantel de Benín aprovechó la estadía en Buenos Aires para conocer la Bombonera antes del amistoso de despedida de Lionel Messi. Los futbolistas recorrieron el campo, se fotografiaron con el escudo de Boca y visitaron la estatua de Diego Maradona.

Mohamed Tijani contó que compró un mate para su hijo y reveló que sigue a Boca cuando mira el fútbol argentino. Otro de los visitantes, Rodolfo Aloko, también registró el paseo por el estadio en sus redes.

El defensor dejó una frase que resume el espíritu con el que Benín afronta la noche: ante Messi, dijo, no se trata solamente de marcarlo, sino también de disfrutar el momento. El equipo africano llega invicto en esta ventana internacional.",https://www.tycsports.com/boca-juniors/locos-por-boca-el-plantel-de-benin-visito-la-bombonera-id764531.html,https://media.tycsports.com/files/2026/10/06/993308/rodolfo-aloko-en-la-bombonera-tras-convertirle-un-doblete-a-mauritania_416x234.webp,TyC Sports,https://www.tycsports.com/boca-juniors/locos-por-boca-el-plantel-de-benin-visito-la-bombonera-id764531.html,https://www.youtube.com/watch?v=HNqGL8HldFo,TyC Sports,MEDIA,,EXACTA,PUBLICAR,,FALSE,
SI,06/10/2026,09:16,SELECCIÓN ARGENTINA,MESSI SE DESPIDE INVICTO EN EL MONUMENTAL: 28 PARTIDOS Y 19 GOLES,"El Monumental fue el estadio argentino más productivo de Lionel Messi con la Selección. Allí disputó 28 partidos, marcó 19 goles y nunca perdió: el balance registra 22 victorias y seis empates.

Su primer tanto en Núñez llegó ante Uruguay en 2008. Más tarde firmó actuaciones decisivas, como los tripletes frente a Bolivia en 2021 y 2024, el gol de tiro libre en el regreso de los campeones del mundo en 2023 y el doblete contra Venezuela en 2025.

La elección del estadio de River para el adiós concentra, por lo tanto, una parte central de su historia como local. Con una capacidad superior a 85.000 espectadores, el Monumental despedirá al capitán en el escenario donde más veces convirtió con la camiseta argentina dentro del país.",https://as.com/futbol/internacional/el-monumental-preparado-para-despedir-a-messi-f202610-n/,https://img.asmedia.epimg.net/resizer/v2/WPYXDITA5RD65LWOSFYCRDDL3E.jpg?auth=78894c024bb321086eda436972278cfaf1cc3356a83a01e676770d99857376de&width=375,AS,https://as.com/futbol/internacional/el-monumental-preparado-para-despedir-a-messi-f202610-n/,https://www.youtube.com/watch?v=HNqGL8HldFo,AS / AFA,ALTA,,EXACTA,PUBLICAR,,FALSE,
SI,06/10/2026,09:15,SELECCIÓN ARGENTINA,"EL FAN FEST “GRACIAS, LEO” ABRE AL MEDIODÍA CON MÚSICA, COPAS Y PANTALLA GIGANTE","La AFA organizó un Fan Fest dedicado a Lionel Messi en el Campo de Deportes de la UBA, en Ciudad Universitaria. El predio funcionará de 12 a 0 y transmitirá Argentina-Benín en una pantalla gigante para quienes no estén en el Monumental.

La programación incluye a Kapanga a las 18.30 y La T y La M a las 19.30, además de DJs, intervenciones artísticas y la experiencia “Penales con Goyco”. También habrá espacios para fotografiarse con la Copa del Mundo, la Copa América y la Finalissima, juegos, inflables temáticos y una zona gastronómica.

Las entradas se consiguen por Deportick y habrá estacionamiento junto al predio. La propuesta apunta a extender la despedida más allá del estadio y convertir la jornada en un encuentro abierto entre música, streaming y símbolos de la etapa más exitosa de la Selección.",https://www.afa.com.ar/es/posts/llega-el-fan-fest-gracias-leo-una-experiencia-unica-para-despedir-a-messi-junto-a-la-seleccion,https://assets1.afa.com.ar/2026/LG/LG-mayo-junio26/LG-julio-agosto26/LG-sept26/WebN-festafa.jpg,AFA,https://www.afa.com.ar/es/posts/llega-el-fan-fest-gracias-leo-una-experiencia-unica-para-despedir-a-messi-junto-a-la-seleccion,https://x.com/Argentina/status/2107252492190806293,AFA,ALTA,,EXACTA,PUBLICAR,,FALSE,
SI,06/10/2026,09:14,SELECCIÓN ARGENTINA,EL DT DE BENÍN QUIERE QUE MESSI LE FIRME LA CAMISETA QUE GUARDÓ DESDE 2018,"Gernot Rohr, entrenador de Benín, volverá a encontrarse con Lionel Messi ocho años después del Mundial de Rusia. El alemán dirigía a Nigeria cuando la Argentina ganó 2-1 en San Petersburgo con goles del capitán y Marcos Rojo.

Rohr conserva la camiseta que Messi utilizó en aquel partido y adelantó que aprovechará la despedida en el Monumental para pedirle una firma. Definió el encuentro como un honor histórico para su selección y para sus jugadores.

El detalle suma una historia personal a la visita de Benín: el rival no sólo participará del último partido de Messi con la Selección, sino que también reúne a un entrenador que ya fue testigo directo de uno de los encuentros más dramáticos de su ciclo mundialista.",https://www.tycsports.com/seleccion-argentina/el-particular-reencuentro-de-messi-con-el-dt-de-benin-en-su-despedida-id763239.html,https://media.tycsports.com/files/2026/09/27/991086/lionel-messi-y-gernot-rohr_1440x810.webp,TyC Sports,https://www.tycsports.com/seleccion-argentina/el-particular-reencuentro-de-messi-con-el-dt-de-benin-en-su-despedida-id763239.html,https://www.youtube.com/watch?v=HNqGL8HldFo,TyC Sports,MEDIA,,EXACTA,PUBLICAR,,FALSE,
SI,06/10/2026,09:13,SELECCIÓN ARGENTINA,TOCALLI RECORDÓ EL PRIMER GOL DE MESSI Y SE EMOCIONÓ CON SU DESPEDIDA,"Hugo Tocalli, primer entrenador de Lionel Messi en las selecciones juveniles argentinas, recordó el amistoso Sub 20 ante Paraguay del 29 de junio de 2004 que se organizó para asegurar su vínculo con la AFA antes de que España pudiera convocarlo.

Messi ingresó en aquel 8-0 y marcó el séptimo gol; en la planilla incluso apareció anotado como “Mecci”. Tocalli destacó que el capitán terminó convirtiéndose en un ejemplo dentro y fuera de la cancha y sostuvo que los argentinos deben sentirse orgullosos de haberlo disfrutado.

El actual coordinador de juveniles de Independiente valoró además que Messi haya podido elegir el momento de su salida. Para Tocalli, esa decisión completa el recorrido iniciado cuando el rosarino todavía era un adolescente que buscaba vestir la camiseta argentina.",https://www.tycsports.com/seleccion-argentina/la-emocion-de-tocalli-ante-la-despedida-de-messi-de-la-seleccion-argentina-los-argentinos-nos-tenemos-que-sentir-orgullosos-op-id762908.html,https://media.tycsports.com/files/2022/12/20/517968/hugo-tocalli-y-messi_862x485.webp?v=1,TyC Sports,https://www.tycsports.com/seleccion-argentina/la-emocion-de-tocalli-ante-la-despedida-de-messi-de-la-seleccion-argentina-los-argentinos-nos-tenemos-que-sentir-orgullosos-op-id762908.html,https://www.youtube.com/watch?v=hZL_7jVzmuc,TyC Sports,ALTA,,TEMPORAL,PUBLICAR,,FALSE,
SI,06/10/2026,09:12,SELECCIÓN ARGENTINA,EL MUNDIAL 2030 SERÁ EL PRIMERO SIN MESSI EN 28 AÑOS,"La Copa del Mundo de 2030 abrirá un escenario que parecía imposible para una generación completa: será la primera sin Lionel Messi desde Corea-Japón 2002. En aquella competencia el rosarino tenía 14 años y jugaba en la categoría Cadete del Barcelona.

La eliminación argentina ante Suecia quedó ligada a una anécdota de su adolescencia. Sus compañeros españoles lo cargaron después del 1-1 que dejó afuera al equipo de Marcelo Bielsa y Messi, golpeado por el resultado, volvió a su casa.

Desde Alemania 2006 hasta Estados Unidos 2026 disputó seis Mundiales consecutivos. La comparación entre aquel adolescente y el capitán que ahora se despide permite medir la extensión de una carrera que atravesó tres décadas y transformó la relación de la Selección con sus hinchas.",https://www.tycsports.com/seleccion-argentina/adios-a-una-epoca-como-eran-messi-el-futbol-y-la-tecnologia-la-ultima-vez-que-no-jugo-un-mundial-andres-burgo-op-id764408.html,https://media.tycsports.com/files/2026/10/05/992999/messi-a-los-14-anos-en-la-division-cadetes-de-barcelona_416x234.webp?v=1,TyC Sports,https://www.tycsports.com/seleccion-argentina/adios-a-una-epoca-como-eran-messi-el-futbol-y-la-tecnologia-la-ultima-vez-que-no-jugo-un-mundial-andres-burgo-op-id764408.html,https://www.youtube.com/watch?v=HNqGL8HldFo,TyC Sports,MEDIA,,EXACTA,PUBLICAR,,FALSE,
SI,06/10/2026,09:11,SELECCIÓN ARGENTINA,LOS CUATRO RÉCORDS GIGANTES QUE MESSI DEJA EN LA SELECCIÓN ARGENTINA,"La despedida de Lionel Messi cierra una trayectoria que dejó marcas de escala histórica. Antes del partido ante Benín, el capitán acumula 207 presencias y 125 goles con la Selección mayor; entre los futbolistas argentinos en actividad, Lautaro Martínez aparece muy lejos en la tabla de anotadores con 42.

Messi también es el argentino con más partidos en Mundiales, con 34, por delante de Diego Maradona y Javier Mascherano. En esas seis Copas convirtió 21 goles para la Selección y quedó a uno del registro mundial de Kylian Mbappé.

En Eliminatorias Sudamericanas terminó con 31 tantos, cifra que comparte con Luis Suárez en la cima histórica del torneo. Los números explican por qué la despedida no marca solamente la salida de un capitán, sino el cierre de una era estadística difícil de repetir.",https://www.tycsports.com/seleccion-argentina/los-cuatro-inalcanzables-records-que-deja-messi-id764510.html,https://media.tycsports.com/files/2026/09/15/988073/lionel-messi-getty_1440x810.webp?v=12,TyC Sports,https://www.tycsports.com/seleccion-argentina/los-cuatro-inalcanzables-records-que-deja-messi-id764510.html,https://www.youtube.com/watch?v=HNqGL8HldFo,TyC Sports,ALTA,,EXACTA,PUBLICAR,,FALSE,
SI,06/10/2026,09:10,SELECCIÓN ARGENTINA,MESSI USARÁ UNA CAMISETA ESPECIAL EN SU ÚLTIMO PARTIDO CON LA SELECCIÓN,"Lionel Messi vestirá ante Benín una camiseta diseñada especialmente para su despedida de la Selección Argentina. El modelo mantiene la identidad albiceleste con dos franjas celestes anchas y una blanca en el centro, atravesada por una reinterpretación del Sol de Mayo.

El nombre y el número 10 aparecerán en dorado, al igual que detalles conmemorativos incorporados para la ocasión. La indumentaria forma parte de una colección exclusiva que fue puesta a la venta antes del encuentro.

La pieza será uno de los símbolos visibles de la ceremonia preparada en el Monumental para cerrar más de dos décadas de Messi con la camiseta mayor de la Argentina.",https://www.tycsports.com/seleccion-argentina/los-detalles-de-la-camiseta-especial-que-messi-usara-en-su-despedida-con-la-seleccion-argentina-id764540.html,https://media.tycsports.com/files/2026/09/25/990560/lionel-messi_1440x810.webp,TyC Sports,https://www.tycsports.com/seleccion-argentina/los-detalles-de-la-camiseta-especial-que-messi-usara-en-su-despedida-con-la-seleccion-argentina-id764540.html,https://www.youtube.com/watch?v=HNqGL8HldFo,TyC Sports,ALTA,,EXACTA,PUBLICAR,,FALSE,
SI,06/10/2026,08:26,SELECCIÓN ARGENTINA,LA DESPEDIDA DE MESSI YA TIENE GRILLA COMPLETA: TODOS LOS SHOWS Y HORARIOS,"La AFA confirmó el line up completo para la despedida de Lionel Messi con la Selección Argentina, este martes 6 de octubre en el Monumental ante Benín. La actividad musical comenzará a las 17:30 con Un Poco de Ruido y seguirá con Sebastián Mendoza (17:40), Román, El Original (17:50), Amar Azul (18:00), Santi Cairo (18:10), Q’ Lokura (18:20), Un Poco de Ruido (18:40) y Damas Gratis (19:00). A las 20:00, Fabio Santana interpretará el Himno Nacional. En el entretiempo tocará Gaspar Benegas y, tras el partido, habrá drones y fuegos artificiales a las 22:03, La Sole a las 22:10, Ulises Bueno a las 22:15 y un show sorpresa a las 22:30.",https://x.com/Argentina/status/2107252492190806293,https://d.fxtwitter.com/Argentina/status/2107252492190806293/photo/1,AFA / Selección Argentina,https://x.com/Argentina/status/2107252492190806293,https://x.com/Argentina/status/2107252492190806293,AFA / Selección Argentina,ALTA,https://x.com/Argentina/status/2107252492190806293,EXACTA,PUBLICAR,,FALSE,
SI,06/10/2026,07:21,FÚTBOL ARGENTINO,RIVER QUEDÓ CONTRA LAS CUERDAS EN LA PELEA POR ENTRAR A LA LIBERTADORES 2027,"River afrontará el tramo final del Torneo Clausura con poco margen de error en la pelea por clasificarse a la Copa Libertadores 2027. Con un partido pendiente ante Sarmiento, el equipo aparece décimo en la tabla anual y está a ocho puntos de los puestos que hoy otorgan el acceso al principal torneo continental.

El panorama obliga al Millonario a sumar fuerte en las fechas que quedan. Si se toma como referencia la cifra de 57 puntos que el año pasado alcanzó para ocupar el último lugar de clasificación, River necesitaría sumar alrededor de 15 de las 18 unidades disponibles y, además, esperar que varios rivales directos dejen puntos en el camino.

Su calendario incluye cruces de alta dificultad: Estudiantes de Río Cuarto, el pendiente frente a Sarmiento, Belgrano, Racing, Boca y Aldosivi. La otra vía directa sigue siendo ganar el Clausura. En caso de no lograr el título ni meterse entre los mejores de la anual, dependerá de liberación de cupos por campeones ya clasificados.",https://www.tycsports.com/river-plate/que-necesita-river-para-clasificar-a-la-copa-libertadores-2027-id764524.html,https://media.tycsports.com/files/2026/10/06/993286/los-titulares-de-river-en-el-monumental_416x234.webp?v=32,TyC Sports,https://www.tycsports.com/river-plate/que-necesita-river-para-clasificar-a-la-copa-libertadores-2027-id764524.html,,TyC Sports,MEDIA,,EXACTA,PUBLICAR,,FALSE,
SI,06/10/2026,07:11,FÚTBOL ARGENTINO,VECCHIO RECORDÓ EL PENAL QUE CAMBIÓ EL TÍTULO 2022: “YO LO PATEABA AL MEDIO”,"Emiliano Vecchio volvió sobre la definición de la Liga Profesional 2022, cuando Racing recibió a River y tuvo en el cierre el penal que podía darle el campeonato. El exmediocampista de la Academia aseguró que, de haber estado en cancha, se habría hecho cargo de la ejecución y habría rematado al centro del arco ante Franco Armani.

Jonathan Galván tomó la pelota aquella tarde, pero Armani contuvo el disparo. Poco después, Miguel Borja convirtió el 2-1 para River y el resultado permitió que Boca se consagrara pese a empatar 2-2 con Independiente. Vecchio, lesionado y ubicado en un palco, contó que durante su recuperación imaginaba un penal decisivo ante el Millonario.

El enganche también defendió a Galván por asumir la responsabilidad en un momento de máxima presión, aunque calificó como flojo el rendimiento de River durante buena parte de aquel partido. Sus declaraciones reabrieron el recuerdo de una de las definiciones más dramáticas del fútbol argentino reciente.",https://www.tycsports.com/la-noche-de-tyc-sports/no-vi-al-mismo-river-vecchio-y-el-recuerdo-de-la-infartante-definicion-que-corono-a-boca-id764526.html,https://media.tycsports.com/files/2026/10/06/993277/franco-armani-jonathan-galvan_862x485.webp,TyC Sports,https://www.tycsports.com/la-noche-de-tyc-sports/no-vi-al-mismo-river-vecchio-y-el-recuerdo-de-la-infartante-definicion-que-corono-a-boca-id764526.html,https://www.youtube.com/watch?v=EcEKBAatYno,TyC Sports,MEDIA,,EXACTA,PUBLICAR,,FALSE,
SI,06/10/2026,07:10,ASCENSO,NUEVA CHICAGO PODRÁ LLEVAR VISITANTES ANTE TEMPERLEY EN UN PARTIDO CLAVE,"APreViDe confirmó que el encuentro entre Temperley y Nueva Chicago se disputará con público de ambas parcialidades. El partido se jugará el domingo 11 de octubre desde las 16 en el estadio Alfredo Beranger, por la fecha 33 de la Primera Nacional.

El operativo contemplará ingresos y egresos diferenciados y medidas adaptadas a las características del estadio. Todavía no se informó cuántas entradas tendrá a disposición el público del Torito, que ya había podido acompañar al equipo como visitante frente a Almagro.

El cruce tiene importancia para los dos: Temperley pelea por el primer puesto de la Zona B, actualmente en manos de Tristán Suárez, mientras Nueva Chicago intenta alejarse del descenso y se encuentra apenas tres puntos por encima de Chacarita, uno de los equipos que hoy perdería la categoría.",https://www.tycsports.com/primera-nacional/nueva-chicago-podra-llevar-visitantes-a-temperley-en-la-primera-nacional-id764499.html,https://media.tycsports.com/files/2026/10/05/993202/hinchada-de-nueva-chicago_1440x810.webp?v=2,TyC Sports,https://www.tycsports.com/primera-nacional/nueva-chicago-podra-llevar-visitantes-a-temperley-en-la-primera-nacional-id764499.html,https://www.youtube.com/watch?v=k4NyB0skLfQ,TyC Sports,MEDIA,,EXACTA,PUBLICAR,,FALSE,
SI,06/10/2026,07:09,RUGBY,ARGENTINA Y SUDAMÉRICA FORMALIZARON SU CANDIDATURA PARA ORGANIZAR EL MUNDIAL DE RUGBY 2035,"La Unión Argentina de Rugby, junto con Uruguay, Chile y Brasil, presentó ante World Rugby la información técnica para formalizar la candidatura sudamericana al Mundial de 2035. La sede elegida se anunciará en noviembre de 2027 y, si el proyecto prospera, sería la primera Copa del Mundo disputada en esta región.

La propuesta incluye ocho estadios argentinos: el Monumental y el José Amalfitani en Buenos Aires, el Único de La Plata, el Mario Alberto Kempes de Córdoba, el Madre de Ciudades de Santiago del Estero, el Padre Martearena de Salta, el Malvinas Argentinas de Mendoza y el Gigante de Arroyito de Rosario. También aparecen el Maracaná, el Nacional de Chile y el Centenario de Montevideo.

Félix Páez Molina, presidente de la UAR, destacó la oportunidad de mostrar la pasión regional y la capacidad para organizar grandes eventos. Sudamérica Rugby remarcó que las cuatro uniones trabajan en conjunto y que recibir un Mundial sigue siendo una deuda pendiente para el continente.",https://www.tycsports.com/rugby/los-miticos-estadios-que-sudamerica-propone-para-el-mundial-de-rugby-2035-id764515.html,https://media.tycsports.com/files/2026/10/05/993275/maracana_1440x810.webp?v=1,TyC Sports,https://www.tycsports.com/rugby/los-miticos-estadios-que-sudamerica-propone-para-el-mundial-de-rugby-2035-id764515.html,https://x.com/unionargentina/status/2107184955898167518,TyC Sports,ALTA,,EXACTA,PUBLICAR,,FALSE,
SI,06/10/2026,07:08,SELECCIÓN ARGENTINA,EL MONUMENTAL SE VISTIÓ DE GALA PARA LA ÚLTIMA FUNCIÓN DE MESSI CON LA SELECCIÓN,"River mostró cómo prepara el Monumental para el amistoso entre la Selección Argentina y Benín, que comenzará este martes a las 20 y marcará la despedida de Lionel Messi de la Albiceleste. Las pantallas verticales de los pasillos reproducen distintos goles del capitán con la camiseta nacional.

La jornada tendrá actividad desde el mediodía con un Fan Fest en Ciudad Universitaria para quienes no consiguieron entradas. Habrá propuestas gastronómicas, juegos, experiencias interactivas y una pantalla gigante para seguir el encuentro. En el estadio también están previstos shows musicales antes y después del partido.

Tras el amistoso, Messi recibirá una plaqueta y una camiseta especial por su trayectoria, además de un homenaje audiovisual. El Monumental, con capacidad para más de 85.000 personas, será el escenario del cierre de un ciclo de dos décadas en la Selección mayor.",https://www.tycsports.com/seleccion-argentina/monumental-gala-para-recibir-lionel-messi-su-ultimo-partido-seleccion-argentina-id764525.html,https://media.tycsports.com/files/2026/10/05/993273/messi-despedida_1440x810.webp?v=2,TyC Sports,https://www.ole.com.ar/seleccion/argentina-vs-benin-despedida-lionel-messi-dia-hora-ver-tv-online-formaciones_0_4qPAZp28qU.html,https://x.com/RiverPlate/status/2107265203184226771,TyC Sports,ALTA,,EXACTA,PUBLICAR,,FALSE,
SI,06/10/2026,07:07,SELECCIÓN ARGENTINA,OTAMENDI SE DESPIDIÓ DE LOS ENTRENAMIENTOS CON LA SELECCIÓN: “SE CIERRA UNA PARTE ENORME DE MI VIDA”,"Nicolás Otamendi completó su último entrenamiento con la Selección Argentina y publicó un mensaje cargado de emoción antes del amistoso ante Benín. El defensor, invitado especialmente para acompañar la despedida de Lionel Messi, había decidido cerrar su etapa en la Albiceleste después del Mundial 2026.

El zaguero repasó los primeros pasos, las dificultades, las victorias y las derrotas de su ciclo, y definió haber representado al país como uno de los mayores honores de su vida. “Hoy termina un entrenamiento, pero también se cierra una parte enorme de mi vida”, escribió junto a una foto con el plantel, el cuerpo técnico y empleados de AFA.

Otamendi, actualmente jugador de River, también dedicó unas palabras a Messi y destacó el privilegio de haber compartido su historia. La despedida formal será este martes en el Monumental, en una jornada que reunirá a campeones del mundo e invitados especiales.",https://www.tycsports.com/seleccion-argentina/otamendi-emocionado-por-su-ultimo-entrenamiento-con-la-seleccion-argentina-id764527.html,https://media.tycsports.com/files/2026/10/06/993281/otamendi_862x485.webp?v=1,TyC Sports,https://www.tycsports.com/seleccion-argentina/otamendi-emocionado-por-su-ultimo-entrenamiento-con-la-seleccion-argentina-id764527.html,https://x.com/TyCSports/status/2107212073318916187,TyC Sports,ALTA,,EXACTA,PUBLICAR,,FALSE,
SI,06/10/2026,07:06,FÚTBOL ARGENTINO,"BANFIELD FUE SUPERIOR, PERO CENTRAL REACCIONÓ Y RESCATÓ UN EMPATE EN EL FLORENCIO SOLA","Banfield y Rosario Central igualaron 1-1 en el Florencio Sola por la fecha 11 del Torneo Clausura. El Taladro abrió el marcador a los 40 minutos del primer tiempo con un potente remate de Tomás Adoryan que pegó en el palo antes de entrar.

El equipo de Pedro Troglio tuvo oportunidades para ampliar la ventaja: Jeremías Ledesma respondió ante Federico Medina y Adrián Balboa, y en el complemento el delantero uruguayo estrelló un cabezazo en el travesaño. Central sostuvo el partido y encontró el empate a los 35 minutos de la segunda parte, cuando Franco Ibarra filtró un pase para Giovanni Cantizano y el juvenil definió junto al palo derecho.

El 1-1 dejó al Canalla en zona de playoffs y de Copa Sudamericana en la tabla anual, mientras Banfield continúa en la parte baja y mantiene como gran objetivo la semifinal de la Copa Argentina ante Boca. El encuentro contó con público de ambas parcialidades.",https://www.tntsports.com.ar/ligaprofesional/banfield-rosario-central-torneo-clausura-20261005-0020.html,https://assets.tntsports.com.ar/__export/1791253433513/sites/tntsports/img/2026/10/05/banfield_central.jpg_1164671483.jpg,TNT Sports Argentina,https://rosariocentral.com/noticia/empate-ante-banfield/,https://x.com/LigaAFA/status/2107292220760178959,TNT Sports,ALTA,,EXACTA,PUBLICAR,,FALSE,
SI,06/10/2026,07:02,FÚTBOL ARGENTINO,LA TABLA ANUAL ARDE: INDEPENDIENTE RIVADAVIA LIDERA Y BOCA QUEDÓ A DOS PUNTOS,"La pelea por la tabla anual del fútbol argentino entró en su tramo decisivo y tiene a Independiente Rivadavia en lo más alto con 52 puntos. Boca y Argentinos Juniors aparecen inmediatamente detrás con 50, mientras que Vélez suma 49 y Rosario Central 47. A falta de cinco fechas para la mayoría de los equipos, la lucha combina el objetivo del primer puesto con la clasificación a las copas internacionales de 2027.

El sistema de cupos vuelve especialmente importante cada punto. Además de los campeones de los torneos y la Copa Argentina, los mejores ubicados de la tabla anual obtienen plazas para la Libertadores, mientras que los equipos siguientes ingresan a la Sudamericana. Por eso, el cierre del Clausura tendrá incidencia directa en varios frentes.

Independiente Rivadavia todavía deberá enfrentar, entre otros, a Rosario Central y Argentinos Juniors. Boca tiene en su calendario a Instituto, Talleres, Independiente, River y Defensa y Justicia. Con diferencias mínimas entre los primeros puestos, una sola fecha puede modificar de manera importante el orden y los lugares de clasificación.",https://www.tycsports.com/liga-profesional-de-futbol/tabla-anual-pelea-clasiciacion-equipos-id764374.html,https://media.tycsports.com/files/2026/09/21/989772/tabla-anual_416x234.webp,TyC Sports,https://www.tycsports.com/liga-profesional-de-futbol/tabla-anual-pelea-clasiciacion-equipos-id764374.html,,TyC Sports,MEDIA,,TEMPORAL,PUBLICAR,,FALSE,
SI,05/10/2026,22:51,FÚTBOL ARGENTINO,GUILLERMO DISCUTIÓ EL PENAL CON PALERMO Y EL FALLO DEL VAR QUEDÓ EN EL CENTRO DE LA ESCENA,"El penal que Platense desperdició en el 2-2 ante Vélez dejó una de las escenas del cierre de la fecha. Lisandro Magallán cruzó a Nicolás Retamar cuando el delantero salía del área y Sebastián Zunino cobró inicialmente tiro libre, pero el VAR lo llamó para revisar si el contacto había sido sobre la línea.

Después de observar la acción, el árbitro cambió su decisión y sancionó penal. Desde el banco local, Guillermo Barros Schelotto le gritó a Martín Palermo que la infracción había sido afuera; el técnico de Platense respondió en medio de una charla cargada de gestos y luego ambos le quitaron dramatismo a la situación.

Agustín Lagos desvió la ejecución y evitó que la jugada tuviera incidencia directa en el resultado. La secuencia, sin embargo, reabrió el debate sobre el límite del área y el criterio del VAR en una noche en la que Vélez terminó cediendo el empate sobre el final.",https://www.tycsports.com/liga-profesional-de-futbol/esta-afuera-la-reaccion-de-guillermo-barros-schelotto-con-martin-palermo-en-el-penal-que-protesto-todo-velez-id764523.html,https://media.tycsports.com/files/2026/10/05/993262/barros-schelotto-palermo_1440x810.webp?v=1,TyC Sports,https://www.tycsports.com/liga-profesional-de-futbol/esta-afuera-la-reaccion-de-guillermo-barros-schelotto-con-martin-palermo-en-el-penal-que-protesto-todo-velez-id764523.html,https://www.youtube.com/watch?v=1uBeSSsdU1E,TyC Sports,MEDIA,,EXACTA,PUBLICAR,,FALSE,
SI,05/10/2026,22:46,ESTUDIANTES,MEDINA CONFIRMÓ QUE PIDIÓ A MARCOS ROJO Y DESTACÓ SU ENERGÍA PARA VOLVER A ESTUDIANTES,"Alexander Medina confirmó que el cuerpo técnico pidió la incorporación de Marcos Rojo y que la dirigencia de Estudiantes también impulsó su regreso. El entrenador habló después del 3-0 sobre Gimnasia de Mendoza y contó que se reunió con el defensor en el vestuario del estadio UNO.

Según Medina, encontró al futbolista con entusiasmo y una energía positiva para iniciar su tercer ciclo en el club. Rojo presenció el partido mientras terminaba de completar los pasos posteriores a la rescisión con Racing, ya formalizada durante la jornada.

La declaración agrega la mirada deportiva a una operación que hasta ahora había avanzado principalmente en el plano contractual. El desafío inmediato será que Rojo recupere ritmo y pueda ponerse a disposición para el tramo decisivo del Clausura y la semifinal de la Copa Libertadores.",https://www.tycsports.com/liga-profesional-de-futbol/la-confesion-de-medina-antes-de-la-llegada-de-rojo-lo-pedimos-asi-como-la-directiva-tambien-lo-queria-aca-id764522.html,https://media.tycsports.com/files/2026/10/05/993258/marcos-rojo-estudiantes_1440x810.webp,TyC Sports,https://www.tycsports.com/liga-profesional-de-futbol/la-confesion-de-medina-antes-de-la-llegada-de-rojo-lo-pedimos-asi-como-la-directiva-tambien-lo-queria-aca-id764522.html,https://www.youtube.com/watch?v=2Gn8iawxAj4,TyC Sports,MEDIA,,EXACTA,PUBLICAR,,FALSE,
SI,05/10/2026,22:30,RIVER,RIVER BLINDÓ A BRUNO CABRAL CON UNA CLÁUSULA DE 100 MILLONES DE EUROS,"River acordó el primer contrato profesional de Bruno Cabral, delantero de la categoría 2010 y una de las grandes proyecciones de sus inferiores. El vínculo se extenderá hasta diciembre de 2028 e incluirá una cláusula de rescisión de 100 millones de euros.

Cabral, nacido en Lomas de Zamora y de padres paraguayos, ganó notoriedad en la Messi Cup 2025: fue goleador y figura del torneo con siete tantos, incluidos dos en la final, y condujo al equipo millonario al título. En 2024 había marcado 26 goles y terminó como máximo artillero de todas las categorías juveniles de AFA; también integró la Selección Argentina Sub 15.

El acuerdo llega antes de que cumpla 16 años y en medio del seguimiento de clubes de Alemania e Inglaterra. River busca así asegurar a un atacante que ya despertó interés europeo y sostener su política de protección patrimonial sobre los juveniles de mayor proyección.",https://www.tycsports.com/river-plate/river-blindo-al-juvenil-bruno-cabral-con-una-clausula-de-100-millones-de-euros-id764514.html,https://media.tycsports.com/files/2026/10/05/993249/bruno-cabral-el-nuevo-juvenil-blindado-por-river_862x485.webp,TyC Sports,https://www.tycsports.com/river-plate/river-blindo-al-juvenil-bruno-cabral-con-una-clausula-de-100-millones-de-euros-id764514.html,https://www.youtube.com/watch?v=PA4WNni4rUQ,TyC Sports,ALTA,,EXACTA,PUBLICAR,,FALSE,
SI,05/10/2026,21:53,FÚTBOL ARGENTINO,MÓDICA SALIÓ MAREADO Y CARRILLO TERMINÓ ENSANGRENTADO TRAS UN FUERTE CHOQUE DE CABEZAS,"Agustín Módica y Guido Carrillo protagonizaron un fuerte choque de cabezas durante el segundo tiempo de Estudiantes-Gimnasia de Mendoza. El delantero del Pincha quedó ensangrentado, recibió atención y continuó vendado, mientras que el atacante visitante acusó mareos y debió abandonar la cancha en el carrito.

La acción ocurrió cuando el partido todavía estaba 0-0 y Gimnasia llegó a completar un contraataque antes de que el juego fuera detenido. Módica fue reemplazado por Valentino Simoni; Carrillo siguió y minutos después recibió la falta de Diego Mondino que derivó en el penal convertido por Edwuin Cetré para abrir el marcador.

Más tarde se produjo otro cruce de cabezas entre Cetré y Matías Recalde, aunque ambos pudieron continuar. El episodio dejó como preocupación principal el estado de Módica, a la espera de la evaluación médica posterior al encuentro.",https://www.tycsports.com/liga-profesional-de-futbol/el-fuerte-choque-de-cabezas-que-obligo-a-salir-a-modica-y-dejo-ensangrentado-a-carrillo-id764516.html,https://media.tycsports.com/files/2026/10/05/993240/choque-de-cabezas-guido-carrillo-agustin-modica_862x485.webp?v=1,TyC Sports,https://www.tycsports.com/liga-profesional-de-futbol/el-fuerte-choque-de-cabezas-que-obligo-a-salir-a-modica-y-dejo-ensangrentado-a-carrillo-id764516.html,https://www.youtube.com/watch?v=wa5MnW61H24,TyC Sports,MEDIA,,EXACTA,PUBLICAR,,FALSE,
SI,05/10/2026,21:35,SELECCIÓN ARGENTINA,ROSARIO DESPLEGÓ UNA CAMISETA GIGANTE CON UN “GRACIAS” PARA MESSI,"Una camiseta gigante de la Selección Argentina con el número 10 y la palabra “Gracias” fue instalada frente al Monumento Nacional a la Bandera, en Rosario, como homenaje a Lionel Messi antes de su último partido con la Albiceleste.

La intervención fue montada durante la madrugada entre el mástil mayor y el inicio del conjunto histórico. La prenda celeste y blanca lleva el dorsal en dorado y forma parte de un despliegue que incluye cuatro columnas de iluminación para proyectar un mapping audiovisual sobre la trayectoria del capitán.

El tributo en su ciudad natal se suma a los actos previstos para el amistoso del martes ante Benín, desde las 20 en el Monumental. AFA prepara actividades antes y después del encuentro, una placa y una camiseta especial para acompañar la despedida.",https://www.tycsports.com/seleccion-argentina/a-horas-de-su-ultima-funcion-el-impactante-homenaje-a-messi-en-rosario-id764505.html,https://media.tycsports.com/files/2026/10/05/993228/lionel-messi_1440x810.webp,TyC Sports,https://www.tycsports.com/seleccion-argentina/a-horas-de-su-ultima-funcion-el-impactante-homenaje-a-messi-en-rosario-id764505.html,https://www.youtube.com/watch?v=Cwh6SEDA4JM,TyC Sports,ALTA,,EXACTA,PUBLICAR,,FALSE,
SI,05/10/2026,21:18,BOCA,MERENTIEL QUIERE RENOVAR CINCO AÑOS MÁS Y SU REPRESENTANTE YA HABLÓ CON BOCA,"Miguel Merentiel quiere prolongar su vínculo con Boca y su representante, Marcelo Tejera, aseguró que el delantero estaría dispuesto a renovar por cinco años más. El agente contó que ya conversó con Juan Román Riquelme y Marcelo Delgado para buscar una mejora contractual.

El uruguayo tiene contrato hasta diciembre de 2027 y todavía no hay una negociación cerrada. Tejera explicó que el objetivo es alcanzar un acuerdo que reconozca el rendimiento del atacante y le dé estabilidad para la etapa final de su carrera, sin que una eventual salida libre aparezca como escenario deseado.

Merentiel llegó desde Palmeiras en febrero de 2023 y Boca compró su pase por una cifra cercana a los tres millones de dólares. Desde entonces acumuló 182 partidos, 62 goles y 19 asistencias, números que lo consolidaron como una de las principales referencias ofensivas del plantel.",https://www.tycsports.com/boca-juniors/quiere-renovar-por-cinco-anos-mas-la-frase-del-representante-de-miguel-merentiel-que-ilusiona-a-boca-id764508.html,https://media.tycsports.com/files/2026/09/24/990451/miguel-merentiel_1440x810.webp,TyC Sports,https://www.tycsports.com/boca-juniors/quiere-renovar-por-cinco-anos-mas-la-frase-del-representante-de-miguel-merentiel-que-ilusiona-a-boca-id764508.html,https://www.youtube.com/watch?v=FlTMXncR34Y,TyC Sports,ALTA,,ARCHIVO,PUBLICAR,,FALSE,
SI,05/10/2026,21:12,SELECCIÓN ARGENTINA,TAGLIAFICO FUE AUTOCRÍTICO CON LA FINAL DEL MUNDIAL: “NO FUIMOS LA SELECCIÓN QUE CONOCÍA TODO EL MUNDO”,"Nicolás Tagliafico realizó una fuerte autocrítica sobre la final del Mundial 2026 que Argentina perdió 1-0 ante España en tiempo suplementario. En una entrevista, el lateral calificó como “muy pobre” la actuación colectiva y sostuvo que el equipo estuvo lejos de la identidad que había mostrado en partidos decisivos anteriores.

Tagliafico fue el encargado de marcar a Lamine Yamal y terminó el encuentro con molestias, pero completó los 120 minutos. Sus palabras apuntaron al rendimiento general y no al esfuerzo individual: consideró que la Selección no pudo imponer su juego ni sostener el nivel que la había llevado a la definición.

La lectura del defensor coincide en parte con el reconocimiento de Lionel Scaloni y Claudio Tapia sobre la superioridad española, aunque el presidente de AFA también puso en valor haber disputado cinco finales durante el ciclo. La declaración llega en la previa de la despedida de Messi y abre una revisión interna sobre la última gran cita.",https://www.tycsports.com/seleccion-argentina/la-confesion-de-tagliafico-sobre-la-final-del-mundial-2026-muy-pobre-id764511.html,https://media.tycsports.com/files/2026/09/21/989747/tagliafico_1440x810.webp,TyC Sports,https://www.tycsports.com/seleccion-argentina/la-confesion-de-tagliafico-sobre-la-final-del-mundial-2026-muy-pobre-id764511.html,https://www.youtube.com/watch?v=oW9j0TuRx7U,TyC Sports,MEDIA,,ARCHIVO,PUBLICAR,,FALSE,
SI,05/10/2026,20:59,FÚTBOL ARGENTINO,PLATENSE SE LO EMPATÓ A VÉLEZ EN EL FINAL Y LO FRENÓ EN LINIERS,"Vélez y Platense igualaron 2-2 en el José Amalfitani por la fecha 11 del Torneo Clausura. Ronaldo Martínez abrió el marcador para el Fortín, pero Bautista Merlini respondió rápidamente y devolvió la paridad antes del descanso.

El encuentro tuvo un desarrollo cargado de incidencias. El local perdió por lesión a Manuel Lanzini y Franco Policella, mientras que Agustín Lagos desperdició un penal para Platense en una decisión que generó polémica. Martínez apareció otra vez para firmar el 2-1 y completar su doblete.

Cuando Vélez parecía encaminar el triunfo, Franco Zapiola marcó el 2-2 a los 42 minutos del complemento. El empate frenó al equipo de Guillermo Barros Schelotto en su lucha por escalar posiciones y le dio al Calamar un punto valioso como visitante.",https://www.tycsports.com/liga-profesional-de-futbol/argentina-torneo-clausura-2026-velez-vs-platense-fecha-11-id764240.html,https://media.tycsports.com/files/2026/10/05/993192/velez-platense_1440x810.webp?v=1,TyC Sports,https://www.tycsports.com/liga-profesional-de-futbol/argentina-torneo-clausura-2026-velez-vs-platense-fecha-11-id764240.html,https://www.youtube.com/watch?v=1uBeSSsdU1E,TyC Sports,ALTA,,EXACTA,PUBLICAR,,FALSE,
SI,05/10/2026,20:56,FÚTBOL ARGENTINO,ESTUDIANTES DESTRUYÓ A GIMNASIA DE MENDOZA EN UNA RÁFAGA FINAL,"Estudiantes venció 3-0 a Gimnasia de Mendoza en UNO por la fecha 11 del Torneo Clausura. El partido se mantuvo sin goles hasta el tramo decisivo, cuando Diego Mondino sujetó a Guido Carrillo dentro del área y Edwuin Cetré convirtió el penal a los 37 minutos del segundo tiempo.

El ingresado Fabricio Pérez amplió la diferencia a los 45 y volvió a marcar a los 48, esta vez de cabeza, para transformar un encuentro cerrado en una goleada. El Pincha también sufrió contratiempos físicos: Lucas Piovi dejó la cancha en la primera etapa y, sobre el cierre, salieron Bautista Kociubinski y Joaquín Tobio Burgos.

El triunfo le permite a Estudiantes sumar tres puntos importantes en la Zona A y cortar la resistencia de un Gimnasia mendocino que había sostenido el cero durante más de 80 minutos. El alcance de las lesiones será uno de los temas a seguir en las próximas horas.",https://www.tycsports.com/liga-profesional-de-futbol/argentina-torneo-clausura-2026-estudiantes-vs-gimnasia-mendoza-fecha-11-id764239.html,https://media.tycsports.com/files/2026/10/05/993199/estudiantes-gimnasia-de-mendoza-_1440x810.webp,TyC Sports,https://www.tycsports.com/liga-profesional-de-futbol/argentina-torneo-clausura-2026-estudiantes-vs-gimnasia-mendoza-fecha-11-id764239.html,https://www.youtube.com/watch?v=wa5MnW61H24,TyC Sports,ALTA,,EXACTA,PUBLICAR,,FALSE,
SI,05/10/2026,20:06,SAN LORENZO,FYDRISZEWSKI EMBARGÓ PARTE DE LA VENTA DE ORLANDO GILL Y AGRAVÓ LA CRISIS DE SAN LORENZO,"Francisco Fydriszewski obtuvo en Francia un embargo preventivo sobre parte del dinero que Lille debía pagarle a San Lorenzo por la transferencia del arquero Orlando Gill. La medida autorizó retener 690.240 euros —equivalentes a 800.000 dólares— de la primera cuota de la operación.

El delantero había firmado en diciembre de 2024 un acuerdo por una deuda de 900.000 dólares. San Lorenzo abonó los primeros 100.000, pero quedaron impagas dos cuotas de 400.000. Con intereses y penalidades, el reclamo inicial fue calculado en 1.468.504,32 dólares, aunque esos adicionales no quedaron incluidos en la cautelar y podrán discutirse en el proceso de fondo.

El caso suma presión financiera e institucional al club de Boedo: además de perder disponibilidad inmediata sobre una venta importante, deberá afrontar la discusión judicial por el resto de la deuda y sus accesorios.",https://www.tycsports.com/san-lorenzo/nuevo-duro-golpe-para-san-lorenzo-fydriszewski-embargo-parte-de-la-venta-de-gill-id764503.html,https://media.tycsports.com/files/2024/12/03/793472/-francisco-fydriszewski-francisco-fydriszewski-atacante-de-31-anos-que-arribo-a-san-lorenzo-en-agosto_1440x810.webp?v=2,TyC Sports,https://www.tycsports.com/san-lorenzo/nuevo-duro-golpe-para-san-lorenzo-fydriszewski-embargo-parte-de-la-venta-de-gill-id764503.html,https://x.com/SanLorenzo/status/2107229653429584240,TyC Sports,ALTA,,ARCHIVO,PUBLICAR,,FALSE,
SI,05/10/2026,20:02,PÁDEL,TAPIA Y COELLO ARRASARON EN ROTTERDAM Y SUMARON SU DÉCIMO TÍTULO DEL AÑO,"Agustín Tapia y Arturo Coello conquistaron el Rotterdam P2 de Premier Padel con una victoria contundente por 6-3 y 6-2 sobre Franco Stupaczuk y Jon Sanz. La final se resolvió en una hora y nueve minutos y volvió a confirmar el dominio de la pareja número uno del circuito.

Para el catamarqueño y el español fue el décimo título de la temporada. El resultado también les permitió ampliar la ventaja en el ranking frente a Federico Chingotto y Alejandro Galán, sus principales perseguidores.

El calendario continuará con el Düsseldorf P2 y luego con el Milan P1. Tapia y Coello llegarán a esas citas con una racha ganadora que sostiene su posición de referencia en el pádel internacional.",https://www.tycsports.com/padel/coello-y-tapia-siguen-su-carrera-triunfal-en-premier-padel-id764502.html,https://media.tycsports.com/files/2026/10/05/993195/padel_1440x810.webp?v=1,TyC Sports,https://www.tycsports.com/padel/coello-y-tapia-siguen-su-carrera-triunfal-en-premier-padel-id764502.html,https://www.youtube.com/watch?v=-rhlFpTItjQ,TyC Sports,MEDIA,,EXACTA,PUBLICAR,,FALSE,
SI,05/10/2026,19:29,FÚTBOL ARGENTINO,MARCOS ROJO FIRMÓ SU SALIDA DE RACING Y QUEDÓ A UN PASO DE ESTUDIANTES,"Marcos Rojo firmó la rescisión de su contrato con Racing y quedó en condiciones de concretar su tercer ciclo en Estudiantes. El defensor se reunió en UNO con Juan Sebastián Verón y el acuerdo con el Pincha quedó pendiente de la firma final, con un vínculo proyectado hasta diciembre de 2027.

La desvinculación con la Academia incluyó una compensación cercana a los 800.000 dólares por los tres meses de contrato restantes y premios adeudados por triunfos. Según la información difundida, Rojo resignó una parte importante del dinero que reclamaba para facilitar la salida.

La novedad completa el avance conocido durante el día: ya no se trata solamente de una oferta aceptada, sino de una rescisión formalizada. Si se completa la documentación, el futbolista podría comenzar a entrenarse con Estudiantes desde el martes.",https://www.tycsports.com/racing-club/rojo-rescindio-con-racing-que-falta-para-que-sea-refuerzo-de-estudiantes-id764479.html,https://media.tycsports.com/files/2026/10/05/993176/marcos-rojo_1440x810.webp,TyC Sports,https://www.tycsports.com/racing-club/rojo-rescindio-con-racing-que-falta-para-que-sea-refuerzo-de-estudiantes-id764479.html,https://www.youtube.com/watch?v=2Gn8iawxAj4,TyC Sports,ALTA,,EXACTA,PUBLICAR,,FALSE,
SI,05/10/2026,19:27,FÓRMULA 1,BOTTAS UNIÓ SEPANG Y SINGAPUR EN BICICLETA TRAS EL GRAN PREMIO DE MALASIA,"Valtteri Bottas eligió una forma poco habitual de trasladarse entre dos citas de Fórmula 1: emprendió en bicicleta el trayecto de aproximadamente 350 kilómetros entre Sepang y Singapur. El finlandés dividió el recorrido en etapas para llegar a tiempo a las actividades de prensa del jueves en Marina Bay.

La travesía comenzó después de un Gran Premio de Malasia adverso, en el que una apuesta por neumáticos lisos terminó con un trompo y su abandono. Lejos de detener la actividad, el piloto convirtió el viaje hacia la siguiente carrera en un desafío físico.

Bottas es un habitual del ciclismo y ha participado en pruebas de resistencia junto con su pareja, la ciclista profesional Tiffany Cromwell. El recorrido volvió a mostrar esa faceta fuera de pista en plena secuencia competitiva de la Fórmula 1.",https://www.tycsports.com/automovilismo/bottas-formula-1-bicicleta-gp-singapur-id764495.html,https://media.tycsports.com/files/2026/10/05/993185/bottas-bicicleta_1440x810.webp?v=1,TyC Sports,https://www.tycsports.com/automovilismo/bottas-formula-1-bicicleta-gp-singapur-id764495.html,https://x.com/ValtteriBottas/status/2107172222754607428,TyC Sports,MEDIA,,EXACTA,PUBLICAR,,FALSE,
SI,05/10/2026,19:23,BOCA,ENNER VALENCIA CONTÓ LA HISTORIA DETRÁS DE SU FESTEJO Y SU PODER DE CABEZA,"Enner Valencia repasó su triplete ante Racing en una producción de la revista oficial de Boca y reveló detalles de una noche que quedó marcada en su paso por el club. El ecuatoriano explicó que por primera vez en su carrera se quitó la camiseta para celebrar un gol y que esa fue apenas la primera tarjeta amarilla que recibió por un festejo después de 76 conquistas.

El delantero también recordó que un entrenador de selección le aseguró que no sabía cabecear. La respuesta llegó con los números: acumula 37 goles de cabeza y los tres convertidos ante Racing fueron por esa vía, una actuación que reforzó su peso en el área.

Valencia destacó el respaldo de Juan Román Riquelme desde su llegada y planteó que el objetivo es transformar el rendimiento individual en títulos. Sus declaraciones aportan contexto sobre uno de los protagonistas ofensivos del presente xeneize.",https://www.tycsports.com/boca-juniors/con-el-traje-de-superman-enner-valencia-el-heroe-de-boca-y-una-confesion-sobre-el-tercero-a-racing-id764488.html,https://media.tycsports.com/files/2026/10/05/993180/enner-valencia-con-el-traje-de-superman-en-la-produccion-de-desde-la-boca-la-revista-oficial-del-xeneize_862x485.webp,TyC Sports,https://www.tycsports.com/boca-juniors/con-el-traje-de-superman-enner-valencia-el-heroe-de-boca-y-una-confesion-sobre-el-tercero-a-racing-id764488.html,https://x.com/ECUAGOL/status/2105114231536558261,TyC Sports,MEDIA,,EXACTA,PUBLICAR,,FALSE,
SI,05/10/2026,19:12,SELECCIÓN ARGENTINA,BENÍN SE CRUZÓ CON ROSARIO CENTRAL Y POSÓ CON ÁNGEL DI MARÍA,"El plantel de Benín protagonizó un encuentro inesperado con la delegación de Rosario Central en Buenos Aires. Los futbolistas africanos aprovecharon el cruce para fotografiarse con Ángel Di María y difundieron las imágenes a través de los canales oficiales de su selección.

Benín se encuentra en la Argentina por el amistoso que marcará una nueva presentación de Lionel Messi con la Selección, mientras que Central viajó para visitar a Banfield por el Torneo Clausura. La coincidencia de ambas delegaciones generó una de las perlitas de la jornada.

La escena tuvo especial repercusión por la presencia de Di María, campeón del mundo y figura del Canalla. Para los jugadores visitantes fue una oportunidad de encuentro con uno de los referentes internacionales del fútbol argentino.",https://www.tycsports.com/seleccion-argentina/sorpresivo-encuentro-plantel-benin-con-rosario-central-y-angel-di-maria-id764494.html,https://media.tycsports.com/files/2026/10/05/993177/benin-central_862x485.webp,TyC Sports,https://www.tycsports.com/seleccion-argentina/sorpresivo-encuentro-plantel-benin-con-rosario-central-y-angel-di-maria-id764494.html,https://www.youtube.com/watch?v=qvdp96LIchI,TyC Sports,MEDIA,,EXACTA,PUBLICAR,,FALSE,
SI,05/10/2026,19:06,AUTOMOVILISMO,ALONSO PREPARA SU REGRESO AL DAKAR PARA 2027 CON UN PROYECTO LIGADO A ASTON MARTIN,"Fernando Alonso avanza en un proyecto para volver al Rally Dakar en 2027. De acuerdo con la información publicada, el español competiría con un vehículo T1+ gestionado por Prodrive, basado en el antiguo Dacia Sandrider y adaptado bajo la identidad de Aston Martin.

La operación todavía no fue anunciada oficialmente. El plan contempla que Marc Coma vuelva a acompañarlo como copiloto y que la primera prueba del prototipo se realice la próxima semana, un paso clave antes de confirmar el programa deportivo.

Alonso ya disputó el Dakar en 2020 y terminó 13°, una experiencia destacada para un debutante. Su continuidad en la Fórmula 1 con Aston Martin durante 2027 no excluye el desafío, pero el proyecto deberá ordenar fechas, preparación y desarrollo técnico antes de convertirse en una participación confirmada.",https://www.tycsports.com/automovilismo/formula-1-fernando-alonso-rally-dakar-2027-id764493.html,https://media.tycsports.com/files/2026/10/05/993174/fernando-alonso_1440x810.webp?v=1,TyC Sports,https://www.tycsports.com/automovilismo/formula-1-fernando-alonso-rally-dakar-2027-id764493.html,https://x.com/2095690134515572737/status/2107264579294085186,TyC Sports,MEDIA,,EXACTA,PUBLICAR,,FALSE,
SI,05/10/2026,18:56,FÚTBOL ARGENTINO,RIESTRA Y CENTRAL CÓRDOBA EMPATARON 1-1 Y SIGUEN LEJOS DE LOS PLAYOFFS,"Deportivo Riestra y Central Córdoba de Santiago del Estero igualaron 1-1 en el estadio Guillermo Laza, por la undécima fecha de la Zona A del Torneo Clausura. Milton Céliz abrió el marcador para el Malevo con un tiro libre a los tres minutos y Michael Santos consiguió el empate para el conjunto santiagueño.

El reparto de puntos no resolvió los problemas de ninguno. Riestra quedó décimo con 11 unidades, a seis de Independiente, que ocupa el último puesto de clasificación a los playoffs. Central Córdoba suma nueve y permanece decimocuarto.

El resultado también mantiene al equipo del Bajo Flores comprometido en la tabla anual: conserva apenas seis puntos de ventaja sobre Aldosivi, hoy en zona de descenso. En la próxima fecha, Riestra visitará a San Lorenzo y el Ferroviario recibirá a Estudiantes de La Plata.",https://www.tycsports.com/liga-profesional-de-futbol/argentina-torneo-clausura-2026-dep-riestra-vs-central-cordoba-se-fecha-11-id764215.html,https://media.tycsports.com/files/2026/10/05/993164/riestra-central-cordoba_1440x810.webp?v=1,TyC Sports,https://www.directvsports.com/futbol/en-vivo-central-cordoba-se-y-dep.-riestra-empatan-1-1-y-se-van-al-descanso-20261002-0014.html,https://x.com/TNTSportsAR/status/2107205275061023056,TyC Sports / DSports,ALTA,,EXACTA,PUBLICAR,,FALSE,
SI,05/10/2026,18:13,BOXEO,DIEGO SÁNCHEZ NOQUEÓ A UZCÁTEGUI Y SE CONSAGRÓ CAMPEÓN SUDAMERICANO,"Diego “El Guapo” Sánchez conquistó el título sudamericano superligero al derrotar por nocaut al venezolano Leonardo Uzcátegui en la pelea central de la velada realizada en el estadio de la Federación Argentina de Box. El representante de Gregorio de Laferrere fue desgastando al visitante hasta derribarlo con una combinación en el tramo decisivo.

El triunfo le dio al bonaerense el primer cinturón de su carrera profesional, después de que en mayo empatara con Matías Romero en una oportunidad titular que había dejado la corona vacante. Con este resultado elevó su récord a 13 victorias, una derrota y un empate, con cuatro triunfos antes del límite.

Sánchez, de 22 años, venía de superar por puntos a Lucas Montesino en agosto y ocupaba el séptimo puesto del ranking nacional de los ligeros. La victoria representa un salto importante en una temporada en la que ya realizó tres presentaciones.",https://www.tycsports.com/boxeo-de-primera/de-laferrere-para-el-mundo-diego-sanchez-noqueo-a-leonardo-uzcategui-y-se-consagro-nuevo-campeon-sudamericano-superligero-id764474.html,https://media.tycsports.com/files/2026/10/05/993118/sanchez-vs-uzcategui-_862x485.webp,TyC Sports,https://fightnews.com/resultados-desde-buenos-aires-argentina-8/197634,,TyC Sports / Boxeo de Primera,ALTA,,EXACTA,PUBLICAR,,FALSE,
SI,05/10/2026,18:13,BOXEO,MILAGROS HERRERA GANÓ EL TÍTULO LATINO GALLO DEL CMB Y MANTUVO SU INVICTO,"Milagros Herrera se consagró campeona latina gallo del Consejo Mundial de Boxeo al vencer por decisión unánime a Mía Nievas en la velada disputada en el estadio de la Federación Argentina de Box. Las tres tarjetas marcaron 99-91 para la boxeadora de González Catán.

Herrera controló los diez asaltos con presión, volumen de golpes y combinaciones largas. Su trabajo con el jab, los rectos y el gancho de izquierda neutralizó los intentos de Nievas, que resistió hasta el final pero no logró cambiar el desarrollo de la pelea.

La bonaerense alcanzó su octava victoria como profesional, continúa invicta y obtuvo el primer título de su carrera rentada. Fue además su tercera presentación de 2026, después de superar a María Eugenia Ramírez en mayo y a Solange Fernández en agosto.",https://www.tycsports.com/boxeo-de-primera/de-laferrere-para-el-mundo-diego-sanchez-noqueo-a-leonardo-uzcategui-y-se-consagro-nuevo-campeon-sudamericano-superligero-id764474.html,https://media.tycsports.com/files/2026/10/05/993128/herrera-vs-nievas-_862x485.webp,TyC Sports,https://deportv.gob.ar/boxeo/diego-sanchez-metio-nocaut-guapo-alcanzo-titulo-sudamericano-superligero-nid%3A17617,,TyC Sports / Boxeo de Primera,ALTA,,EXACTA,PUBLICAR,,FALSE,
SI,05/10/2026,17:59,SELECCIÓN ARGENTINA,BURKINA FASO FUE RECIBIDA COMO HEROICA TRAS EL 7-0 ANTE ARGENTINA,"La delegación de Burkina Faso regresó a su país después de la goleada 7-0 sufrida ante la Selección Argentina y recibió un reconocimiento oficial pese al resultado. La ministra de Deportes, Juventud y Empleo saludó al plantel y destacó que el equipo había cumplido el compromiso en condiciones excepcionales.

El seleccionado africano viajó con mayoría de futbolistas Sub 23 porque la delegación mayor quedó varada en Marruecos tras la cancelación de un vuelo chárter. El grupo de emergencia aterrizó en Ezeiza apenas cinco horas y media antes del amistoso, luego de un trayecto de casi doce horas y más de 9.200 kilómetros.

Lionel Scaloni ya había agradecido públicamente el esfuerzo de los visitantes, al remarcar que el partido podría haberse suspendido. La recepción en Ouagadougou cerró una travesía que trascendió el marcador y fue valorada por las autoridades burkinesas como un acto de compromiso deportivo.",https://www.tycsports.com/amistosos-de-selecciones/asi-recibieron-a-los-jugadores-de-burkina-faso-tras-la-dura-goleada-frente-a-argentina-id764478.html,https://media.tycsports.com/files/2026/10/05/993150/los-jugadores-de-burkina-faso-fueron-recibidos-como-heroes_862x485.webp,TyC Sports,https://www.tycsports.com/amistosos-de-selecciones/asi-recibieron-a-los-jugadores-de-burkina-faso-tras-la-dura-goleada-frente-a-argentina-id764478.html,https://x.com/768913759301754880/status/2107236912213672394,TyC Sports,MEDIA,,EXACTA,PUBLICAR,,FALSE,
SI,05/10/2026,17:50,SELECCIÓN ARGENTINA,BENÍN LLEGA CON JUNIOR OLAITAN COMO FIGURA PARA LA DESPEDIDA DE MESSI,"Benín llegó a Buenos Aires con un plantel joven y con Junior Olaitan como principal figura para enfrentar a la Selección Argentina en el partido de despedida de Lionel Messi. El volante ofensivo del Besiktas, de 24 años y valuado en siete millones de euros, es el futbolista de mayor peso del conjunto dirigido por Gernot Rohr.

El seleccionado africano presenta un promedio de edad cercano a los 24 años y llega con confianza después de vencer 2-1 a Mauritania por la clasificación a la Copa Africana de Naciones. En aquel encuentro se destacó Rafael Aloko, atacante de 19 años del Charlotte FC, autor de los dos goles.

También aparece entre los nombres relevantes Aiyegun Tosin, delantero del Lorient francés. La mayoría del plantel actúa fuera de Benín, con presencia en ligas de Europa, Estados Unidos, Egipto y Azerbaiyán, una experiencia que el rival intentará hacer valer en el Monumental.",https://www.tycsports.com/seleccion-argentina/la-joyita-que-trae-benin-a-argentina-y-quienes-son-los-invitados-a-la-despedida-de-messi-id764470.html,https://media.tycsports.com/files/2026/10/05/993103/junior-olaitan_862x485.webp,TyC Sports,https://www.tycsports.com/seleccion-argentina/la-joyita-que-trae-benin-a-argentina-y-quienes-son-los-invitados-a-la-despedida-de-messi-id764470.html,https://x.com/768913759301754880/status/2107235639305367552,TyC Sports,ALTA,,EXACTA,PUBLICAR,,FALSE,
SI,05/10/2026,17:38,BOCA,PALERMO PUEDE AYUDAR A BOCA EN EL DUELO DE PLATENSE ANTE VÉLEZ,"Boca seguirá con atención el partido entre Vélez y Platense porque el resultado puede modificar su posición en la tabla anual. El Xeneize alcanzó los 50 puntos después de golear 3-0 a Unión y quedó segundo, dentro de la zona de clasificación a la Copa Libertadores 2027.

Vélez comenzó la fecha con 48 unidades y es el único equipo que puede desplazar a Boca del segundo puesto. Si el conjunto de Guillermo Barros Schelotto vence al Calamar, llegará a 51; un empate o un triunfo del equipo dirigido por Martín Palermo mantendrá a los de la Ribera por encima.

El cruce reúne además a dos grandes referentes de la historia xeneize en los bancos. Para Boca, el interés excede esa carga simbólica: conservar el segundo lugar mejora su posición en la pelea por los cupos internacionales de la próxima temporada.",https://www.tycsports.com/boca-juniors/la-mano-que-martin-palermo-le-puede-dar-a-boca-en-platense-velez-id764472.html,https://media.tycsports.com/files/2026/10/05/993109/palermo-y-guillermo_1440x810.webp?v=1,TyC Sports,https://www.tycsports.com/boca-juniors/la-mano-que-martin-palermo-le-puede-dar-a-boca-en-platense-velez-id764472.html,https://www.youtube.com/watch?v=1uBeSSsdU1E,TyC Sports,MEDIA,,EXACTA,PUBLICAR,,FALSE,
SI,05/10/2026,16:40,SAN LORENZO,SAN LORENZO DESPIDIÓ AL MÁNAGER GUILLERMO FRANCO EN MEDIO DE LA MALA RACHA,"San Lorenzo confirmó la salida de Guillermo Franco como mánager del fútbol profesional. El comunicado oficial presentó la decisión como un acuerdo entre las partes, agradeció su trabajo y cerró una gestión que había quedado bajo cuestionamiento por el presente deportivo y por el funcionamiento interno del área.

El cambio llega con el equipo de Rubén Darío Insua décimo en la Zona A del Clausura, con 11 puntos producto de tres triunfos, dos empates y seis derrotas. Además, el Ciclón ocupa el puesto 20 de la tabla anual con 33 unidades y arrastra tres partidos sin ganar, un contexto que llevó a la dirigencia a reordenar la estructura de fútbol.

Franco tiene una historia importante con el club: debutó en Primera en 1996, jugó 127 partidos, marcó 28 goles y fue campeón del Clausura y de la Copa Mercosur en 2001. Su salida abre ahora la definición sobre cómo se reorganizará el área y quién asumirá sus funciones.",https://www.tycsports.com/san-lorenzo/san-lorenzo-manager-guillermo-franco-echo-mala-racha-equipo-id764463.html,https://media.tycsports.com/files/2026/10/05/993086/guillermo-franco_1440x810.webp,TyC Sports,https://sanlorenzo.com.ar/futbol-profesional/noticias/1791224635_comunicado-oficial,,TyC Sports / San Lorenzo,ALTA,,EXACTA,PUBLICAR,,FALSE,
SI,05/10/2026,16:18,RIVER,RIVER RECUPERÓ A TOBÍAS ANDRADA Y ANÍBAL MORENO AVANZA HACIA EL ALTA,"Tobías Andrada recibió el alta médica y quedó a disposición de Leonardo Ponzio para el partido del sábado ante Estudiantes de Río Cuarto. El volante ya está recuperado de la molestia en el cuádriceps que había provocado su desafectación de la Selección Argentina y se perfila para regresar al equipo titular.

La otra señal positiva fue la evolución de Aníbal Moreno. El mediocampista completó los trabajos a la par del grupo tras la discopatía lumbar que lo mantiene fuera desde la eliminación ante Independiente Santa Fe, aunque todavía no recibió el alta definitiva y su presencia dependerá de cómo responda en los próximos entrenamientos.

River reanudará la competencia después de tres semanas sin partidos oficiales. Ponzio podrá recuperar una pieza del mediocampo, pero todavía debe resolver el reemplazo de Thiago Almada, lesionado, para recibir al conjunto cordobés en el Monumental.",https://www.tycsports.com/river-plate/tobias-andrada-recibio-el-alta-en-river-y-se-perfila-como-titular-contra-estudiantes-de-rio-cuarto-id764458.html,https://media.tycsports.com/files/2026/09/29/991515/tobias-andrada-fue-desafectado-de-la-seleccion-argentina_1440x810.webp?v=1,TyC Sports,https://superdeportivo.com.ar/river-recupera-a-andrada-y-suma-otra-buena-antes-del-regreso/,https://x.com/maxigrillo/status/2105334330679509188,TyC Sports / Superdeportivo,ALTA,,EXACTA,PUBLICAR,,FALSE,
SI,05/10/2026,16:14,FÚTBOL INTERNACIONAL,"PRESTIANNI Y MASTANTUONO, ENTRE LOS 25 FINALISTAS DEL GOLDEN BOY","Gianluca Prestianni y Franco Mastantuono quedaron entre los 25 finalistas del Golden Boy 2026, el premio que distingue al mejor futbolista sub-21 de las ligas europeas. El jugador del Benfica ingresó por la clasificación elaborada para la elección, mientras que el mediocampista cedido por Real Madrid a Fiorentina aparece entre las cinco invitaciones especiales.

La nominación premia el crecimiento de ambos argentinos en Europa. Prestianni se consolidó en Portugal y empezó a sumar presencia en la Selección mayor; Mastantuono buscó continuidad en Italia después de su etapa en Madrid. La lista también reúne a figuras jóvenes como Pau Cubarsí, Endrick, Estêvão y Warren Zaïre-Emery.

Si alguno se queda con el trofeo, será el tercer argentino en lograrlo. Lionel Messi lo ganó en 2005 y Sergio Agüero en 2007, los dos únicos antecedentes nacionales hasta ahora.",https://www.tycsports.com/futbol-internacional/prestianni-mastantuono-finalistas-golden-boy--id764466.html,https://media.tycsports.com/files/2026/10/05/993096/mastantuono-y-prestianni-juntos-en-el-entrenamiento-de-la-seleccion-argentina_416x234.webp?v=1,TyC Sports,https://www.europeangoldenboy.com/2026/10/05/european-golden-boy-2026-the-25-finalists-in-the-running-for-the-absolute-best-award-have-been-revealed,https://x.com/GoldenBoyAwards/status/2107117656071434283,TyC Sports / Golden Boy Awards,ALTA,,EXACTA,PUBLICAR,,FALSE,
SI,05/10/2026,15:46,SELECCIÓN ARGENTINA,MESSI REALIZÓ SU ÚLTIMA PRÁCTICA CON LA SELECCIÓN ANTES DE LA DESPEDIDA,"Lionel Messi afrontó desde las 17.30 su último entrenamiento con la Selección Argentina en el predio de Ezeiza. La práctica, con los primeros minutos abiertos a la prensa, fue la última preparación del plantel antes del amistoso de este martes frente a Benín en el Monumental.

El capitán se había incorporado el domingo después de no participar de los triunfos ante Bolivia y Burkina Faso. La jornada permitió a Lionel Scaloni ajustar el equipo y administrar los tiempos de una concentración atravesada por el cierre del ciclo internacional del rosarino, campeón del mundo y bicampeón de América.

El partido de despedida está programado para este martes a las 20. También fueron citados especialmente Nicolás Otamendi, Rodrigo De Paul y Giovani Lo Celso; la presencia desde el inicio y la cantidad de minutos de cada uno quedarán definidas por el cuerpo técnico.",https://www.tycsports.com/seleccion-argentina/messi-ante-su-ultima-practica-con-la-seleccion-argentina-id764465.html,https://media.tycsports.com/files/2026/10/05/993092/lionel-messi_1440x810.webp?v=1,TyC Sports,https://deportv.gob.ar/futbol/llegada-practica-asado-arrancaron-horas-messi-jugador-seleccion-nid%3A17680,https://www.youtube.com/watch?v=wmC3OAcvQa4,TyC Sports / DeporTV,ALTA,,EXACTA,PUBLICAR,,FALSE,
SI,05/10/2026,15:40,FÚTBOL INTERNACIONAL,INIESTA PIDIÓ UN GANADOR ESPAÑOL PARA EL BALÓN DE ORO 2026,"Andrés Iniesta expresó su deseo de que el Balón de Oro 2026 quede en manos de un futbolista español. El exmediocampista no eligió un nombre puntual, pero sostuvo que sería un reconocimiento a lo producido por esa generación tanto en el plano individual como colectivo.

Entre los candidatos de España figuran Lamine Yamal, Marc Cucurella, Pau Cubarsí, Rodri, Ferran Torres y Fabián Ruiz. Iniesta conoce de cerca la pelea por el premio: en 2010 terminó segundo detrás de Lionel Messi, aun después de haber marcado el gol que le dio a España el Mundial de Sudáfrica.

La ceremonia se realizará el 26 de octubre en Londres. La nómina también tiene representación argentina con Messi y Lautaro Martínez, por lo que la definición tendrá interés directo para el público nacional.",https://www.tycsports.com/futbol-internacional/iniesta-revelo-a-quien-quiere-que-gane-el-balon-de-oro-2026-creo-que-tendria-que-ser-id764464.html,https://media.tycsports.com/files/2026/10/05/993091/iniesta-hablo-sobre-el-balon-de-oro-2026_416x234.webp?v=1,TyC Sports,https://www.directvsports.com/futbol/la-contundente-opinion-de-iniesta-sobre-el-balon-de-oro-deberia-ganarlo-20261005-0007.html,,TyC Sports / DSports,MEDIA,,EXACTA,PUBLICAR,,FALSE,
SI,05/10/2026,14:51,FÚTBOL INTERNACIONAL,AL NASSR RESPALDÓ A CRISTIANO EN SU REGRESO TRAS LA SALIDA DE PORTUGAL,"Cristiano Ronaldo volvió a los entrenamientos de Al Nassr después de abandonar la concentración de Portugal y recibió un respaldo público inmediato del club saudita. La institución difundió una imagen del delantero sonriente y lo definió como “el mejor atleta en el corazón de Najd” y “el GOAT”.

El gesto se produjo mientras continúa la discusión por la ruptura del capitán con el entrenador Jorge Jesus. Cristiano había dejado la concentración en medio de las diferencias con el técnico y anunció que más adelante explicaría sus motivos; su regreso anticipado a Riad abrió una nueva etapa del conflicto.

Jesus, de todos modos, dejó abierta la posibilidad de convocarlo en la próxima ventana internacional si continúa jugando en Al Nassr y desea regresar. El apoyo del club no resuelve la crisis con Portugal, pero constituye una novedad material en la secuencia: Cristiano ya está otra vez con su equipo y recibió una defensa institucional.",https://www.tycsports.com/futbol-internacional/al-nassr-cristiano-ronaldo-portugal-mensaje-posteo-polemica-salida-id764460.html,https://media.tycsports.com/files/2026/10/05/993080/cristiano-ronaldo_862x485.webp,TyC Sports,https://www.uol.com.br/esporte/futebol/ultimas-noticias/2026/10/05/cristiano-ronaldo-al-nassr.ghtm,https://x.com/AlNassrFC_EN/status/2107125245588983889,TyC Sports / Al Nassr,MEDIA,,EXACTA,PUBLICAR,,FALSE,
SI,05/10/2026,14:42,FÚTBOL INTERNACIONAL,POCHETTINO ELOGIÓ A JONATHAN DAVID ANTES DEL DUELO ENTRE ESTADOS UNIDOS Y CANADÁ,"Mauricio Pochettino señaló a Jonathan David como uno de los mejores delanteros del mundo en la previa del amistoso entre Estados Unidos y Canadá. El entrenador argentino destacó la combinación de recursos del atacante y advirtió que su equipo deberá prestarle atención especial.

David atraviesa un buen inicio en Atlético de Madrid, donde compite por un lugar en la ofensiva con Julián Álvarez y lleva tres goles en cuatro partidos. También viene de convertir el tanto del triunfo canadiense por 1-0 frente a Chile, una producción que reforzó el elogio de Pochettino.

Estados Unidos y Canadá se enfrentarán este martes desde las 21 en Minnesota, en el cierre de la ventana internacional. Para el conjunto estadounidense será una prueba ante un rival directo de la región y uno de los delanteros más en forma del momento.",https://www.tycsports.com/amistosos-de-selecciones/el-delantero-de-canada-que-pochettino-definio-como-uno-de-los-mejores-delanteros-del-mundo-id764459.html,https://media.tycsports.com/files/2026/10/05/993079/jonathan-david_1440x810.webp,TyC Sports,https://www.mundodeportivo.com/futbol/atletico-madrid/20261005/1004235014/pochettino-rinde-jonathan-david-cholo-logrado-mejores-delanteros-mundo.html,,TyC Sports / Mundo Deportivo,MEDIA,,EXACTA,PUBLICAR,,FALSE,
SI,05/10/2026,14:07,INDEPENDIENTE,INDEPENDIENTE PERDIÓ A MAXI MEZA Y SIGUE DE CERCA A CUATRO TOCADOS PARA VISITAR A TALLERES,"Independiente comenzó a preparar la visita a Talleres con una baja confirmada y cuatro situaciones físicas por resolver. Maxi Meza deberá cumplir una fecha de suspensión después de haber sido expulsado por doble amarilla en la derrota ante Instituto, por lo que Jadson Viera tendrá que modificar el equipo.

La evolución más favorable es la de Ezequiel Ávila. El delantero sufrió un desgarro grado 1 en el isquiotibial izquierdo, pero pudo sumar minutos en el último encuentro y podría volver a ser titular si responde bien durante la semana. También será evaluado Juan Arrayago, ausente de la última convocatoria por una sobrecarga en el muslo izquierdo.

Facundo Zabala arrastra una pequeña fractura en el dedo gordo del pie y, si no llega, Ramiro Martino continuará en el lateral izquierdo. Josías Palais, en tanto, ya dejó atrás el casco y las molestias por el corte en la cabeza que requirió siete puntos de sutura; podría reaparecer en la lista. Las prácticas definirán cuántos de ellos estarán disponibles para un partido en el que el Rojo necesita reaccionar.",https://www.tycsports.com/independiente/independiente-maxi-meza-talleres-tocados-varios-id764451.html,https://media.tycsports.com/files/2026/10/02/992463/jadson-viera_1440x810.webp,TyC Sports,https://www.infiernorojo.com/independiente/sin-meza-y-con-la-enfermeria-al-limite/,https://x.com/768913759301754880/status/2107173984261296212,Prensa Independiente / TyC Sports,ALTA,,EXACTA,PUBLICAR,,FALSE,
SI,05/10/2026,13:53,SELECCIÓN ARGENTINA,BENÍN RECORRIÓ BUENOS AIRES Y PALPITÓ LA DESPEDIDA DE MESSI EN EL MONUMENTAL,"Parte del plantel de Benín aprovechó la previa del amistoso con la Selección Argentina para recorrer Buenos Aires. Mohamed Tijani salió de un bazar con un mate para su hijo y describió a Lionel Messi como el mejor del mundo y una figura que excede cualquier plan defensivo.

El defensor explicó que su equipo no prepara una marca especial sobre el capitán argentino: la intención es competir, pero también disfrutar una ocasión excepcional. Tijani contó que siguió a la Albiceleste en el último Mundial y remarcó la dimensión que tiene este partido para el seleccionado africano.

Argentina y Benín jugarán el martes desde las 20 en el Monumental. Será la despedida de Messi de la Selección Mayor después de más de dos décadas, por lo que la visita vive el encuentro como uno de los acontecimientos más importantes de su historia reciente.",https://www.tycsports.com/seleccion-argentina/benin-de-paseo-por-buenos-aires-no-hay-que-marcar-a-messi-hay-que-disfrutar-y-es-el-dios-del-futbol-id764450.html,https://media.tycsports.com/files/2026/10/05/993067/mohamed-tijani-_862x485.webp,TyC Sports,https://as.com/futbol/internacional/benin-calienta-el-adios-de-messi-les-gusta-jugar-sucio-f202610-n/,https://www.youtube.com/watch?v=vN5BlAtB39o,TyC Sports,MEDIA,,EXACTA,PUBLICAR,,FALSE,
SI,05/10/2026,13:37,SELECCIÓN ARGENTINA,LAS AUSENCIAS QUE TENDRÁ LA DESPEDIDA DE MESSI CON LA SELECCIÓN ARGENTINA,"La AFA invitó a los campeones del mundo de Qatar 2022 para acompañar a Lionel Messi en su despedida ante Benín, pero el calendario y distintas situaciones deportivas impedirán que el plantel histórico esté completo en el Monumental.

Paulo Dybala y Nahuel Molina no fueron autorizados por Roma debido a la duración del viaje y la cercanía de sus próximos compromisos. Tampoco estarán Alejandro Papu Gómez, que acaba de incorporarse al Forte Virtus de Emiratos Árabes Unidos; Franco Armani, con actividad en Atlético Nacional; y Juan Foyth, desafectado por un problema físico. La presencia de Germán Pezzella todavía no está confirmada.

Sí formarán parte del homenaje Nicolás Otamendi, Ángel Di María, Rodrigo De Paul y Giovani Lo Celso. Leandro Paredes también acompañará al grupo, aunque no podrá jugar por la suspensión que arrastra. El resto de los campeones disponibles, incluidos Gonzalo Montiel, Marcos Acuña y Ángel Correa, estará junto al capitán en su última noche con la camiseta argentina.",https://www.tycsports.com/seleccion-argentina/los-campeones-del-mundo-que-no-estaran-en-la-despedida-de-messi-de-la-seleccion-argentina-id764447.html,https://media.tycsports.com/files/2022/12/18/517285/festejo-seleccion-argentina_1440x810.webp,TyC Sports,https://www.lanacion.com.ar/deportes/futbol/el-ultimo-baile-de-messi-los-convocados-las-ausencias-y-las-sorpresas-para-una-fecha-especial-nid16092026/,https://www.youtube.com/watch?v=wmC3OAcvQa4,TyC Sports,ALTA,,TEMPORAL,PUBLICAR,,FALSE,
SI,05/10/2026,13:26,BOCA,VASCO NO PODRÁ RECIBIR A BOCA EN EL MARACANÁ Y DEFINE ENTRE DOS ALTERNATIVAS,"Vasco da Gama recibió un nuevo revés en la definición de la sede para la revancha de la semifinal de la Copa Sudamericana ante Boca. La Justicia de Río de Janeiro rechazó la medida cautelar con la que el club brasileño buscaba utilizar el Maracaná, por lo que esa opción quedó descartada.

La dirigencia intentará obtener una autorización especial de la Conmebol para jugar en São Januário, su estadio habitual, aunque el recinto no alcanza la capacidad mínima de 30.000 espectadores exigida para esta instancia. Para convencer a Boca, Vasco evalúa ofrecer una mayor cantidad de localidades para los visitantes.

Si la gestión no prospera, el partido deberá mudarse al Nilton Santos. Esa alternativa genera resistencia porque cuenta con césped sintético, una superficie a la que ninguno de los dos equipos está acostumbrado. La revancha está programada para el 20 de octubre y la Conmebol tendrá la decisión final.",https://www.tycsports.com/boca-juniors/vasco-da-gama-no-podra-jugar-en-el-maracana-contra-boca-y-analiza-nuevas-sedes-id764445.html,https://media.tycsports.com/files/2026/10/05/993063/estadio-maracana_862x485.webp?v=1,TyC Sports,https://ge.globo.com/google/amp/futebol/times/vasco/noticia/2026/10/05/justica-nega-liminar-do-vasco-para-levar-jogo-contra-o-boca-juniors-para-o-maracana.ghtml,https://www.youtube.com/watch?v=J1SgiXrLBGI,TyC Sports,ALTA,,EXACTA,PUBLICAR,,FALSE,
SI,05/10/2026,12:58,FÚTBOL ARGENTINO,ZELARAYÁN CONTÓ CÓMO MESSI LO INVITÓ A SU CASA Y HABLARON DURANTE DOS HORAS,"Lucas Zelarayán reveló cómo fue el encuentro que mantuvo con Lionel Messi durante sus vacaciones de enero. El futbolista de Belgrano viajó desde Córdoba hasta Rosario con la expectativa de conseguir una foto, pero el capitán argentino lo invitó a entrar a su casa y la visita se extendió mucho más de lo imaginado.

El contacto se concretó por intermedio de un kinesiólogo conocido por ambos. Zelarayán contó que Messi estaba al tanto de su actualidad y había seguido varios partidos de Belgrano. La charla duró entre una hora y media y dos horas y tuvo al fútbol como tema central.

Meses más tarde, el mismo kinesiólogo le transmitió una curiosidad: Messi consideró que aquella foto le había dado suerte a Zelarayán, quien terminó consagrándose campeón frente a River. El mediocampista recordó además que el rosarino le hizo llegar sus felicitaciones después del título.",https://www.tycsports.com/gaming/la-anecdota-de-una-figura-del-futbol-argentino-con-messi-yo-queria-una-foto-y-me-hizo-pasar-a-su-casa-id764446.html,https://media.tycsports.com/files/2026/10/05/993061/lionel-messi-getty-images_1440x810.webp,TyC Sports,https://www.tycsports.com/gaming/la-anecdota-de-una-figura-del-futbol-argentino-con-messi-yo-queria-una-foto-y-me-hizo-pasar-a-su-casa-id764446.html,https://x.com/cefeurbano_/status/2106979652061245677,Getty Images / TyC Sports,MEDIA,,EXACTA,PUBLICAR,,FALSE,
SI,05/10/2026,12:46,FÚTBOL INTERNACIONAL,CABO VERDE PASÓ DE SER LA SORPRESA DEL MUNDIAL A UNA CRISIS CON ESCÁNDALO,"Cabo Verde atraviesa un fuerte retroceso pocos meses después de sorprender en el Mundial, donde había competido de igual a igual con España, Uruguay y Argentina. Las derrotas 3-1 ante Mali y 2-1 frente a Ruanda complicaron su clasificación a la Copa de África y reabrieron el debate sobre el rendimiento del equipo.

La crisis creció cuando varios futbolistas fueron filmados en una fiesta después de uno de los tropiezos, acompañados incluso por jugadores ruandeses. La escena provocó indignación entre los hinchas y aumentó los cuestionamientos al entrenador Humberto Bettencourt.

El seleccionado quedó obligado a reaccionar en los próximos compromisos contra Liberia y luego buscar revancha ante Mali y Ruanda. El problema ya no es solamente deportivo: el cuerpo técnico también deberá recuperar la disciplina y la confianza que habían convertido al equipo en una de las revelaciones del Mundial.",https://www.tycsports.com/futbol-internacional/de-sorprender-a-argentina-en-el-mundial-a-una-crisis-con-escandalo-que-paso-con-cabo-verde-id764444.html,https://media.tycsports.com/files/2026/10/05/993058/cabo-verde_416x234.webp,TyC Sports,https://as.com/futbol/internacional/crisis-en-cabo-verde-tras-empatar-a-espana-y-argentina-f202610-n/,https://x.com/DespliegueFutCL/status/2105003804508745821,TyC Sports,MEDIA,,EXACTA,PUBLICAR,,FALSE,
SI,05/10/2026,12:44,RIVER,PONZIO DEFINE ENTRE MEZA Y PEREYRA PARA REEMPLAZAR A THIAGO ALMADA EN RIVER,"Leonardo Ponzio prepara el regreso de River a la competencia después de 21 días sin partidos oficiales y debe resolver quién ocupará el lugar del lesionado Thiago Almada ante Estudiantes de Río Cuarto. Las alternativas son los juveniles Juan Cruz Meza y Lautaro Pereyra.

Pereyra ofrece características más cercanas a las de Almada y permitiría sostener un esquema ofensivo con Ángel Correa y Sebastián Driussi. Meza, en cambio, aporta mayor recorrido y dinámica en la mitad de la cancha. Tobías Andrada recibió el alta de un traumatismo y se perfila para volver al equipo.

Aníbal Moreno continúa recuperándose de una discopatía lumbar y, si llega en condiciones, comenzaría como suplente. River necesita recomponerse rápidamente: quedó fuera de los puestos de playoffs y está bajo presión en la tabla anual.",https://www.tycsports.com/river-plate/river-duda-equipo-juan-cruz-meza-o-lautaro-pereyra-reemplazante-thiago-almada--id764429.html,https://media.tycsports.com/files/2026/10/05/993036/leo-ponzio-en-el-entrenamiento-de-river_862x485.webp?v=1,TyC Sports,https://www.tycsports.com/river-plate/river-duda-equipo-juan-cruz-meza-o-lautaro-pereyra-reemplazante-thiago-almada--id764429.html,,Prensa River / TyC Sports,ALTA,,EXACTA,PUBLICAR,,FALSE,
SI,05/10/2026,12:43,ARGENTINOS EN EL EXTERIOR,LAUTARO RECORRERÁ 11.000 KILÓMETROS Y EL INTER PLANEA DARLE DESCANSO ANTE PARMA,"Lautaro Martínez sería preservado por el Inter en el regreso de la Serie A frente a Parma. El delantero completará un viaje cercano a los 11.000 kilómetros después de disputar con la Selección Argentina los amistosos ante Bolivia, Burkina Faso y Benín, y llegará a Italia apenas 48 horas antes del partido.

La decisión responde también al exigente calendario que espera al conjunto italiano: siete encuentros en 21 días, con compromisos frente a Brujas y Shakhtar por la Champions, además de Bologna, Fiorentina, Venezia y el clásico ante Milan.

El descanso interrumpiría un gran momento del Toro, que convirtió cuatro goles en sus últimas cuatro presentaciones con Argentina y otros cuatro en sus cinco partidos más recientes con el Inter. Además, alcanzó los 42 tantos en la Selección y quedó como tercer máximo goleador histórico, detrás de Lionel Messi y Gabriel Batistuta.",https://www.tycsports.com/serie-a/los-11000-kilometros-que-recorrera-lautaro-martinez-y-la-decision-que-tomo-con-el-inter-id764443.html,https://media.tycsports.com/files/2026/08/19/980038/lautaro-martinez_1440x810.webp?v=1,TyC Sports,https://www.tycsports.com/serie-a/los-11000-kilometros-que-recorrera-lautaro-martinez-y-la-decision-que-tomo-con-el-inter-id764443.html,,Getty Images / TyC Sports,ALTA,,TEMPORAL,PUBLICAR,,FALSE,
SI,05/10/2026,12:28,TENIS,MEDVEDEV FUE DESCALIFICADO POR UN PELOTAZO A UN ESPECTADOR Y DJOKOVIC PASÓ A LA FINAL,"Daniil Medvedev fue descalificado en la semifinal del Abierto de China después de que una pelota golpeada por él impactara en el ojo de un espectador. Novak Djokovic ganaba 7-5 y 5-3 cuando el árbitro aplicó el reglamento y dio por terminado el encuentro.

El ruso explicó luego que el episodio fue accidental, pidió disculpas y manifestó su intención de contactar al aficionado. La sanción le hizo perder los 200 puntos y el premio económico correspondiente a su participación en la semifinal.

Djokovic, que atravesó una situación similar en el US Open 2020, se solidarizó tanto con el espectador como con su rival. El serbio alcanzó su final número 146, extendió a 33 partidos su invicto en Pekín y enfrentará a Alex de Miñaur por el título.",https://www.tycsports.com/tenis/medvedev-fue-descalificado-por-pegarle-un-pelotazo-a-un-espectador-y-djokovic-paso-a-la-final-de-pekin-id764430.html,https://media.tycsports.com/files/2026/10/05/993037/djokovic-y-medvedev_862x485.webp,TyC Sports,https://www.reuters.com/sports/tennis/medvedev-disqualified-china-open-semi-after-hitting-ball-into-crowd-2026-10-05/,https://x.com/ESPNtenis/status/2107106685873508830,TyC Sports,ALTA,,EXACTA,PUBLICAR,,FALSE,
SI,05/10/2026,12:08,BOCA,ARRUABARRENA PREPARA UNA ROTACIÓN EN BOCA PARA LLEGAR ENTERO ANTE VASCO DA GAMA,"Rodolfo Arruabarrena comenzará a administrar las cargas del plantel de Boca en el partido del viernes ante Instituto, con la semifinal de la Copa Sudamericana frente a Vasco da Gama cada vez más cerca. El entrenador analiza presentar una formación combinada entre titulares y suplentes.

Alan Velasco será baja por el desgarro sufrido ante Unión. Además, Facundo Herrera y Leandro Paredes podrían ser preservados por las molestias que arrastran, mientras que Leonel Flores regresará recién el miércoles después de su convocatoria a la Selección Argentina.

La idea es evitar contratiempos antes del primer cruce internacional del 13 de octubre. La rotación más profunda se proyecta para el partido posterior ante Talleres, pero el cuerpo técnico ya realizará modificaciones en Córdoba para sostener físicamente a sus principales jugadores.",https://www.tycsports.com/boca-juniors/arruabarrena-comienza-la-rotacion-en-boca-con-la-mira-en-vasco-da-gama-id764426.html,https://media.tycsports.com/files/2026/10/05/993031/rodolfo-arruabarrena_1440x810.webp?v=1,TyC Sports,https://elintransigente.com/2026/09/rodolfo-arruabarrena-rotacion-boca-3/,,Prensa Boca / TyC Sports,ALTA,,EXACTA,PUBLICAR,,FALSE,
SI,05/10/2026,12:03,FÚTBOL INTERNACIONAL,JUVENTUS SUFRIÓ CINCO OPERACIONES EN TRES SEMANAS Y QUEDÓ GOLPEADO POR LAS LESIONES,"Juventus atraviesa una crisis médica inusual: cinco futbolistas debieron pasar por el quirófano en pocas semanas. Kenan Yildiz, Khéphren Thuram, Manuel Locatelli, Randal Kolo Muani y Kamil Grabara sufrieron lesiones de distinta gravedad que redujeron las opciones de Luciano Spalletti.

Yildiz se fracturó el quinto metatarsiano y apunta a regresar en diciembre. Thuram fue sometido a una condroplastia y recién volvería a comienzos de 2027, mientras que Locatelli estará entre seis y siete meses afuera después de una operación en el menisco externo de la rodilla derecha.

Kolo Muani fue intervenido por una fractura en un dedo de la mano y Grabara sufrió la rotura del ligamento cruzado anterior durante un entrenamiento. La seguidilla obliga al entrenador a administrar un plantel golpeado mientras intenta sostener al equipo en la Serie A y las competencias europeas.",https://www.tycsports.com/serie-a/cinco-operaciones-en-tres-semanas-la-insolita-maldicion-que-atraviesa-juventus-serie-a-europa-id764437.html,https://media.tycsports.com/files/2026/10/05/993038/los-jugadores-de-la-juventus-lesionados_416x234.webp?v=2,TyC Sports,https://www.gazzetta.it/Calcio/Serie-A/Juventus/03-10-2026/juve-5-operazioni-in-un-mese-tutti-gli-infortuni_amp.shtml,,TyC Sports,MEDIA,,EXACTA,PUBLICAR,,FALSE,
SI,05/10/2026,12:01,SELECCIÓN ARGENTINA,DIBU EMOCIONÓ A UNA NENA AL HABLAR DE MALVINAS Y EL TRIUNFO ANTE INGLATERRA,"Emiliano Martínez protagonizó un momento emotivo durante su visita a la fecha del Turismo Carretera en San Nicolás. El arquero respondió las preguntas de Micaela, una niña de 11 años, y recordó los partidos más importantes que disputó con la Selección Argentina.

Dibu dijo que volvería a jugar la final mundialista ante Francia para intentar terminar con el arco invicto. Cuando lamentó que la última definición ante España no hubiera llegado a los penales, la entrevistadora le recordó el valor especial de haber eliminado a Inglaterra por la historia de las Islas Malvinas. Martínez coincidió y señaló que ese triunfo había sido más significativo.

El arquero también habló de la despedida de Lionel Messi ante Benín y expresó su deseo de que el capitán reciba el cariño de los hinchas. Además, volvió a plantear como próximo objetivo ganar otra Copa América con la Selección.",https://www.tycsports.com/seleccion-argentina/dibu-martinez-hizo-emocionar-a-una-nena-que-le-recordo-malvinas-fue-mas-lindo-ganarle-a-inglaterra-que-a-espana-id764436.html,https://media.tycsports.com/files/2026/10/05/993045/dibu-martinez_1440x810.webp,TyC Sports,https://www.tycsports.com/seleccion-argentina/dibu-martinez-hizo-emocionar-a-una-nena-que-le-recordo-malvinas-fue-mas-lindo-ganarle-a-inglaterra-que-a-espana-id764436.html,https://www.youtube.com/watch?v=uwNs1I7OsvY,TyC Sports,ALTA,,EXACTA,PUBLICAR,,FALSE,
SI,05/10/2026,11:36,FÚTBOL INTERNACIONAL,MARCELO Y SNOOP DOGG SE SUMARON AL PROYECTO PARA COMPRAR AL NANTES,"Marcelo, histórico lateral del Real Madrid, y el rapero Snoop Dogg se incorporaron a una propuesta del grupo Phenix Sports Invest para adquirir al Nantes. El proyecto contempla una inversión inicial cercana a los 100 millones de euros y busca devolver al club francés a la máxima categoría antes de 2027.

El brasileño actuaría como embajador internacional y enlace institucional, mientras que Snoop Dogg impulsaría el futuro museo del club. La operación incluye planes para modernizar el estadio La Beaujoire, renovar el centro de entrenamiento y reforzar el plantel.

El acuerdo con la familia Kita, propietaria desde 2007, todavía necesita la aprobación de la Dirección Nacional de Control de Gestión de Francia. Si Nantes consigue el ascenso, el valor total de la operación podría elevarse hasta 125 millones de euros.",https://www.tycsports.com/francia/ligue-1/la-insolita-sociedad-entre-marcelo-y-snoop-dogg-que-sacude-al-futbol-frances-id764423.html,https://media.tycsports.com/files/2026/10/05/993024/marcelo-y-snoop-dog_416x234.webp?v=1,TyC Sports,https://as.com/futbol/internacional/marcelo-y-snoop-dogg-dupla-para-hacerse-con-el-nantes-f202610-n/,,TyC Sports,MEDIA,,EXACTA,PUBLICAR,,FALSE,
SI,05/10/2026,11:34,FÚTBOL INTERNACIONAL,FRED REVELÓ LA FRASE DE JHON DURÁN QUE EXPUSO SU FALTA DE COMPROMISO EN FENERBAHÇE,"Fred relató una situación que dejó bajo la lupa la conducta de Jhon Durán durante su paso por Fenerbahçe. Según el brasileño, cuando intentaba convencerlo de participar de los trabajos físicos, el delantero colombiano respondía que ya era rico y que no necesitaba correr.

El exjugador del Manchester United aseguró que Durán comenzó participando normalmente de las prácticas, pero con el tiempo redujo su esfuerzo y pasaba parte de los entrenamientos en el departamento médico. Aclaró, sin embargo, que fuera del campo lo considera una persona bromista y de buen trato.

Durán disputó 21 partidos, convirtió cinco goles y dio dos asistencias en Turquía. Su pase pertenece a Al Nassr, que había pagado más de 70 millones de euros por él; después pasó por Zenit y actualmente juega a préstamo en Benfica.",https://www.tycsports.com/futbol-internacional/jhon-duran-benfica-arrogancia-id764425.html,https://media.tycsports.com/files/2026/10/05/993027/-jhon-duran_862x485.webp?v=1,TyC Sports,https://www.thesun.ie/sport/17719174/fred-jhon-duran-fenerbahce-rich-run-man-utd/,https://x.com/ajansfenercom/status/2106854709550293177,TyC Sports,MEDIA,,EXACTA,PUBLICAR,,FALSE,
SI,05/10/2026,11:03,SAN LORENZO,SAN LORENZO MARCÓ SOLO CUATRO GOLES EN 11 FECHAS Y SE ALEJA DE LOS PLAYOFFS,"San Lorenzo atraviesa una sequía ofensiva que ya condiciona su campaña en el Torneo Clausura: convirtió apenas cuatro goles en once fechas. Los tantos se repartieron entre Agustín Auzmendi, autor de dos, Alexis Cuello y Eric Farías, con uno cada uno.

La derrota 3-0 ante Defensa y Justicia profundizó el problema en el tercer ciclo de Rubén Darío Insua. El Ciclón quedó décimo en la Zona A con 11 puntos, producto de tres victorias, dos empates y seis caídas, y está a seis unidades de Independiente, que hoy ocupa el último lugar de clasificación a los playoffs.

El próximo compromiso será ante Deportivo Riestra, el domingo 11 de octubre a las 14.45. Además de necesitar una reacción en los resultados, San Lorenzo deberá recuperar eficacia para sostener sus posibilidades de meterse entre los ocho mejores.",https://www.tycsports.com/san-lorenzo/la-falta-de-gol-que-complica-a-san-lorenzo-en-el-clausura-y-lo-aleja-de-los-playoffs-id764420.html,https://media.tycsports.com/files/2026/10/05/993020/san-lorenzo-cayo-3-0-ante-defensa-y-justicia-en-la-fecha-11-del-torneo-clausura-fotobaires_1440x810.webp,TyC Sports,https://www.tycsports.com/san-lorenzo/la-falta-de-gol-que-complica-a-san-lorenzo-en-el-clausura-y-lo-aleja-de-los-playoffs-id764420.html,https://x.com/SC_ESPN/status/2106453290007327046,Fotobaires / TyC Sports,ALTA,,EXACTA,PUBLICAR,,FALSE,
SI,05/10/2026,10:57,SELECCIÓN ARGENTINA,EL ARQUERO DE BENÍN AVISÓ QUE NO LE REGALARÁ UN GOL A MESSI Y PIDIÓ CAMISETAS PARA TODOS,"Marcel Dandjinou, arquero de Benín, dejó en claro que su selección afrontará con seriedad el amistoso del martes a las 20 frente a la Argentina en el Monumental. Aunque reconoció que enfrentar a Lionel Messi será especial, sostuvo que su obligación es competir y que intentará evitar cualquier gol, incluso si el capitán argentino ejecuta un penal.

El futbolista de 28 años, que actúa en Kruger United de Sudáfrica, también contó que todos sus compañeros quieren quedarse con la camiseta de Messi. Por eso lanzó un pedido en tono distendido para que la AFA prepare suficientes casacas y así evitar una disputa dentro del plantel visitante.

Benín se encuentra en el país desde la semana pasada, disputó un amistoso ante Mauritania el 29 de septiembre y parte de su delegación asistió al encuentro entre Independiente e Instituto. Dandjinou negó además versiones sobre inconvenientes de alojamiento o lugares de entrenamiento.",https://www.tycsports.com/seleccion-argentina/el-arquero-de-benin-fue-contundente-sobre-regalarle-un-gol-a-messi-y-le-hizo-un-pedido-a-argentina-todos-quieren-su-camiseta-id764416.html,https://media.tycsports.com/files/2026/10/05/993013/dandjinou-y-messi_1440x810.webp,TyC Sports,https://us.marca.com/soccer/2026/10/05/mi-trabajo-sera-regalarle-goles-messi.html,https://x.com/KickOffMagazine/status/2100906494183010783,TyC Sports,ALTA,,EXACTA,PUBLICAR,,FALSE,
SI,05/10/2026,10:45,FÚTBOL ARGENTINO,"SIRI ATAJÓ UN PENAL Y EL REBOTE, Y EXPLICÓ SU FESTEJO: “ESTOY TOTALMENTE LOCO”","Gonzalo Siri fue protagonista en la victoria 2-1 de Argentinos Juniors sobre Tigre. Sobre el cierre del primer tiempo, el arquero contuvo el penal de Jabes Saralegui quedándose en el centro del arco y también respondió ante el cabezazo del rebote, una doble intervención clave para sostener a su equipo.

Después de la jugada, Siri celebró señalándose la cabeza. Más tarde explicó que había tomado la decisión de no moverse luego de trabajar la situación con el cuerpo técnico y el psicólogo deportivo: “Estoy totalmente loco”, resumió entre risas sobre el festejo.

El guardameta, que fue titular por la convocatoria de Brayan Cortés a la selección de Chile, llevaba pocos partidos en Primera y no jugaba desde noviembre. Su actuación ayudó a que Argentinos llegara a 21 puntos y quedara en lo más alto de la Zona B, además de alcanzar las 50 unidades en la tabla anual.",https://www.tycsports.com/liga-profesional-de-futbol/argentinos-juniors-reaccion-gonzalo-siri-penal-atajado-id764414.html,https://media.tycsports.com/files/2026/10/05/993012/gonzalo-siri_862x485.webp,TyC Sports,https://argentinosjuniors.com.ar/noticias/futbol/nuevo-triunfo-en-casa-3/,https://www.youtube.com/watch?v=UW3pI-yCHRY,TyC Sports,MEDIA,,EXACTA,PUBLICAR,,FALSE,
SI,05/10/2026,10:15,BOCA,VELASCO SE DESGARRÓ Y PALACIOS TENDRÁ SU GRAN OPORTUNIDAD EN BOCA,"Alan Velasco sufrió un desgarro y estará al menos dos semanas fuera de las canchas, según confirmó Rodolfo Arruabarrena después del triunfo 3-0 de Boca sobre Unión. La baja abre una oportunidad para Carlos Palacios, a quien el entrenador describió como un futbolista con la “flechita para arriba” por su mejora reciente.

El chileno atravesó un año marcado por problemas físicos. Una sinovitis crónica en la rodilla derecha derivó en una operación en febrero y luego padeció molestias en el pectíneo y el aductor. En sus últimas presentaciones, sin embargo, fue figura ante Central Córdoba, aportó una asistencia en la remontada frente a Racing y volvió a asociarse bien con Leandro Paredes contra Unión.

Palacios aparece como una alternativa fuerte para la semifinal de la Copa Sudamericana ante Vasco da Gama. Sebastián Villa y Ángel Romero son las otras opciones del cuerpo técnico. Boca también perdió a Tomás Aranda, quien sufrió una fractura de peroné y no volvería a jugar hasta 2027.",https://www.tycsports.com/boca-juniors/desgarro-alan-velasco-oportunidad-carlos-palacios-flechita-para-arriba-boca-id764389.html,https://media.tycsports.com/files/2026/10/04/992963/carlos-palacios_1440x810.webp?v=1,TyC Sports,https://www.biobiochile.cl/noticias/deportes/futbol-internacional/chilenos-en-el-exterior/2026/10/05/carlos-palacios-recibe-espaldarazo-en-boca-tras-lesion-de-alan-velasco.shtml,https://x.com/SC_ESPN/status/2106222272721698999,Rodrigo Valle / Getty Images / TyC Sports,ALTA,,EXACTA,PUBLICAR,,FALSE,
SI,05/10/2026,09:55,FÓRMULA 1,EL MANAGER DE COLAPINTO LO RESPALDÓ: “EL PUESTO 13 NO CUENTA TODA LA HISTORIA”,"Franco Colapinto recibió un fuerte respaldo de Jamie Campbell-Walter, su representante, y de Bullet Sports Management después del Gran Premio de Malasia. El argentino terminó 13º tras largar 21º y avanzar ocho posiciones, en una carrera condicionada por la decisión de Alpine de colocar neumáticos blandos para piso seco cuando la pista todavía estaba húmeda.

La agencia sostuvo que el resultado final no reflejó por completo el ritmo del piloto. Campbell-Walter destacó su velocidad y dio rápidamente vuelta la página con la mira puesta en Singapur. Colapinto también valoró su rendimiento en condiciones de pista seca, aunque admitió que la elección estratégica le impidió pelear más arriba.

Flavio Briatore asumió la responsabilidad por la decisión del equipo. Alpine quedó con 68 puntos en el campeonato de constructores, detrás de Racing Bulls, que suma 90. El próximo desafío será Singapur, circuito en el que Colapinto fue undécimo con Williams en 2024.",https://www.tycsports.com/automovilismo/el-contundente-respaldo-del-manager-de-colapinto-y-su-agencia-tras-el-gp-de-barein-en-malasia-id764413.html,https://media.tycsports.com/files/2026/09/26/990872/franco-colapinto_1440x810.webp?v=1,TyC Sports,https://www.infobae.com/deportes/2026/10/04/el-contundente-respaldo-del-manager-de-colapinto-y-su-agencia-tras-el-gp-de-barein-en-malasia-el-p13-no-cuenta-toda-la-historia/,https://x.com/BulletSportsMgt/status/2106733092090052611,Getty Images / TyC Sports,ALTA,,TEMPORAL,PUBLICAR,,FALSE,
SI,05/10/2026,09:20,ARGENTINOS EN EL EXTERIOR,GALLARDO SIGUE SIN GANAR CON ECUADOR: CAYÓ POR PENALES ANTE PANAMÁ,"La selección de Ecuador dirigida por Marcelo Gallardo empató 1-1 con Panamá y perdió 7-6 en la definición por penales por el tercer puesto de la Kirin Cup. Josué Vergara abrió el marcador para los panameños a los 39 minutos y Juan Riquelme Angulo igualó a los 57.

El entrenador argentino todavía no pudo ganar desde su llegada: debutó con una derrota 3-0 frente a Corea del Sur, luego quedó eliminado por penales ante Japón tras un 0-0 y volvió a caer desde los doce pasos contra Panamá. Aun así, Gallardo destacó la mentalidad competitiva y la intención de presionar alto, aunque reconoció que el equipo debe encontrar mayor continuidad en ataque.

Ecuador afrontó el encuentro sin varios futbolistas importantes y sufrió además la lesión de Pervis Estupiñán, quien padeció un esguince de rodilla. El cuerpo técnico espera recuperar piezas y ajustar el funcionamiento antes de los próximos compromisos.",https://www.tycsports.com/amistosos-de-selecciones/ecuadro-marcelo-gallardo-derrota-panama-id764409.html,https://media.tycsports.com/files/2026/10/05/992998/marcelo-gallardo-_862x485.webp?v=1,TyC Sports,https://www.eluniverso.com/deportes/futbol/marcelo-gallardo-destaca-la-mentalidad-de-ecuador-pese-a-la-derrota-ante-panama-a-este-equipo-no-le-gusta-perder-nota/,https://x.com/DETVAYOUTUBE/status/2107016524661657978,EFE / TyC Sports,MEDIA,,EXACTA,PUBLICAR,,FALSE,
SI,05/10/2026,09:18,ESPORTS,JOSEDEODO HIZO HISTORIA: CAMPEÓN DE LA LCS CON TEAM LIQUID Y MVP DE LA FINAL,"Brandon Joel “Josedeodo” Villegas alcanzó el logro más importante de su carrera al consagrarse campeón de la LCS con Team Liquid. El equipo venció 3-1 a LYON en la final del Summer Split y el argentino se convirtió en el primer jugador latinoamericano en levantar el trofeo de la principal liga norteamericana de League of Legends.

Team Liquid ganó los dos primeros mapas, LYON descontó en el tercero y la definición llegó en el cuarto, con un contundente 15-1 en eliminaciones y cierre en 27 minutos. Josedeodo fue decisivo durante la serie: brilló con Lee Sin y Qiyana en los primeros triunfos y utilizó a Wukong en el mapa que aseguró el campeonato.

Su rendimiento le valió el premio al MVP de las Finales. El título coronó una temporada en la que Liquid terminó segundo en la fase regular, eliminó a FlyQuest y Cloud9 en los playoffs y consiguió la clasificación directa al cuadro principal del Mundial. Para el jugador argentino, que había llegado a la LCS en 2021, la consagración representa un hito personal y regional.",https://www.tycsports.com/gaming/el-argentino-josedeodo-gano-la-lcs-con-team-liquid-y-marco-un-hito-para-latinoamerica-id764411.html,https://media.tycsports.com/files/2026/10/05/993005/el-argentino-josedeodo-gano-la-lcs-con-team-liquid-y-marco-un-hito-para-latinoamerica_1440x810.webp,TyC Sports,https://aadeporte.com.ar/2026/10/04/josedeodo-campeon-lcs-2026-team-liquid/,https://x.com/LCSOfficial/status/2106921883874533656,LCS / TyC Sports,MEDIA,,EXACTA,PUBLICAR,,FALSE,
SI,05/10/2026,08:49,ASCENSO,PRIMERA NACIONAL: CUATRO EQUIPOS EN DESCENSO Y UNA RECTA FINAL AL LÍMITE,"La lucha por la permanencia en la Primera Nacional entró en sus últimas cuatro fechas con San Miguel, Acassuso, Chacarita y Güemes en puestos de descenso. Los dos últimos de cada zona perderán la categoría y, si dos equipos terminan igualados en puntos, deberán disputar un desempate.

En la Zona A, Acassuso tiene 29 puntos y San Miguel 31, mientras All Boys y Central Norte, ambos con 33, siguen comprometidos. Mitre tomó aire al llegar a 35. La penúltima fecha ofrecerá un cruce directo entre Central Norte y Acassuso.

En la Zona B, Güemes aparece último con 23 unidades y depende de una combinación extrema para alcanzar a Patronato, que suma 34. Chacarita, con 33, logró una victoria clave ante el conjunto entrerriano, pero todavía está en zona roja. Nueva Chicago, Agropecuario, Almagro y Quilmes tampoco pueden descuidarse en un cierre cargado de enfrentamientos directos.",https://www.tycsports.com/primera-nacional/al-rojo-vivo-asi-esta-la-pelea-por-no-descender-en-la-primera-nacional-id764404.html,https://media.tycsports.com/files/2026/10/05/992989/primera-nacional_1440x810.webp,TyC Sports,https://www.tycsports.com/primera-nacional/al-rojo-vivo-asi-esta-la-pelea-por-no-descender-en-la-primera-nacional-id764404.html,https://www.youtube.com/watch?v=sCDVK78hlmo,TyC Sports,MEDIA,,EXACTA,ACTUAL,,FALSE,
SI,05/10/2026,08:35,RIVER,RIVER QUEDÓ AFUERA DE LOS PLAYOFFS Y PUEDE CAER DE LA ZONA DE SUDAMERICANA,"River quedó noveno en la Zona B del Clausura con 13 puntos después de la victoria de Barracas Central y hoy estaría fuera de los octavos de final. El partido postergado ante Sarmiento le concede una posibilidad de recuperación, pero el margen se redujo tras la derrota con Huracán que cortó una racha de tres triunfos.

La presión también alcanza a la Tabla Anual. El Millonario suma 42 unidades y Estudiantes de La Plata tiene 41: si el Pincha vence a Gimnasia de Mendoza, desplazará provisoriamente al equipo de Leonardo Ponzio del último puesto de clasificación a la Copa Sudamericana.

River todavía debe enfrentar a Estudiantes de Río Cuarto, Sarmiento, Belgrano, Racing, Boca y Aldosivi. El primer paso será el sábado 10 de octubre ante el conjunto cordobés; luego llegará el pendiente en Junín, dos encuentros decisivos para reinsertarse en los playoffs y sostener una plaza internacional.",https://www.tycsports.com/river-plate/river-presion-clasificacion-playoffs-torneo-clausura-tabla-anual-copa-sudamericana-id764403.html,https://media.tycsports.com/files/2026/10/05/992988/river-sin-margen-de-error_1440x810.webp?v=1,TyC Sports,https://www.infobae.com/deportes/2026/10/05/asi-estan-las-posiciones-del-clausura-y-la-tabla-anual-que-clasifica-a-la-copa-libertadores-y-sudamericana/,https://x.com/BandaRoja_/status/2106503245359374578,Fotobaires / TyC Sports,ALTA,,EXACTA,ACTUAL,,FALSE,
SI,05/10/2026,08:01,FÓRMULA 1,GP DE SINGAPUR: DÍAS Y HORARIOS PARA VER A COLAPINTO EN MARINA BAY,"La Fórmula 1 continuará del 9 al 11 de octubre en el circuito callejero de Marina Bay, donde Franco Colapinto volverá a conducir para Alpine. Será la 17ª fecha de la temporada y el último fin de semana del calendario con formato Sprint.

La actividad comenzará el viernes a las 5.30 de la Argentina con la única práctica libre y seguirá a las 9.30 con la clasificación de la Sprint. El sábado se disputará la carrera corta a las 6 y la clasificación principal a las 10. La competencia del domingo comenzará a las 9.

Marina Bay tiene 4,927 kilómetros, 19 curvas y una carrera programada a 62 vueltas. El trazado urbano combina frenadas fuertes, humedad elevada y la particularidad de correrse de noche, un desafío exigente para Colapinto después de su 13° puesto en Sepang.",https://www.tycsports.com/automovilismo/f1-los-horarios-y-el-cronograma-completo-del-gp-de-singapur-id764198.html,https://media.tycsports.com/files/2026/09/28/991324/gp-de-malasia_862x485.webp?v=1,TyC Sports,https://www.clarin.com/deportes/agenda-deportiva,https://x.com/SC_ESPN/status/2106698156696039427,Getty Images / TyC Sports,ALTA,,TEMPORAL,ACTUAL,,FALSE,
SI,05/10/2026,07:26,SELECCIÓN ARGENTINA,"SCALONI ENSAYA LA ARGENTINA SIN MESSI: 4-4-2, PRESIÓN ALTA Y NUEVOS SOCIOS","Lionel Scaloni empezó a delinear una Selección Argentina para el futuro sin Lionel Messi. En las goleadas amistosas ante Bolivia y Burkina Faso utilizó un 4-4-2 como punto de partida, con Lautaro Martínez y Julián Álvarez juntos en ataque y una estructura más posicional para ocupar los cinco carriles del campo.

Las mayores novedades aparecieron por las bandas. Agustín Giay ganó terreno como lateral derecho y comenzó a construir una sociedad con Nicolás Paz, mientras Gianluca Prestianni aportó desequilibrio desde la izquierda. La presión alta y las distancias cortas fueron herramientas centrales para recuperar rápido y sostener la iniciativa.

El ensayo no supone un reemplazo individual para Messi, sino una adaptación colectiva: más circulación, intensidad y ocupación racional de espacios para compensar la pérdida de su creatividad. La transición seguirá bajo observación después de la despedida del capitán ante Benín, con otros jóvenes como Mastantuono, Soulé, Barco y Equi Fernández dentro del recambio.",https://www.tycsports.com/seleccion-argentina/argentina-ya-prueba-como-jugar-sin-messi-las-nuevas-sociedades-que-ilusionan-a-scaloni-op-id764358.html,https://media.tycsports.com/files/2026/10/04/992934/sociedades-seleccion-argentina-vs-burkina-faso_1440x810.webp,TyC Sports,https://www.tycsports.com/seleccion-argentina/argentina-ya-prueba-como-jugar-sin-messi-las-nuevas-sociedades-que-ilusionan-a-scaloni-op-id764358.html,https://www.youtube.com/watch?v=UHQRRCNxVig,TyC Sports,ALTA,,EXACTA,ACTUAL,,FALSE,
SI,05/10/2026,07:24,FÓRMULA 1,COLAPINTO QUEDÓ A 14 PUNTOS DE GASLY Y VA POR EL TOP 10 DEL MUNDIAL,"Franco Colapinto salió del Gran Premio disputado en Sepang en el 12° puesto del Campeonato de Pilotos, con 27 puntos. El argentino largó 21° y terminó 13°, una remontada que no alcanzó para sumar pero sí le permitió terminar por delante de Pierre Gasly en una carrera complicada para Alpine.

El décimo lugar de la tabla está justamente en manos de Gasly, que acumula 41 unidades: la diferencia interna quedó en 14 puntos cuando restan siete fechas. Entre ambos aparece el debutante Arvid Lindblad con 38, mientras Oliver Bearman se ubica siete puntos detrás de Colapinto.

La pelea también impacta en el objetivo colectivo de Alpine, que intenta descontarle 22 puntos a Racing Bulls en el campeonato de constructores. La próxima oportunidad será Singapur, último fin de semana del año con formato Sprint y, por lo tanto, con más puntos disponibles.",https://www.tycsports.com/automovilismo/la-pelea-de-colapinto-en-f1-que-puede-definir-su-futuro-en-2026-id764371.html,https://media.tycsports.com/files/2026/10/04/992912/franco_1440x810.webp?v=1,TyC Sports,https://www.infobae.com/deportes/2026/10/05/el-detras-de-escena-del-error-en-la-estrategia-de-alpine-en-el-gp-de-barein-de-f1-como-logro-recuperarse-colapinto-y-superar-a-gasly/,https://x.com/AlpineF1Team/status/2106691790040604885,Getty Images / TyC Sports,ALTA,,EXACTA,ACTUAL,,FALSE,
SI,05/10/2026,07:21,RACING,CHIROLA ROMERO: “EL CLUB ME NECESITA Y RACING ESTÁ OBLIGADO A GANAR”,"Sebastián “Chirola” Romero empezó su interinato en Racing con el triunfo 2-1 sobre Estudiantes de Río Cuarto y dejó en claro que asumió para intentar cambiar el rumbo inmediato del equipo. El entrenador sostuvo que la Academia está obligada a ganar siempre y resumió su situación personal con una frase directa: “El club me necesita”.

Romero reconoció que el equipo perdió juego en el segundo tiempo y que todavía debe corregir para sostener el rendimiento durante los 90 minutos. Aun así, valoró haber conseguido tres puntos después del golpe que significó la eliminación de la Copa Argentina ante Boca y remarcó que su tarea será recuperar la confianza del plantel sin resignar exigencia.

Racing quedó 12° en su zona con 11 puntos y necesita una remontada para entrar a los playoffs. Chirola, acompañado por Luciano Aued, seguirá como técnico interino hasta fin de año y tendrá por delante compromisos ante Belgrano, Independiente, River, Aldosivi y Barracas Central.",https://www.tycsports.com/racing-club/chirola-romero-racing-estudiantes-de-rio-cuarto-id764399.html,https://media.tycsports.com/files/2026/10/05/992977/chirola-romero_862x485.webp,TyC Sports,https://www.tycsports.com/racing-club/chirola-romero-racing-estudiantes-de-rio-cuarto-id764399.html,https://www.youtube.com/watch?v=BBwvSzwSIRQ,TyC Sports,ALTA,,EXACTA,ACTUAL,,FALSE,
SI,05/10/2026,02:56,RACING,RACING CERRÓ EL TRIUNFO 2-1 EN RÍO CUARTO Y ROMERO DEBUTÓ CON UNA VICTORIA,"Racing derrotó 2-1 a Estudiantes de Río Cuarto y completó con triunfo el debut de Sebastián “Chirola” Romero como entrenador interino. Tomás Conechny abrió el marcador a los nueve minutos y Adrián “Maravilla” Martínez amplió la ventaja a los 37, ambos durante un primer tiempo en el que la Academia controló el desarrollo.

El local empujó en el complemento y descontó sobre el final con un cabezazo de Mauro Valiente, pero Racing sostuvo la diferencia. La definición completa y actualiza la cobertura que había quedado abierta con el 2-0 parcial: el equipo de Avellaneda sumó su segunda victoria consecutiva en el Clausura.

Con los tres puntos, Racing llegó a 11 unidades y salió del fondo de la Zona B. Estudiantes de Río Cuarto, en cambio, continúa último en su grupo, en la tabla anual y en los promedios, por lo que su situación en la lucha por la permanencia quedó todavía más comprometida.",https://www.pagina12.com.ar/2026/10/05/racing-festejo-en-cordoba-y-salio-del-fondo-de-la-tabla/,https://www.pagina12.com.ar/resizer/v2/S7AG6V3L65CVFPS2WLDLLWVNAI.jpg?smart=true&auth=786a0bd8e19b5d4b1420c299ebc34d26671cab347cb120314f9bdccd9ee8d328&width=1200&height=630,Página/12 / AFA,https://www.afa.com.ar/es/posts/racing-derroto-2-1-a-estudiantes-rc,https://x.com/RacingClub/status/2106919697539310041,Imagen web / Página/12,ALTA,,EXACTA,ACTUAL,,FALSE,
SI,05/10/2026,00:06,Automovilismo,SOLBERG PERDIÓ EL MUNDIAL A DOS CURVAS DE LA META: EVANS ES CAMPEÓN DEL WRC,"Oliver Solberg quedó a metros de una consagración histórica en el Rally de Cerdeña. El sueco llegó a la Power Stage final con el título del WRC 2026 en juego y venía 1,9 segundos por delante del tiempo de Elfyn Evans, resultado que lo convertía en campeón. Pero a solo dos curvas de la meta se salió del camino y perdió los puntos decisivos. Solberg logró volver a la ruta y ganó el Rally de Cerdeña, aunque el campeonato quedó en manos de Evans, que consiguió su primer título mundial.",https://espanol.motorsport.com/wrc/news/evans-campeon-accidente-de-solberg-cerdena/10862004/,https://cdn.motorsport.com/images/mgl/6grQX1bY/s1000/oliver-solberg-elliott-edmonds.jpg,DAZN España / Motorsport.com,https://x.com/DAZN_ES/status/2106831880179847192,https://x.com/DAZN_ES/status/2106831880179847192,,,,,,,,
SI,04/10/2026,23:54,NFL,"THORNTON ANOTÓ PARA KANSAS CITY, FESTEJÓ Y RECIÉN ENTONCES ADVIRTIÓ SU GRAVE LESIÓN","Tyquan Thornton protagonizó una de las escenas más impactantes de la jornada de la NFL durante el triunfo 30-27 de Kansas City Chiefs sobre Las Vegas Raiders. El receptor atrapó un pase largo de Patrick Mahomes, llegó a la zona de anotación y sufrió una torsión antinatural del tobillo izquierdo cuando fue derribado.

La adrenalina hizo que Thornton se levantara de inmediato para celebrar el touchdown, pero al intentar apoyar el pie sintió el dolor y cayó. Había ingresado para reemplazar a Rashee Rice, quien salió por una molestia en los isquiotibiales, y venía teniendo una actuación destacada.

Al momento de la publicación todavía se esperaba el diagnóstico oficial, aunque las imágenes mostraban una lesión de extrema gravedad y la posibilidad de que se pierda el resto de la temporada.",https://www.tycsports.com/polideportivo/espeluznante-lesion-en-la-nfl-id764391.html,https://media.tycsports.com/files/2026/10/04/992971/lesion_862x485.webp?v=1,TyC Sports,https://www.tycsports.com/polideportivo/espeluznante-lesion-en-la-nfl-id764391.html,https://x.com/HaterReport/status/2106886917161693252,TyC Sports,MEDIA,,EXACTA,ACTUAL,,FALSE,
SI,04/10/2026,23:19,SELECCIÓN ARGENTINA,SCALONI PREPARA UN EQUIPO DE CAMPEONES PARA LA DESPEDIDA DE MESSI ANTE BENÍN,"La Selección Argentina entrenó en Ezeiza con Lionel Messi y empezó a perfilar el equipo para el amistoso del martes 6 de octubre, a las 20, frente a Benín en un Monumental con entradas agotadas. Será la presentación número 208 del capitán y su última función con la camiseta albiceleste.

Lionel Scaloni evalúa rodearlo con buena parte de la generación campeona del mundo. El once posible es Emiliano Martínez; Agustín Giay, Cristian Romero, Nicolás Otamendi y Nicolás Tagliafico; Rodrigo De Paul, Enzo Fernández y Alexis Mac Allister; Messi, Julián Álvarez y Lautaro Martínez.

De Paul y Otamendi se incorporaron para la despedida y podrían reemplazar a Nicolás Paz y Lisandro Martínez. Nahuel Molina y Leandro Paredes están suspendidos, mientras que Ángel Di María llegará después de jugar con Rosario Central. La jornada incluirá un homenaje, la presencia de los campeones de Qatar y una camiseta especial con el Sol de Mayo y laureles alrededor del número 10.",https://www.infobae.com/deportes/2026/10/05/se-despide-messi-de-la-seleccion-de-la-ultima-practica-al-super-equipo-que-planea-scaloni-ante-bolivia/,https://www.infobae.com/resizer/v2/OIGLTSG225FHDPWZX6ZVIFGFK4.jpg?auth=64ff86faf3762db54b16bed86ff024a0bb1549017920707c6995c7da9a468266&smart=true&width=1200&height=630&quality=85,Infobae Deportes,https://www.infobae.com/deportes/2026/10/05/se-despide-messi-de-la-seleccion-de-la-ultima-practica-al-super-equipo-que-planea-scaloni-ante-bolivia/,https://x.com/Argentina/status/2106854548493181415,@Argentina / Infobae,ALTA,,EXACTA,ACTUAL,,FALSE,
SI,04/10/2026,23:15,FÚTBOL INTERNACIONAL,ANDY CARROLL IDENTIFICÓ PÚBLICAMENTE AL HOMBRE QUE LO AGREDIÓ SEXUALMENTE,"Andy Carroll, exdelantero de la selección inglesa, Liverpool y West Ham, identificó públicamente al instructor y coreógrafo Kevin Adams como el responsable de la agresión sexual que sufrió en 2021. El futbolista habló después de que el nombre apareciera en documentos judiciales y explicó que espera poder cerrar una etapa que afectó tanto su vida personal como su carrera.

El episodio ocurrió en la casa de Carroll, durante su segunda etapa en Newcastle, mientras dormía y su entonces pareja estaba de viaje. Según el relato incluido en su autobiografía, expulsó al agresor al despertarse, lo enfrentó cuando intentó regresar y luego llamó a la Policía.

Adams fue condenado a tres años de prisión por delitos sexuales y Carroll declaró ante el tribunal. El exatacante contó que decidió hacer pública la historia luego de conversar con su actual pareja, con la intención de que su testimonio también pueda ayudar a otras víctimas.",https://www.tycsports.com/futbol-internacional/un-exfutbolista-de-la-seleccion-de-inglaterra-revelo-quien-fue-su-agresor-sexual-id764390.html,https://media.tycsports.com/files/2026/10/04/992966/andy-carroll_1440x810.webp?v=1,TyC Sports,https://www.tycsports.com/futbol-internacional/un-exfutbolista-de-la-seleccion-de-inglaterra-revelo-quien-fue-su-agresor-sexual-id764390.html,https://x.com/theshadeborough/status/2106506358103122115,Julian Finney / Getty Images,MEDIA,,EXACTA,ACTUAL,,FALSE,
SI,04/10/2026,23:04,RACING,RACING GANABA 2-0 EN RÍO CUARTO CON GOLES DE CONECHNY Y MARAVILLA MARTÍNEZ,"Racing se imponía 2-0 a Estudiantes de Río Cuarto en el estadio Antonio Candini cuando el partido atravesaba la media hora del segundo tiempo. Tomás Conechny abrió el marcador a los 9 minutos de la primera etapa con una definición que puso en ventaja a la Academia.

Adrián “Maravilla” Martínez amplió la diferencia a los 37 minutos del primer tiempo. En el complemento, el equipo cordobés adelantó líneas y acumuló aproximaciones, pero Racing sostuvo la ventaja y empezó a mover el banco con los ingresos de Matías Pérez y Adrián Fernández.

La actualización corresponde a un encuentro todavía en desarrollo: no se presenta el 2-0 como resultado definitivo. El equipo dirigido interinamente por Sebastián Romero buscaba sumar su segunda victoria consecutiva en el Clausura.",https://www.tycsports.com/liga-profesional-de-futbol/argentina-torneo-clausura-2026-estudiantes-rc-vs-racing-club-fecha-11-id764120.html,https://media.tycsports.com/files/2026/10/04/992960/racing_862x485.webp?v=2,TyC Sports,https://www.tycsports.com/liga-profesional-de-futbol/argentina-torneo-clausura-2026-estudiantes-rc-vs-racing-club-fecha-11-id764120.html,https://www.youtube.com/watch?v=G1HUlzlPT4s,Racing Club / TyC Sports,ALTA,,EXACTA,ACTUAL,,FALSE,
SI,04/10/2026,21:55,BOCA,GIGNAC CUMPLIÓ SU SUEÑO DE CONOCER LA BOMBONERA Y RECORDÓ SU VÍNCULO CON BOCA,"André-Pierre Gignac presenció la goleada 3-0 de Boca sobre Unión y conoció por primera vez La Bombonera. El delantero francés definió la visita como un sueño cumplido y comparó la presión y el clima del estadio con lo que vivió en Olympique de Marsella.

Gignac contó que en Marsella solían verse banderas de Boca y de la Argentina, una imagen que alimentó su admiración por el club desde joven. También recordó que estuvo muy cerca de incorporarse al Xeneize en 2019, aunque la operación finalmente no se concretó y continuó su carrera en Tigres de México.

El atacante compartió la jornada con Juan Román Riquelme en uno de los palcos. Su relación con el fútbol argentino también incluye la final de la Copa Libertadores 2015, cuando Tigres perdió ante River en el Monumental.",https://www.tycsports.com/boca-juniors/gignac-sueno-visitar-bombonera-marsella-bandera-boca-id764388.html,https://media.tycsports.com/files/2026/10/04/992956/andre-pierre-gignac-y-juan-roman-riquelme_1440x810.webp?v=2,TyC Sports,https://www.tycsports.com/boca-juniors/gignac-sueno-visitar-bombonera-marsella-bandera-boca-id764388.html,https://x.com/BocaJrsOficial/status/2043814339337932911,El Canal de Boca / TyC Sports,MEDIA,,EXACTA,ACTUAL,,FALSE,
SI,04/10/2026,21:08,FÚTBOL ARGENTINO,ARGENTINOS VENCIÓ 2-1 A TIGRE Y SE SUBIÓ A LA PUNTA DE LA ZONA B,"Argentinos Juniors derrotó 2-1 a Tigre en La Paternal por la undécima fecha del Torneo Clausura y quedó en lo más alto de la Zona B. Kevin Gutiérrez abrió el marcador a los cinco minutos con un remate desde afuera del área y Gastón Verón amplió de cabeza antes del descanso.

Tigre tuvo una oportunidad decisiva para descontar en el cierre del primer tiempo, pero Gonzalo Siri Payer le atajó el penal a Jabes Saralegui y también respondió en el rebote. Jerónimo Dómina volvió a poner al Matador en partido a los 11 minutos del complemento con un potente disparo cruzado al ángulo.

El conjunto de Nicolás Diez resistió la búsqueda visitante en el tramo final y sumó un triunfo clave para la pelea por los playoffs. Tigre mejoró después del descanso, aunque pagó caro los dos golpes recibidos en la primera mitad.",https://www.tycsports.com/liga-profesional-de-futbol/argentina-torneo-clausura-2026-argentinos-juniors-vs-tigre-fecha-11-id764111.html,https://media.tycsports.com/files/2026/10/04/992943/argentinos-tigre_1440x810.webp,TyC Sports,https://www.tycsports.com/liga-profesional-de-futbol/argentina-torneo-clausura-2026-argentinos-juniors-vs-tigre-fecha-11-id764111.html,https://x.com/LigaAFA/status/2102102889191920044,Fotobaires,ALTA,,EXACTA,ACTUAL,,FALSE,
SI,04/10/2026,21:08,FÚTBOL ARGENTINO,VECCHIO REVELÓ QUE SUFRIÓ LUDOPATÍA: “LLEGUÉ A PERDER MEDIO PALO”,"Emiliano Vecchio contó por primera vez que atravesó una adicción al juego entre 2019 y 2022. El exfutbolista de Rosario Central y Racing explicó que llegó a pasar siete u ocho horas en el casino y estimó que perdió cerca de 500 mil dólares durante ese período.

El volante, que a los 37 años continúa activo en Somisa de la Liga de San Nicolás, relató que en 2022 decidió autoexcluirse de los casinos y se integró a un grupo para iniciar su recuperación. También señaló que la adicción afectó su vida familiar y que durante los partidos encontraba el único momento en el que conseguía desconectarse del impulso por apostar.

Vecchio presentó su experiencia como una advertencia sobre los efectos de la ludopatía. Describió un cuadro de aislamiento, depresión y pérdida de prioridades, y destacó la ayuda de una persona cercana como parte central de su salida.",https://www.tycsports.com/liga-profesional-de-futbol/emiliano-vecchio-revelo-que-sufrio-de-ludopatia-llegue-a-perder-medio-palo-id764384.html,https://media.tycsports.com/files/2026/10/04/992945/vecchio_1440x810.webp?v=3,TyC Sports,https://www.tycsports.com/liga-profesional-de-futbol/emiliano-vecchio-revelo-que-sufrio-de-ludopatia-llegue-a-perder-medio-palo-id764384.html,https://www.tycsports.com/video/racing-club/defensa-y-justicia-vs-racing-el-gol-de-emiliano-vecchio-2-2-id640187.html,Captura Sistema Joaco Santos / TyC Sports,MEDIA,,EXACTA,ACTUAL,,FALSE,
SI,04/10/2026,20:53,VIRAL,LOS MEMES DE BELGRANO APUNTARON A TALLERES TRAS EL CLÁSICO CORDOBÉS,"La victoria 1-0 de Belgrano sobre Talleres en el Mario Alberto Kempes tuvo una rápida repercusión en redes sociales. Hinchas del Pirata difundieron memes y cargadas centrados en la eficacia de su equipo, el gol sobre el final y la nueva frustración de la T en el clásico.

Las publicaciones también hicieron referencia a la racha favorable de Belgrano en el cruce de la ciudad. El equipo celeste había eliminado a Talleres en los octavos de final del Apertura y volvió a imponerse en el Clausura, esta vez después de resistir los mejores momentos de su rival.

La reacción digital convirtió el desenlace en uno de los contenidos virales de la jornada. Los posteos circularon mientras los hinchas celebraban el segundo triunfo consecutivo de Belgrano en el clásico.",https://www.tycsports.com/liga-profesional-de-futbol/talleres-belgrano-memes-torneo-clausura-2026-id764382.html,https://media.tycsports.com/files/2026/10/04/992944/los-mejores-memes-y-cargadas-de-la-victoria-de-belgrano-ante-talleres_416x234.webp?v=1,TyC Sports,https://www.tycsports.com/liga-profesional-de-futbol/talleres-belgrano-memes-torneo-clausura-2026-id764382.html,https://x.com/thiago_cab7/status/2106870938163700066,TyC Sports / X,BAJA,,EXACTA,ACTUAL,,FALSE,
SI,04/10/2026,20:05,RIVER,RIVER GOLEÓ 4-1 A BOCA EN LA LALIGA FUTURES SUB 13,"River venció 4-1 a Boca en los cuartos de final de LaLiga Futures, el torneo internacional Sub 13 disputado en Orlando. Santino Guardia, Alexander Paz, Ian Fuentealba y Sami Maldonado marcaron para el Millonario, mientras que Taiel Cisneros descontó sobre el final para el Xeneize.

El equipo dirigido por Matías Páez continuó su recorrido con un triunfo 2-1 sobre Flamengo en la semifinal. En la definición cayó 3-2 ante Betis, por lo que cerró el certamen como subcampeón después de una campaña en la que también había superado a Orlando City y Palmeiras en la fase de grupos.

El torneo se juega en cancha de siete, con partidos reducidos y cambios ilimitados, y reúne a academias de clubes como Real Madrid, Barcelona, Atlético de Madrid e Inter Miami. El clásico argentino dejó una actuación contundente de la categoría 2014 de River.",https://www.tycsports.com/river-plate/river-goleo-a-boca-sub-13-id764377.html,https://media.tycsports.com/files/2026/10/04/992926/river_416x234.webp?v=1,TyC Sports,https://www.tycsports.com/river-plate/river-goleo-a-boca-sub-13-id764377.html,https://x.com/maxpugliese92/status/2106769021339775347,TyC Sports / LaLiga Futures,MEDIA,,EXACTA,ACTUAL,,FALSE,
SI,04/10/2026,19:05,FÚTBOL INTERNACIONAL,JORGE JESUS LE ABRIÓ LA PUERTA A UN REGRESO DE CRISTIANO A PORTUGAL,"Jorge Jesus bajó la tensión con Cristiano Ronaldo y dejó abierta la posibilidad de que el delantero vuelva a la selección de Portugal. Después del triunfo ante Noruega por la Nations League, el entrenador calificó como un malentendido el conflicto que había provocado la salida del capitán de la concentración.

El técnico explicó que la decisión dependerá de la situación deportiva y personal del goleador: si está jugando y desea integrar el plantel, podrá regresar. También evitó fijar una fecha para un reencuentro y remarcó que, de su parte, el episodio está superado.

Cristiano había abandonado la concentración luego de no sumar minutos frente a Noruega y manifestó su malestar por las explicaciones públicas del cuerpo técnico. Sin él, Portugal remontó el partido y aseguró su clasificación a los cuartos de final con puntaje ideal.",https://www.tycsports.com/futbol-internacional/jorge-jesus-seleccion-de-portugal-cristiano-ronaldo-id764370.html,https://media.tycsports.com/files/2026/10/04/992909/cristiano-ronaldo-_1440x810.webp?v=1,TyC Sports,https://www.tycsports.com/futbol-internacional/jorge-jesus-seleccion-de-portugal-cristiano-ronaldo-id764370.html,https://x.com/selecaoportugal/status/2100913877282132383,Jose Manuel Alvarez Rey / Getty Images,MEDIA,,EXACTA,ACTUAL,,FALSE,
SI,04/10/2026,19:01,FÚTBOL ARGENTINO,BELGRANO PEGÓ SOBRE EL FINAL Y GANÓ EL CLÁSICO CORDOBÉS ANTE TALLERES,"Belgrano derrotó 1-0 a Talleres en el estadio Mario Alberto Kempes y se quedó con el clásico cordobés por la undécima fecha del Torneo Clausura. Ramiro Hernándes, que había ingresado en el segundo tiempo, marcó el único gol a los 40 minutos del complemento tras un contragolpe del Pirata.

La T había generado las oportunidades más claras y chocó varias veces con Manuel Vicentini y los palos. Belgrano resistió ese dominio, aprovechó su chance decisiva y hasta estuvo cerca del segundo con un remate de Lucas Zelarayán que dio en el poste.

El triunfo llevó al equipo de Ricardo Zielinski a la cima de la Zona B con 19 puntos y mejor diferencia de gol que Huracán. Talleres, dirigido por Omar De Felippe, quedó último en la Zona A con ocho unidades y a nueve de los puestos de playoffs.",https://www.tycsports.com/liga-profesional-de-futbol/argentina-torneo-clausura-2026-talleres-vs-belgrano-fecha-11-id764077.html,https://media.tycsports.com/files/2026/10/04/992903/talleres-vs-belgrano_1440x810.webp?v=1,TyC Sports,https://www.tycsports.com/liga-profesional-de-futbol/argentina-torneo-clausura-2026-talleres-vs-belgrano-fecha-11-id764077.html,https://x.com/LigaAFA/status/2102102889191920044,TyC Sports,ALTA,,EXACTA,ACTUAL,,FALSE,
SI,04/10/2026,18:47,SELECCIÓN ARGENTINA,MESSI LLEGÓ A EZEIZA Y SE SUMÓ A LA SELECCIÓN PARA SU DESPEDIDA,"Lionel Messi llegó al predio de la AFA en Ezeiza y quedó a disposición de Lionel Scaloni para el amistoso del martes 6 de octubre ante Benín. El capitán había pasado los dos días anteriores en Rosario y se incorporó al plantel en la práctica de este domingo.

El encuentro del martes, programado para las 20 en el Monumental, será presentado como su despedida de la Selección Argentina. Messi no participó de los compromisos ante Bolivia y Burkina Faso, pero está previsto que juegue el último partido de esta ventana internacional.

La AFA preparó una camiseta especial para la ocasión, con dos franjas celestes, una blanca central y detalles dorados. El plantel tendrá una última práctica el lunes y se esperan declaraciones del capitán y de Scaloni antes del encuentro.",https://www.tycsports.com/seleccion-argentina/lionel-messi-seleccion-argentina--id764365.html,https://media.tycsports.com/files/2026/10/04/992904/-lionel-messi-_862x485.webp?v=1,TyC Sports,https://www.tycsports.com/seleccion-argentina/lionel-messi-seleccion-argentina--id764365.html,https://x.com/Argentina/status/2101366284768174308,TyC Sports,ALTA,,EXACTA,ACTUAL,,FALSE,
SI,04/10/2026,18:26,SELECCIÓN ARGENTINA,LA SUB 17 REMONTÓ UN 0-2 Y VENCIÓ A TANZANIA CON UN GOL A LOS 95 MINUTOS,"La Selección Argentina Sub 17 logró una remontada impactante en la Vertex Cup de Londres: perdía 2-0 ante Tanzania cuando faltaban 15 minutos, lo empató con un doblete de Mateo Sánchez y ganó 3-2 con un gol de Tobías Goytía en la última acción del partido.

Goytía, mediocampista de River de 17 años, recibió solo dentro del área al minuto 95 y definió al primer palo para evitar la tanda de penales. El juvenil ya había convertido dos goles en el debut ante Perú y volvió a quedar como uno de los nombres destacados del equipo dirigido por Diego Placente.

Argentina sumó así su segunda victoria en el torneo preparatorio para el Mundial Sub 17, que se disputará en Qatar entre el 19 de noviembre y el 13 de diciembre. El próximo compromiso será el miércoles 7 de octubre frente a China.",https://www.infobae.com/deportes/2026/10/04/historica-remontada-de-la-seleccion-argentina-sub-17-perdia-0-2-y-lo-gano-con-el-tanto-de-tobias-goytia-a-los-95/,https://www.infobae.com/resizer/v2/PXM7XPXOQBCCPERB2QZDE2L3DY.jfif?auth=9303d4012fa6a25176b6a62a93efd0624ea96797fba277374dc20c6d732ba2cb&smart=true&width=1200&height=630&quality=85,Infobae,https://www.infobae.com/deportes/2026/10/04/historica-remontada-de-la-seleccion-argentina-sub-17-perdia-0-2-y-lo-gano-con-el-tanto-de-tobias-goytia-a-los-95/,https://x.com/Argentina/status/2101366284768174308,Infobae,ALTA,,EXACTA,ACTUAL,,FALSE,
SI,04/10/2026,18:03,POLO,LA NATIVIDAD-LA DOLFINA GANÓ HURLINGHAM Y LLEVÓ SU INVICTO A 15 PARTIDOS,"La Natividad-La Dolfina venció 18-14 a La Hache y se consagró campeón del Abierto de Hurlingham, primera escala de la Triple Corona argentina de polo. El equipo de 40 goles de hándicap sostuvo la ventaja desde los primeros chukkers y defendió el título obtenido en 2025.

Camilo Castagnola y Poroto Cambiaso marcaron seis goles cada uno, Bartolomé Castagnola aportó cuatro y Adolfo Cambiaso completó la cuenta con dos. En La Hache, Hilario Ulloa anotó siete tantos, pero el conjunto de 34 goles no logró revertir una diferencia que llegó a ser de seis.

El campeón enlazó su cuarto trofeo consecutivo y extendió a 15 partidos la racha invicta desde la unión de los Cambiaso y los Castagnola. El próximo objetivo será el Abierto de Tortugas, antes de la definición de la temporada en Palermo.",https://www.clarin.com/deportes/natividad-dolfina-sigue-imparable-grito-campeon-abierto-hurlingham-estiro-invicto-15-partidos_0_kFPjbi65AU.html,https://www.clarin.com/img/2026/10/04/yMqk7PuPa_2000x1500__1.jpg,Clarín Deportes,https://www.clarin.com/deportes/natividad-dolfina-sigue-imparable-grito-campeon-abierto-hurlingham-estiro-invicto-15-partidos_0_kFPjbi65AU.html,https://www.youtube.com/watch?v=9XHNT8I7r6w,Matías Callejo / Prensa AAP,MEDIA,,EXACTA,ACTUAL,,FALSE,
SI,04/10/2026,17:59,INTERNACIONAL,PORTUGAL VENCIÓ A NORUEGA Y LA NATIONS LEAGUE DEJÓ RESULTADOS CLAVE,"Portugal superó 2-1 a Noruega en el partido destacado de la cuarta fecha de la Nations League y sumó un triunfo importante en el Grupo A4. El seleccionado portugués afrontó el encuentro sin Cristiano Ronaldo, en medio de la polémica generada por su salida de la concentración.

La jornada de la Liga A también dejó la victoria 2-1 de Países Bajos sobre Serbia y el triunfo 1-0 de Dinamarca como visitante ante Gales. Alemania, en cambio, volvió a dejar puntos al empatar 0-0 frente a Grecia.

Los resultados movieron las posiciones de los grupos A2 y A4 y aumentaron la presión sobre las selecciones que buscan llegar a la fase decisiva del torneo europeo.",https://www.tycsports.com/uefa-nations-league/partidos-de-la-nations-league-de-hoy-domingo-4-de-octubre-hora-donde-ver-en-vivo-y-resultados-id764263.html,https://media.tycsports.com/files/2026/09/27/991127/antonio-nusa-y-joao-palhinha_1440x810.webp?v=2,TyC Sports,https://www.tycsports.com/uefa-nations-league/partidos-de-la-nations-league-de-hoy-domingo-4-de-octubre-hora-donde-ver-en-vivo-y-resultados-id764263.html,https://x.com/selecaoportugal/status/2100913877282132383,TyC Sports,MEDIA,,EXACTA,ACTUAL,,FALSE,
SI,04/10/2026,17:51,BOCA,GUILLERMO REVELÓ LA EXIGENTE ORDEN DE BIANCHI TRAS VENCER AL REAL MADRID,"Guillermo Barros Schelotto recordó la noche en que Boca derrotó 2-1 al Real Madrid en la Copa Intercontinental de 2000 y contó una muestra de la exigencia que imponía Carlos Bianchi. Después de la celebración en Tokio, el entrenador les dio apenas unas horas libres y citó al plantel a entrenarse a las nueve de la mañana.

El motivo era el calendario local: Boca debía regresar a Buenos Aires y enfrentar a San Lorenzo pocos días después. Aquel partido también terminó con victoria xeneize, 1-0 con gol de Martín Palermo, autor además del doblete frente al conjunto español.

El actual entrenador de Vélez explicó que el plantel vivió aquella conquista con una naturalidad que hoy le resulta difícil de dimensionar. También recordó que Bianchi les había transmitido confianza a él y a Palermo desde el inicio de su ciclo, una enseñanza que luego aplicó en su propia carrera como técnico.",https://www.tycsports.com/boca-juniors/guillermo-revelo-la-orden-de-bianchi-despues-de-que-boca-venciera-al-real-madrid-id764359.html,https://media.tycsports.com/files/2026/10/04/992884/guillermo-vs-real-madrid_862x485.webp,TyC Sports,https://www.tycsports.com/boca-juniors/guillermo-revelo-la-orden-de-bianchi-despues-de-que-boca-venciera-al-real-madrid-id764359.html,https://www.youtube.com/watch?v=yBm7sYnBDcs,TyC Sports,MEDIA,,EXACTA,ACTUAL,,FALSE,
SI,04/10/2026,17:09,FÚTBOL ARGENTINO,ATACARON EL MICRO DE BELGRANO ANTES DEL CLÁSICO Y HUBO DOS DETENIDOS,"El micro que trasladaba al plantel de Belgrano al estadio Mario Alberto Kempes fue atacado con piedras en la previa del clásico ante Talleres. Uno de los proyectiles rompió un cristal lateral del vehículo, aunque no hubo jugadores ni integrantes de la delegación heridos.

El episodio ocurrió cuando el colectivo disminuía la velocidad para ingresar a la zona del estadio. Rodrigo Rufeil, miembro de la Comisión Directiva del Pirata, confirmó que la ventana afectada correspondía al sector donde viajaba Lautaro Gutiérrez y separó el hecho de cualquier responsabilidad institucional de Talleres.

La Policía detuvo al menos a dos personas como presuntas responsables. El dirigente lamentó que el incidente empañara una jornada que debía ser una fiesta deportiva; el partido se disputó igualmente y terminó con victoria 1-0 de Belgrano.",https://www.infobae.com/deportes/2026/10/04/asi-fue-la-agresion-al-micro-de-belgrano-en-la-previa-del-clasico-con-talleres-al-menos-dos-detenidos/,https://www.infobae.com/resizer/v2/G3LYR6JSDBD2NHK6E4O2JTRL6U.png?auth=6c2831bb11ef6916dc014273111c7dd3bc2058f4513915aa5adf3e305890ca9c&smart=true&width=1200&height=630&quality=85,Infobae,https://www.infobae.com/deportes/2026/10/04/asi-fue-la-agresion-al-micro-de-belgrano-en-la-previa-del-clasico-con-talleres-al-menos-dos-detenidos/,https://x.com/LigaAFA/status/2102102889191920044,Infobae,MEDIA,,EXACTA,ACTUAL,,FALSE,
SI,04/10/2026,17:08,FÚTBOL ARGENTINO,HURACÁN VENCIÓ A ALDOSIVI Y SE SUBIÓ A LO MÁS ALTO DE SU ZONA,"Huracán derrotó 1-0 a Aldosivi en el estadio Tomás Adolfo Ducó por la undécima fecha del Torneo Clausura. Leandro Lescano marcó el único gol a los 36 minutos del primer tiempo y el equipo de Diego Martínez quedó, al menos de manera provisoria, en la cima de la Zona B.

El Globo tomó el control después de ponerse en ventaja y estuvo cerca de ampliar la diferencia apenas comenzó el complemento, con dos remates consecutivos que dieron en los palos. Aldosivi tuvo pocas oportunidades claras y sufrió la expulsión de Joaquín Pombo por doble amarilla a los 28 minutos de la segunda parte.

Sobre el cierre, el conjunto marplatense contó con alguna chance para empatar, pero Huracán sostuvo la ventaja y sumó tres puntos de peso en la pelea por los puestos de clasificación. El Tiburón, en cambio, quedó decimotercero y continúa comprometido en la lucha por la permanencia.",https://www.tycsports.com/liga-profesional-de-futbol/argentina-torneo-clausura-2026-huracan-vs-aldosivi-fecha-11-id764021.html,https://media.tycsports.com/files/2026/10/04/992875/huracan_416x234.webp,TyC Sports,https://www.tycsports.com/liga-profesional-de-futbol/argentina-torneo-clausura-2026-huracan-vs-aldosivi-fecha-11-id764021.html,https://x.com/LigaAFA/status/2102102889191920044,Fotobaires,ALTA,,EXACTA,ACTUAL,,FALSE,
SI,04/10/2026,17:06,MERCADO DE PASES,RACING ACEPTÓ LA OFERTA Y MARCOS ROJO VUELVE A ESTUDIANTES,"Racing aceptó la propuesta de Estudiantes y quedó cerrado de palabra el regreso de Marcos Rojo a La Plata. El defensor de 36 años dejará Avellaneda para iniciar su tercera etapa en el club que lo formó, con la intención de quedar disponible para la serie de semifinales de la Copa Libertadores.

El acuerdo contempla un pago cercano a 800.000 dólares por los tres meses de contrato que todavía le quedaban en Racing, más adicionales ligados a partidos disputados y victorias del Pincha. Rojo, además, resignó parte de la deuda que el club mantenía con él para destrabar la salida.

Si no aparecen imprevistos, firmará hasta diciembre de 2027. Estudiantes buscaba un zaguero con experiencia porque Leandro González Pirez y Tomás Palacios están suspendidos para la ida ante Flamengo; la operación también le da un cierre a un conflicto que había llevado al jugador a ausentarse de varias prácticas.",https://www.tycsports.com/racing-club/racing-acepto-la-oferta-y-marcos-rojo-vuelve-a-estudiantes-op-id764345.html,https://media.tycsports.com/files/2026/10/01/992071/marcos-rojo_416x234.webp,TyC Sports,https://www.tycsports.com/racing-club/racing-acepto-la-oferta-y-marcos-rojo-vuelve-a-estudiantes-op-id764345.html,https://www.youtube.com/watch?v=SWnIsRL6RwU,Fotobaires,ALTA,,TEMPORAL,ARCHIVO,,FALSE,
SI,04/10/2026,17:06,SELECCIÓN ARGENTINA,DIBU MARTÍNEZ VISITÓ EL TC Y DESAFIÓ A SCALONI A UNA CARRERA,"Emiliano Martínez aprovechó su estadía en el país para acercarse al autódromo de San Nicolás y acompañar a su hermano Alejandro, piloto del TC Pista. La visita se produjo después de la goleada de la Selección ante Burkina Faso y durante la duodécima fecha del Turismo Carretera y su categoría telonera.

El arquero contó que disfruta del automovilismo como una forma de salir de la rutina del fútbol y reveló el consejo que suele darle a su hermano antes de competir: acelerar y mirar hacia adelante. La aparición terminó con una escena distendida cuando recogió el desafío de Lionel Scaloni, quien había anticipado que quería subirse a un auto de la categoría.

Fiel a su estilo, Dibu aceptó el reto y eligió el vehículo: quiere correr con el Camaro que utiliza Alejandro. La visita unió dos mundos muy populares del deporte argentino y dejó una perlita en plena concentración de la Selección.",https://www.tycsports.com/seleccion-argentina/dibu-martinez-estuvo-en-el-tc-y-desafio-a-scaloni-a-una-carrera-id764328.html,https://media.tycsports.com/files/2026/10/04/992853/emiliano-martinez_416x234.webp?v=1,TyC Sports,https://www.tycsports.com/seleccion-argentina/dibu-martinez-estuvo-en-el-tc-y-desafio-a-scaloni-a-una-carrera-id764328.html,https://x.com/Argentina/status/2101366284768174308,TyC Sports / ACTC,MEDIA,,EXACTA,ACTUAL,,FALSE,
SI,04/10/2026,17:06,FÓRMULA 1,BRIATORE ADMITIÓ EL ERROR DE ALPINE QUE CONDICIONÓ A COLAPINTO EN MALASIA,"Flavio Briatore reconoció públicamente que Alpine no tomó las decisiones correctas en la carrera disputada en Malasia. El equipo hizo largar a Franco Colapinto y Pierre Gasly con neumáticos lisos pese a que la pista todavía estaba mojada por la lluvia, una apuesta que los hizo perder demasiado tiempo en las primeras vueltas.

Cuando el asfalto se secó, el A526 mostró un ritmo competitivo, pero la desventaja ya era demasiado grande. Colapinto avanzó desde el puesto 21 hasta el 13, mientras Gasly terminó 16°. El propio piloto argentino había cuestionado la estrategia apenas bajó del auto; ahora la admisión del asesor ejecutivo confirma que el problema fue una decisión del equipo.

Briatore sostuvo que Alpine intentó una alternativa distinta, que no funcionó, y remarcó que la velocidad en seco fue prometedora. El resultado tuvo costo en la pelea por el quinto lugar entre los constructores porque Racing Bulls colocó a sus dos autos en zona de puntos.",https://espanol.motorsport.com/f1/news/briatore-admite-alpine-no-tomo-las-decisiones-correctas-malasia/10861961/,https://tn.com.ar/resizer/v2/colapinto-largo-desde-el-21-puesto-y-consiguio-avanzar-hasta-la-13-posicion-mientras-que-gasly-termino-16-foto-reuters-K6XM2FSTXJFFVANLMXBUMLVCFU.jpg?auth=aeb2d6a733fb87181aa66d988c9af774d989780167c6b39c62007e288ad37a70&width=767,Motorsport.com,https://espanol.motorsport.com/f1/news/briatore-admite-alpine-no-tomo-las-decisiones-correctas-malasia/10861961/,https://www.youtube.com/watch?v=56jF73GYgW4,Reuters,ALTA,,EXACTA,ACTUAL,,FALSE,
SI,04/10/2026,17:06,AUTOMOVILISMO,VIOLENTO ACCIDENTE EN EL TCR SOUTH AMERICA DEJÓ UN ESPECTADOR HERIDO,"La primera final del TCR South America en Posadas quedó marcada por un fuerte accidente entre Juan Manuel Casella y Camilo Trappa. En plena lucha por una posición, un contacto desestabilizó el auto de Casella, que salió de pista e impactó contra las defensas de neumáticos.

Uno de los neumáticos de contención salió despedido y alcanzó a un espectador de 53 años. La persona sufrió lesiones en el brazo derecho, fue atendida en el circuito y luego trasladada de manera preventiva al Hospital Escuela Ramón Madariaga para realizarse estudios. Casella pudo abandonar el auto sin lesiones de gravedad.

La carrera debió ser neutralizada mientras se trabajaba en el sector. Después de revisar la maniobra, los comisarios responsabilizaron a Trappa y le aplicaron una penalización de diez segundos, que lo hizo retroceder desde el quinto puesto que había conseguido en pista.",https://www.tycsports.com/automovilismo/el-impactante-video-de-un-accidente-en-el-tcr-south-america-una-persona-termino-herida-id764332.html,https://cdn-7.motorsport.com/images/amp/6zQ5jnjY/s1000/pedro-cardoso.webp,TyC Sports / Carburando,https://www.tycsports.com/automovilismo/el-impactante-video-de-un-accidente-en-el-tcr-south-america-una-persona-termino-herida-id764332.html,https://x.com/Campeonesnet/status/2106745052097565048,Motorsport.com,MEDIA,,TEMPORAL,ARCHIVO,,FALSE,
SI,04/10/2026,17:06,TENIS,DJOKOVIC REMONTÓ A ZVEREV ENTRE POLÉMICA Y EXTENDIÓ SU RACHA EN PEKÍN,"Novak Djokovic dio vuelta un partido de alta tensión ante Alexander Zverev y avanzó a las semifinales del ATP 500 de Pekín. El serbio se impuso por 4-6, 6-4 y 6-4 después de perder el primer set y sostener un duelo que también tuvo un fuerte cruce con el juez de silla.

La discusión se originó cuando Zverev frenó un punto por las luces de un cartel LED y el árbitro decidió repetirlo por obstrucción. Djokovic consideró absurda la interpretación y protestó con dureza, aunque luego volvió a concentrarse y completó la remontada.

Con la victoria, el tenista de 39 años llegó a 32 partidos invicto en este escenario y superó el registro de 31 triunfos iniciales que compartía con Rafael Nadal en Roland Garros. En semifinales enfrentará a Daniil Medvedev, verdugo de Francisco Cerúndolo.",https://www.tycsports.com/tenis/djokovic-exploto-juez-polemico-fallo-zverev-partidazo-racha-pekin--id764326.html,https://media.tycsports.com/files/2026/10/04/992840/novak-djokovic-_416x234.webp,TyC Sports,https://www.tycsports.com/tenis/djokovic-exploto-juez-polemico-fallo-zverev-partidazo-racha-pekin--id764326.html,https://www.atptour.com/en/video/highlights-djokovic-rallies-past-zverev-for-beijing-2026-sf-spot,AFP,MEDIA,,EXACTA,ACTUAL,,FALSE,
SI,04/10/2026,17:06,SELECCIÓN ARGENTINA,PRESTIANNI MARCÓ SU PRIMER GOL Y ACLARÓ SU FUTURO ANTE EL INTERÉS DE RIVER,"Gianluca Prestianni cerró una noche especial con la Selección Argentina: fue titular en el 7-0 ante Burkina Faso, convirtió su primer gol en la Mayor y luego habló sobre la posibilidad de jugar en River. El extremo de Benfica fue claro en que su prioridad actual es continuar en Europa y seguir adaptándose durante varios años.

El futbolista de 20 años, que estuvo en el radar del Millonario, no cerró completamente la puerta a futuro, pero remarcó que hoy su foco está en el fútbol europeo. La consulta surgió también por la camiseta de River que Nicolás Otamendi le regaló durante la convocatoria.

Prestianni contó que el defensor le había prometido la casaca y que él mismo le pidió que se la guardara. El vínculo entre ambos se construyó durante su etapa compartida en Benfica y volvió a quedar expuesto en esta fecha FIFA, en la que el juvenil aprovechó una de sus primeras oportunidades importantes con la Selección.",https://www.tycsports.com/seleccion-argentina/-prestianni-seleccion-posibilidad-river-camiseta-otamendi-id764321.html,https://media.tycsports.com/files/2026/09/22/989967/prestianni_416x555.webp,TyC Sports,https://www.tycsports.com/seleccion-argentina/-prestianni-seleccion-posibilidad-river-camiseta-otamendi-id764321.html,https://x.com/Argentina/status/2101366284768174308,TyC Sports,MEDIA,,TEMPORAL,ARCHIVO,,FALSE,
SI,04/10/2026,16:20,AUTOMOVILISMO,CHAPUR ES EL NUEVO LÍDER DE LA COPA DE ORO DEL TURISMO CARRETERA,"Facundo Chapur terminó segundo en la final de San Nicolás y pasó a encabezar la Copa de Oro del Turismo Carretera. El piloto de Torino llegó a 82,5 puntos y aprovechó el abandono de Mariano Werner en la vuelta 11 para desplazarlo de la primera posición del playoff.

Julián Santero quedó segundo con 81 unidades y Otto Fritzler, cuarto en la carrera, alcanzó los 78. Más atrás aparecen Josito Di Palma con 69,5 y Agustín Canapino con 63. Ignacio Faín, ganador por primera vez en la categoría, igualó a Werner con 59.

La definición sigue abierta por la escasa diferencia entre los principales candidatos. La próxima fecha se disputará el 25 de octubre en Rosario, escenario que volverá a poner en juego el liderazgo de la Copa de Oro.",https://www.tycsports.com/automovilismo/la-copa-de-oro-del-tc-tiene-nuevo-lider-tras-la-fecha-de-san-nicolas-id764352.html,https://media.tycsports.com/files/2026/10/04/992877/chapur-tomo-el-mando-de-la-copa-de-oro-tras-un-domingo-clave-en-san-nicolas_862x485.webp,TyC Sports,https://www.tycsports.com/automovilismo/la-copa-de-oro-del-tc-tiene-nuevo-lider-tras-la-fecha-de-san-nicolas-id764352.html,https://x.com/actcargentina/status/2106802930774896822,Carburando,MEDIA,,EXACTA,ACTUAL,,FALSE,
SI,04/10/2026,15:53,FÚTBOL INTERNACIONAL,UN VIRUS DEJÓ A SUECIA CON ONCE BAJAS Y OBLIGÓ A CONVOCAR REFUERZOS DE EMERGENCIA,"La selección de Suecia quedó diezmada durante la ventana de la Nations League: un cuadro gripal afectó a cinco futbolistas y, sumado a las lesiones, elevó a once la cantidad de bajas. Los contagiados fueron aislados en sus habitaciones y la federación activó medidas para limitar la propagación dentro de la concentración.

Graham Potter llamó de urgencia a Felix Beijmo, Samuel Dahl, Hugo Bolin, Ken Sema y Eric Smith. El entrenador admitió que nunca había atravesado una acumulación semejante de contratiempos en una convocatoria.

Pese al contexto, Suecia empató 1-1 con Bosnia: Viktor Gyökeres abrió el marcador y Kerim Alajbegovic igualó sobre el final. El punto mantuvo a los suecos líderes del Grupo B4 con siete unidades y dos de ventaja, antes de visitar a Rumania en Bucarest.",https://www.tycsports.com/uefa-nations-league/suecia-diezmada-por-un-virus-11-bajas-y-dos-futbolistas-que-dejaron-la-concentracion-id764351.html,https://media.tycsports.com/files/2026/10/04/992873/suecia-sufrio-la-baja-de-11-jugadores-por-un-virus_862x485.webp,TyC Sports,https://www.tycsports.com/uefa-nations-league/suecia-diezmada-por-un-virus-11-bajas-y-dos-futbolistas-que-dejaron-la-concentracion-id764351.html,https://x.com/svenskfotboll/status/2105616372730634568,Getty Images / TyC Sports,MEDIA,,EXACTA,ACTUAL,,FALSE,
SI,04/10/2026,15:04,AUTOMOVILISMO,IGNACIO FAÍN LOGRÓ SU PRIMERA VICTORIA EN EL TURISMO CARRETERA,"Ignacio Faín coronó un fin de semana perfecto en San Nicolás y consiguió su primera victoria en una final del Turismo Carretera. El piloto de Villa Minetti ganó con el Torino del Trotta Racing después de haber marcado la pole position y de imponerse también en su serie.

Torino completó un resultado ideal con el segundo puesto de Facundo Chapur. El equipo aprovechó la falla que marginó de la pelea a Julián Santero y selló un 1-2 decisivo en la segunda fecha de la Copa de Oro. El triunfo confirmó el crecimiento de Faín en la categoría y dejó a Chapur al frente del playoff.

La próxima fecha del TC será el 25 de octubre en Rosario.",https://campeones.com.ar/domingo-de-gloria-para-torino-en-tc-fain-logro-su-1a-victoria-y-chapur-lidera-la-copa-de-oro/,https://www.clarin.com/img/2026/10/04/-EIhaO5NI_600x290__1.jpg,Campeones,https://campeones.com.ar/domingo-de-gloria-para-torino-en-tc-fain-logro-su-1a-victoria-y-chapur-lidera-la-copa-de-oro/,https://x.com/actcargentina/status/2106802930774896822,Clarín,MEDIA,,EXACTA,ACTUAL,,FALSE,
SI,04/10/2026,15:04,TENIS,CERÚNDOLO CAYÓ ANTE MEDVEDEV Y SE DESPIDIÓ DEL ATP 500 DE BEIJING,"Francisco Cerúndolo quedó eliminado en los cuartos de final del ATP 500 de Beijing. El argentino, número 22 del ranking, perdió por 7-6 (4) y 6-3 frente a Daniil Medvedev tras una hora y 41 minutos de un partido muy disputado.

Cerúndolo recuperó un quiebre cuando el ruso sacaba para cerrar el primer set y llegó a ponerse 4-3 en el desempate, pero una doble falta abrió una racha de cuatro puntos consecutivos para su rival. En el segundo parcial sostuvo la igualdad hasta el 3-3; Medvedev quebró en el octavo game y luego cerró el encuentro en blanco.

El ruso alcanzó por cuarto año seguido las semifinales del torneo chino y extendió a siete su racha de victorias. El recorrido del porteño terminó después de dos triunfos en Beijing y sin representantes hispanohablantes entre los cuatro mejores.",https://www.clarin.com/deportes/fran-cerundolo-choco-muro-medvedev-atp-500-beijing-pudo-imitar-guillermo-coria-juan-martin-potro_0_QmyhVI4rTt.html,https://www.clarin.com/img/2026/10/04/hK8Fq0LZU_600x290__1.jpg,Clarín,https://www.clarin.com/deportes/fran-cerundolo-choco-muro-medvedev-atp-500-beijing-pudo-imitar-guillermo-coria-juan-martin-potro_0_QmyhVI4rTt.html,https://www.tennistv.com/videos/4586446/beijing-2026-qf-medvedev-cerundolo-extended-highlights,Reuters / Tingshu Wang,MEDIA,,EXACTA,ACTUAL,,FALSE,
SI,04/10/2026,15:04,RIVER,RIVER COBRARÁ EL ALQUILER DEL MONUMENTAL POR LOS AMISTOSOS DE LA SELECCIÓN,"River decidió mantener el cobro del alquiler del Monumental por los amistosos que la Selección Argentina disputa ante Burkina Faso y Benín. La resolución rechazó el pedido de la AFA para que el club resignara ese ingreso y permitiera destinar el dinero a una entidad benéfica.

Según la información publicada, al club le corresponde el 10% de la recaudación más unos 150 millones de pesos por gastos fijos. La estimación es de aproximadamente 950 millones de pesos por partido, por lo que los dos encuentros dejarían alrededor de 1,2 millones de dólares para la institución de Núñez.

La definición agrega un nuevo capítulo a las diferencias institucionales entre River y la conducción de la AFA, en un momento en el que el club volvió a participar de las reuniones del Comité Ejecutivo y presentó propuestas para modificar aspectos del funcionamiento del fútbol argentino.",https://www.clarin.com/deportes/river-resigna-alquiler-monumental-pese-pedido-afa-cobrara-amistosos-seleccion_0_94NH4UjAjy.html,https://www.clarin.com/img/2026/03/20/2PL4yvpbD_600x290__1.jpg,Clarín,https://www.clarin.com/deportes/river-resigna-alquiler-monumental-pese-pedido-afa-cobrara-amistosos-seleccion_0_94NH4UjAjy.html,https://www.youtube.com/watch?v=LgYQQ6Uqj8Y,Clarín,ALTA,,TEMPORAL,ARCHIVO,,FALSE,
SI,04/10/2026,15:04,SELECCIÓN ARGENTINA,BURKINA FASO DEJÓ ARGENTINA HORAS DESPUÉS DEL 7-0 EN EL MONUMENTAL,"La delegación de Burkina Faso dejó la Argentina durante la madrugada del domingo, apenas 18 horas después de haber aterrizado en Ezeiza. El plantel juvenil había viajado de urgencia desde Marruecos, llegó pocas horas antes del amistoso y soportó el 7-0 ante la Selección en el Monumental.

Pese al resultado y al cansancio, los futbolistas africanos fueron reconocidos por el público. Tras el partido dieron una vuelta alrededor del campo, recibieron aplausos y cambiaron camisetas con los jugadores argentinos. Ousmane Camara mostró en sus redes las casacas de Nicolás González y Lionel Messi que se llevó como recuerdo.

Lionel Scaloni destacó que los visitantes dignificaron el fútbol al presentarse en condiciones adversas. La salida cerró una estadía de menos de un día atravesada por la improvisación organizativa que rodeó al amistoso.",https://www.clarin.com/deportes/termino-odisea-burkina-faso-goleada-argentina-miles-fotos-ovacion-hinchas-canje-camisetas_0_Lm2lkQoNPA.html,https://www.clarin.com/img/2026/10/04/qkLbam-po_600x290__1.jpg,Clarín,https://www.clarin.com/deportes/termino-odisea-burkina-faso-goleada-argentina-miles-fotos-ovacion-hinchas-canje-camisetas_0_Lm2lkQoNPA.html,https://x.com/Argentina/status/2101366284768174308,Juano Tesone / Clarín,MEDIA,,EXACTA,ACTUAL,,FALSE,
SI,04/10/2026,15:04,SELECCIÓN ARGENTINA,MESSI SE SUMA A LA SELECCIÓN PARA PREPARAR SU DESPEDIDA ANTE BENÍN,"Lionel Messi se incorpora este domingo a la concentración de la Selección Argentina en Ezeiza para comenzar la preparación del amistoso del martes ante Benín en el Monumental. El capitán viaja desde Rosario, donde pasó el sábado con su familia y siguió a distancia la goleada frente a Burkina Faso.

El plan del cuerpo técnico incluye un entrenamiento vespertino y luego un asado con el plantel. También se sumarán Rodrigo De Paul, Giovani Lo Celso y Nicolás Otamendi, quienes fueron convocados específicamente para el último compromiso de esta ventana internacional.

El encuentro ante Benín será presentado como la despedida de Messi con la camiseta argentina. Emiliano Martínez adelantó que el grupo buscará acompañarlo y disfrutar una jornada de enorme carga emocional para el capitán y los hinchas.",https://www.clarin.com/deportes/entrenamiento-asado-upd-lionel-messi-seleccion-argentina-rumbo-amistoso-despedida-frente-benin_0_ACZCHLsZbg.html,https://www.clarin.com/img/2026/10/04/0_Q-Eh-ad_600x290__1.jpg,Clarín,https://www.clarin.com/deportes/entrenamiento-asado-upd-lionel-messi-seleccion-argentina-rumbo-amistoso-despedida-frente-benin_0_ACZCHLsZbg.html,https://x.com/Argentina/status/2101366284768174308,Juano Tesone / Clarín,ALTA,,TEMPORAL,ARCHIVO,,FALSE,
SI,04/10/2026,15:04,FÚTBOL INTERNACIONAL,LAMINE YAMAL MARCÓ UN GOLAZO Y ESPAÑA EXTENDIÓ SU INVICTO,"España derrotó 3-1 a República Checa en Oviedo y alcanzó los 41 partidos sin perder. Lamine Yamal abrió el marcador a los seis minutos con un zurdazo al ángulo después de desbordar desde la derecha, y Rodri amplió la ventaja antes del descanso.

El equipo checo descontó en el segundo tiempo por intermedio de Sláma y llegó a marcar el empate, aunque la jugada fue anulada por una infracción sobre Robin Le Normand. Mikel Merino aprovechó un rebote sobre el final y aseguró el triunfo español.

La victoria fue la tercera consecutiva de España en la Liga de Naciones. El vigente campeón mundial mantuvo el liderazgo de su grupo y Yamal volvió a sostener con una acción decisiva su candidatura al Balón de Oro.",https://www.clarin.com/deportes/lamine-yamal-brillo-golazo-abrio-triunfo-espana-republica-checa_0_UhgdFmRqzu.html,https://www.clarin.com/img/2026/10/03/m1Zd-pFWy_600x290__1.jpg,Clarín,https://www.clarin.com/deportes/lamine-yamal-brillo-golazo-abrio-triunfo-espana-republica-checa_0_UhgdFmRqzu.html,https://www.youtube.com/watch?v=Saf01uLbXYk,EFE / Paco Paredes,MEDIA,,EXACTA,ACTUAL,,FALSE,
SI,04/10/2026,12:34,BOCA,ENNER VALENCIA RESPALDÓ A GALLARDO TRAS EL DIFÍCIL ARRANQUE CON ECUADOR,"Enner Valencia salió a respaldar a Marcelo Gallardo después del complicado comienzo del entrenador argentino al frente de la selección de Ecuador. El delantero de Boca sostuvo que la adaptación a un grupo nuevo requiere tiempo y pidió confianza luego de la goleada 3-0 sufrida ante Corea del Sur y la posterior caída por penales frente a Japón.

El atacante, retirado del seleccionado ecuatoriano tras el Mundial 2026, contó que continúa en contacto con varios integrantes del plantel y consideró que Gallardo necesita margen para transmitir su idea. Valencia ratificó, además, que no evalúa volver a la Tri: explicó que la decisión fue tomada junto a su familia y que ahora acompañará al equipo como hincha.

El goleador de 36 años atraviesa una mejoría en Boca, donde se afirmó después de una adaptación sin pretemporada. Su respaldo tiene peso por sus más de 100 partidos y 49 goles con Ecuador, y llega cuando el nuevo ciclo todavía busca estabilidad.",https://www.tycsports.com/boca-juniors/el-mensaje-de-enner-valencia-a-gallardo-tras-el-duro-arranque-con-ecuador-id764325.html,https://media.tycsports.com/files/2026/09/11/986969/valencia_416x234.webp?v=1,TyC Sports,https://www.tycsports.com/boca-juniors/el-mensaje-de-enner-valencia-a-gallardo-tras-el-duro-arranque-con-ecuador-id764325.html,https://x.com/lanumero12comar/status/2104330957457105033,TyC Sports,ALTA,,TEMPORAL,ARCHIVO,,FALSE,
SI,04/10/2026,12:15,TENIS,"DJOKOVIC REMONTÓ A ZVEREV, DISCUTIÓ CON EL JUEZ Y SIGUE INVICTO EN PEKÍN","Novak Djokovic dio vuelta un partido exigente ante Alexander Zverev y avanzó a las semifinales del ATP 500 de Pekín. El serbio perdió el primer set, pero terminó imponiéndose por 4-6, 6-4 y 6-4 para extender a 32 encuentros su invicto en este torneo.

El cruce tuvo un momento de fuerte tensión cuando Zverev interrumpió un punto por las luces de un cartel LED y el árbitro decidió repetirlo por obstrucción. Djokovic cuestionó con dureza la interpretación y discutió con el juez de silla, aunque logró recomponerse y sostener la remontada.

Con la victoria, el ex número uno superó la marca de 31 triunfos iniciales que compartía con Rafael Nadal en Roland Garros. En semifinales enfrentará a Daniil Medvedev, vencedor del argentino Francisco Cerúndolo.",https://www.tycsports.com/tenis/djokovic-exploto-juez-polemico-fallo-zverev-partidazo-racha-pekin--id764326.html,https://media.tycsports.com/files/2026/10/04/992840/novak-djokovic-_416x234.webp,TyC Sports,https://www.tycsports.com/tenis/djokovic-exploto-juez-polemico-fallo-zverev-partidazo-racha-pekin--id764326.html,https://www.atptour.com/en/video/highlights-djokovic-rallies-past-zverev-for-beijing-2026-sf-spot,Greg Baker / AFP,MEDIA,,EXACTA,ACTUAL,,FALSE,
SI,04/10/2026,11:45,SELECCIÓN ARGENTINA,PRESTIANNI MARCÓ SU PRIMER GOL EN LA SELECCIÓN Y LE HIZO UN GUIÑO A RIVER,"Gianluca Prestianni vivió una jornada especial en la goleada 7-0 de la Selección Argentina sobre Burkina Faso: convirtió su primer gol con la Mayor y, después del partido, habló sobre la posibilidad de vestir la camiseta de River en el futuro.

El extremo de Benfica fue prudente. Remarcó que tiene 20 años, que atraviesa un buen momento en Europa y que su prioridad es continuar varios años en ese fútbol para completar su adaptación. Sin embargo, no cerró la puerta a un regreso al país y recordó que el futuro puede cambiar.

La referencia a River surgió por Nicolás Otamendi, ex compañero suyo en Portugal, quien le regaló una camiseta del club. Prestianni admitió que se la había pedido antes de sumarse a la convocatoria y calificó la casaca como “muy buena”, un gesto que reavivó el interés millonario por el juvenil.",https://www.tycsports.com/seleccion-argentina/-prestianni-seleccion-posibilidad-river-camiseta-otamendi-id764321.html,https://media.tycsports.com/files/2026/09/22/989967/prestianni_416x555.webp,TyC Sports,https://www.tycsports.com/seleccion-argentina/-prestianni-seleccion-posibilidad-river-camiseta-otamendi-id764321.html,https://x.com/Argentina/status/2101366284768174308,TyC Sports,ALTA,,TEMPORAL,ARCHIVO,,FALSE,
SI,04/10/2026,10:47,FÚTBOL ARGENTINO,FALCIONI ASUMIÓ LOS ERRORES DE ATLÉTICO TUCUMÁN TRAS LA CAÍDA ANTE BARRACAS,"Julio Falcioni fue autocrítico luego de la derrota 3-2 de Atlético Tucumán frente a Barracas Central. El Decano sufrió su tercera caída consecutiva en el Clausura, quedó décimo en la Zona B y momentáneamente fuera de los puestos de clasificación a los playoffs.

El entrenador explicó que su equipo había logrado un primer tiempo parejo, pero perdió precisión y control en el complemento. Atlético alcanzó el empate cerca del final, aunque volvió a equivocarse y recibió el gol decisivo de Nicolás Orsini.

Falcioni evitó proyectarse hacia la semifinal de la Copa Argentina contra Platense. Señaló que todavía falta para ese compromiso y anticipó que primero hablará con la dirigencia, mientras el equipo intenta cortar la mala racha en el torneo local.",https://www.tycsports.com/liga-profesional-de-futbol/julio-falcioni-tras-la-derrota-de-atletico-tucuman-ante-barracas-pagamos-caro-los-errores-id764316.html,https://media.tycsports.com/files/2026/10/04/992825/atletico-tucuman-_416x234.webp?v=2,TyC Sports,https://www.tycsports.com/liga-profesional-de-futbol/julio-falcioni-tras-la-derrota-de-atletico-tucuman-ante-barracas-pagamos-caro-los-errores-id764316.html,https://x.com/LigaAFA/status/2102102889191920044,TyC Sports,MEDIA,,EXACTA,ACTUAL,,FALSE,
SI,04/10/2026,10:15,POLIDEPORTIVO,RIBOVICS NOQUEÓ A KING GREEN EN EL PRIMER ROUND Y FIRMÓ OTRA VICTORIA CONTUNDENTE,"Esteban Ribovics venció por nocaut técnico a King Green en UFC 332. El argentino derribó tres veces al estadounidense y el árbitro Herb Dean detuvo el combate a los 4 minutos y 8 segundos del primer asalto, cuando Green ya no podía responder con eficacia.

Ribovics tomó la iniciativa desde el comienzo, acortó la distancia con presión constante y encontró el golpe decisivo con la mano izquierda. El triunfo adquirió todavía más valor por la experiencia del rival, que llegaba con cuatro victorias consecutivas y 32 presentaciones previas en UFC.

La actuación también permitió al salteño dejar atrás la polémica del pesaje: había quedado medio kilo por encima del límite y perdió el 20 por ciento de su bolsa. Tras la pelea hizo autocrítica y prometió volver con mayor profesionalismo, mientras suma dos definiciones consecutivas antes del límite.",https://www.infobae.com/deportes/2026/10/04/el-demoledor-nocaut-del-argentino-esteban-ribovics-en-la-ufc-derribo-tres-veces-a-su-rival-y-gano-en-el-primer-round/,https://www.infobae.com/resizer/v2/64QDN3A2VRHSXIWAYZ243ANIAI.jpg?auth=bc7a7af1c8f15f361857e11cf81ae7d7b2d3d5c8bb4af3561f09589352ee114a&height=350&quality=85&smart=true&width=350,Infobae,https://www.infobae.com/deportes/2026/10/04/el-demoledor-nocaut-del-argentino-esteban-ribovics-en-la-ufc-derribo-tres-veces-a-su-rival-y-gano-en-el-primer-round/,https://www.paramountplus.com/ar/shows/video/ALVE01M35CCKDSERRT5XG0590Y2MXB/,@ufcespanol,ALTA,,OK,EXACTA,,FALSE,
SI,04/10/2026,09:56,FÓRMULA 1,COLAPINTO APUNTÓ CONTRA LA ESTRATEGIA DE ALPINE: “FUE LA DECISIÓN INCORRECTA”,"Franco Colapinto terminó 13° en Sepang después de largar 21°, pero dejó en segundo plano la remontada para cuestionar la estrategia de Alpine. La escudería eligió neumáticos blandos para una pista que seguía húmeda y tanto el argentino como Pierre Gasly perdieron terreno desde la largada.

Colapinto explicó que el auto quedó sin adherencia y que la elección lo obligó a administrar riesgos mientras la pista tardaba mucho más de lo previsto en secarse. Cuando pudo usar las gomas lisas en mejores condiciones mostró buen ritmo y superó a varios rivales, una señal positiva que, según él, confirmó que había potencial para un resultado superior.

Gasly también fue perjudicado y cayó del noveno al 16° puesto. El argentino pidió aprender del error y ya enfocó su preparación en el próximo Gran Premio de Singapur.",https://www.tycsports.com/automovilismo/la-furiosa-reaccion-de-colapinto-por-la-estrategia-de-alpine-en-el-gp-de-malasia-de-la-f1-id764314.html,https://media.tycsports.com/files/2026/10/04/992824/franco-colapinto_416x234.webp,TyC Sports,https://www.tycsports.com/automovilismo/la-furiosa-reaccion-de-colapinto-por-la-estrategia-de-alpine-en-el-gp-de-malasia-de-la-f1-id764314.html,https://www.youtube.com/watch?v=56jF73GYgW4,Jayce Illman / Getty Images,ALTA,,OK,EXACTA,,FALSE,
SI,04/10/2026,09:38,INTERNACIONAL,BRUNO FERNANDES PIDIÓ UNIDAD EN PORTUGAL TRAS EL ESCÁNDALO CON CRISTIANO RONALDO,"Bruno Fernandes contó que habló con Cristiano Ronaldo después de que el delantero abandonara la concentración de Portugal en medio de sus diferencias con el entrenador Jorge Jesús. El capitán defendió el lugar histórico del goleador y pidió evitar divisiones dentro del seleccionado.

La crisis se originó cuando Cristiano fue relegado del equipo titular y no sumó minutos ante Noruega pese a realizar movimientos precompetitivos. Más tarde dejó la concentración, una decisión que abrió cuestionamientos sobre su relación con el cuerpo técnico.

Fernandes sostuvo que los problemas deben resolverse puertas adentro y recordó que las decisiones sobre la formación corresponden al entrenador. Portugal afronta así su próximo compromiso por la Nations League con el foco puesto tanto en lo deportivo como en la convivencia del plantel.",https://www.tycsports.com/uefa-nations-league/capitan-portugal-escandalo-crisitano-mensaje-de-unidad-id764315.html,https://media.tycsports.com/files/2026/10/04/992823/cristiano-ronaldo-y-bruno-fernandes_416x234.webp,TyC Sports,https://www.tycsports.com/uefa-nations-league/capitan-portugal-escandalo-crisitano-mensaje-de-unidad-id764315.html,https://x.com/selecaoportugal/status/2100913877282132383,Reuters,MEDIA,,EXACTA,ACTUAL,,FALSE,
SI,04/10/2026,08:43,POLIDEPORTIVO,JOHNNY WALKER DEBUTÓ EN PESO PESADO CON UN RODILLAZO QUE DEJÓ INCONSCIENTE A PARKIN,"Johnny Walker tuvo un estreno contundente en la división de peso pesado de UFC: noqueó al británico Mick Parkin con un rodillazo de izquierda a los 3 minutos y 35 segundos del primer round, durante la cartelera de UFC 332 en Salt Lake City.

El brasileño castigó primero las piernas de su rival, revirtió la presión contra la reja y, desde el clinch, conectó el golpe que terminó el combate. Parkin cayó inconsciente y recibió asistencia médica antes de poder retirarse. Walker obtuvo una de las bonificaciones de Actuación de la Noche, valuada en 100.000 dólares.

La función estableció un récord moderno de la compañía con once nocauts; nueve peleas terminaron en el primer asalto. Entre esas definiciones estuvo la victoria del argentino Esteban Ribovics sobre King Green, ya cubierta por RanaSports, lo que convirtió a la velada en una de las más explosivas del año.",https://www.infobae.com/deportes/2026/10/04/dramatica-imagen-en-ufc-una-figura-dejo-inconsciente-a-su-rival-con-un-brutal-rodillazo-en-la-cabeza/,https://www.infobae.com/resizer/v2/EFI6YCWIWFAKXMAIKBIIA52XQY.jpg?auth=e4329dc0e29bf8dd2726d5d715b3c34bafc1bddcafcefdbdd3fa2b261e6afe42&smart=true&width=1200&height=630&quality=85,Infobae Deportes,https://www.infobae.com/deportes/2026/10/04/dramatica-imagen-en-ufc-una-figura-dejo-inconsciente-a-su-rival-con-un-brutal-rodillazo-en-la-cabeza/,https://x.com/UFCEspanol/status/2106500938559058241,AFP / Infobae,MEDIA,,EXACTA,ACTUAL,,FALSE,
SI,04/10/2026,08:37,MESSI,MESSI PRESENTÓ EL PRIMER TRÁILER DE SU SERIE ANIMADA,"Lionel Messi presentó el primer adelanto de Messi y los gigantes, la serie animada de Disney+ en la que participa como productor ejecutivo. La ficción infantil combinará fútbol, aventura y fantasía, y tendrá como protagonista a un chico de 12 años inspirado en el capitán argentino.

La historia seguirá a Leo, que será transportado desde la pantalla de su computadora a un universo habitado por gigantes. Para volver a su hogar deberá afrontar desafíos con lógica futbolera, apoyarse en el trabajo en equipo y compensar la falta de los poderes que poseen otros personajes.

La producción llegará a Disney+ durante el invierno de 2027 en Argentina, aunque todavía no tiene fecha exacta de estreno. Messi comparte la producción ejecutiva con Lacey Stanton y Bryan Korn, de Sony Pictures Television.",https://www.tycsports.com/gaming/messi-presento-el-primer-trailer-de-su-nueva-serie-de-animacion-id764309.html,https://media.tycsports.com/files/2026/10/04/992816/messi-presento-el-primer-trailer-de-su-nueva-serie-de-animacion_416x234.webp,TyC Sports,https://www.tycsports.com/gaming/messi-presento-el-primer-trailer-de-su-nueva-serie-de-animacion-id764309.html,https://www.youtube.com/watch?v=Gj3VgAGlht0,Disney+,MEDIA,,EXACTA,ACTUAL,,FALSE,
SI,04/10/2026,08:15,FÚTBOL ARGENTINO,"ROSARIO CENTRAL PUEDE ACERCARSE A LA CIMA DE LA ANUAL, PERO LLEGA CON BAJAS","Rosario Central visitará a Banfield con la posibilidad de recortar distancia en la tabla anual después del empate de Independiente Rivadavia. Si gana en el Sur, el equipo de Jorge Almirón quedará a tres puntos del líder y recibirá a la Lepra mendocina en la fecha siguiente.

El Canalla, primer club campeón por la sumatoria anual, todavía conserva opciones de pelear por el bicampeonato. También debe mirar los resultados de Boca, Argentinos Juniors y Vélez, rivales directos en una recta final que definirá títulos y clasificaciones internacionales.

Almirón afrontará el partido sin Jaminton Campaz ni Vicente Pizarro, afectados a sus selecciones. Tampoco estarán Axel Werner, con un esguince de rodilla que lo marginaría al menos tres semanas, ni Agustín Sández, suspendido de manera provisional.",https://www.tycsports.com/liga-profesional-de-futbol/rosario-central-entre-la-obligacion-y-la-posibilidad-de-pelear-por-el-bicampeonato-id764185.html,https://media.tycsports.com/files/2026/10/03/992566/rosario-central_416x234.webp,TyC Sports,https://www.tycsports.com/liga-profesional-de-futbol/rosario-central-entre-la-obligacion-y-la-posibilidad-de-pelear-por-el-bicampeonato-id764185.html,https://x.com/LigaAFA/status/2102102889191920044,Fotobaires,ALTA,,OK,EXACTA,,FALSE,
SI,04/10/2026,08:15,FÚTBOL ARGENTINO,"ALDOSIVI RECUPERA PIEZAS, PERO PIERDE A TOMÁS FERNÁNDEZ ANTE HURACÁN","Aldosivi llegará al duelo con Huracán después de ganar dos de sus tres partidos con Javier Sanguinetti. La reacción ante Banfield y Atlético Tucumán reanimó sus posibilidades de permanencia, aunque el equipo sigue penúltimo tanto en la tabla anual como en los promedios.

El entrenador no podrá contar con Tomás Fernández, lesionado y baja en la creación. En cambio recuperó a Andrés Vombergar, que podría jugar cerca de media hora, y volvió a disponer de los defensores Néstor Breitenbruch y Leonardo Sigali.

Sanguinetti evalúa a Anso, Palavecino o Dadín para reorganizar el mediocampo y el ataque. El Tiburón necesita acercarse a Deportivo Riestra, ubicado cinco puntos por encima, y sumar en el Ducó para sostener una recuperación que recién comienza.",https://www.tycsports.com/liga-profesional-de-futbol/aldosivi-ante-una-parada-brava-en-la-busqueda-de-la-permanencia-id764072.html,https://media.tycsports.com/files/2026/10/02/992422/aldosivi_416x234.webp,TyC Sports,https://www.tycsports.com/liga-profesional-de-futbol/aldosivi-ante-una-parada-brava-en-la-busqueda-de-la-permanencia-id764072.html,https://x.com/LigaAFA/status/2102102889191920044,Aldosivi / Prensa oficial,MEDIA,,OK,EXACTA,,FALSE,
SI,04/10/2026,08:14,FÚTBOL ARGENTINO,TALLERES PIERDE A ÁLVAREZ MARTÍNEZ Y BUSCA REEMPLAZANTE PARA EL CLÁSICO,"Talleres afrontará el clásico con Belgrano sin Agustín Álvarez Martínez, expulsado ante Instituto. La ausencia obliga a Omar De Felippe a resolver quién será la referencia ofensiva de un equipo que marcha anteúltimo en la Zona A y necesita reaccionar para conservar una mínima posibilidad de clasificación.

El entrenador analiza un cambio directo con el juvenil Valentín Dávila o una formación sin centrodelantero fijo, con Rick y Valentín Depietri abiertos por los extremos. La decisión condicionará el plan para un partido de alta presión ante más de 55 mil hinchas albiazules en el Kempes.

Talleres viene de perder con Instituto y carga además con el recuerdo de la eliminación sufrida ante Belgrano en el Apertura. De Felippe intentó quitar dramatismo, pero el resultado puede marcar el rumbo del tramo final de la temporada.",https://www.tycsports.com/liga-profesional-de-futbol/talleres-clasico-belgrano-partido-clave-futuro-de-felippe-plantel-t-fassi-liga-profesional-id763759.html,https://media.tycsports.com/files/2026/10/01/991919/talleres_416x234.webp,TyC Sports,https://www.tycsports.com/liga-profesional-de-futbol/talleres-clasico-belgrano-partido-clave-futuro-de-felippe-plantel-t-fassi-liga-profesional-id763759.html,https://x.com/LigaAFA/status/2102102889191920044,TyC Sports,ALTA,,OK,EXACTA,,FALSE,
SI,04/10/2026,08:13,FÚTBOL ARGENTINO,BELGRANO VA AL CLÁSICO SIN CARDOZO Y CON EL REGRESO DE ADRIÁN SÁNCHEZ,"Belgrano no tendrá a Thiago Cardozo en el arco para enfrentar a Talleres porque el uruguayo está afectado a su selección. Manuel Vicentini será el reemplazante y disputará su primer partido desde la fecha inicial del Clausura.

Ricardo Zielinski recuperó a Adrián Sánchez, quien dejó atrás un desgarro que lo marginó durante dos encuentros. Su regreso le permitiría al entrenador reforzar la circulación en el mediocampo junto a Emiliano Rigoni, Franco Vázquez, Francisco González Metilli y Lucas Zelarayán.

El Pirata llega quinto en la Zona B con 16 puntos después de cortar una racha de cuatro partidos sin ganar. El probable equipo incluye a Vicentini; Morales, Maldonado, Lisandro López y Spörle; Rigoni, Sánchez, Vázquez y González Metilli; Zelarayán y Passerini.",https://www.tycsports.com/liga-profesional-de-futbol/zielinski-entre-una-baja-y-un-regreso-para-enfrentar-a-talleres-id764188.html,https://media.tycsports.com/files/2026/10/03/992568/zielinski-ultima-detalles-para-el-clasico_416x234.webp,TyC Sports,https://www.tycsports.com/liga-profesional-de-futbol/zielinski-entre-una-baja-y-un-regreso-para-enfrentar-a-talleres-id764188.html,https://x.com/LigaAFA/status/2102102889191920044,TyC Sports,ALTA,,OK,EXACTA,,FALSE,
SI,04/10/2026,08:10,RIVER,RIVER PASARÁ DE 21 DÍAS SIN JUGAR A TRES PARTIDOS EN UNA SEMANA,"River se prepara para una seguidilla exigente después de un parate de 21 días provocado por la fecha FIFA y la postergación del encuentro con Sarmiento. El regreso será ante Estudiantes de Río Cuarto y continuará con la visita a Junín y el duelo frente a Belgrano en Córdoba.

Los tres partidos serán determinantes para la clasificación a la Copa Libertadores y para asegurar un lugar en los octavos del Clausura. La particularidad es que el equipo contará con apoyo de sus hinchas en los tres escenarios.

Leonardo Ponzio evalúa rotar por primera vez desde que asumió. Tobías Andrada y Thiago Almada avanzaron en sus recuperaciones, mientras que Francisco Ortega, Mauro Arambarri, Rafael Santos Borré y Lucas Beltrán aparecen como alternativas para administrar cargas.",https://www.tycsports.com/river-plate/de-21-dias-sin-jugar-a-tres-partidos-en-una-semana-el-particular-desafio-que-tendra-river-id764259.html,https://media.tycsports.com/files/2026/10/01/991979/leo-ponzio-en-el-entrenamiento-de-river_416x234.webp?v=1,TyC Sports,https://www.tycsports.com/river-plate/de-21-dias-sin-jugar-a-tres-partidos-en-una-semana-el-particular-desafio-que-tendra-river-id764259.html,https://www.youtube.com/watch?v=LgYQQ6Uqj8Y,TyC Sports,ALTA,,TEMPORAL,ARCHIVO,,FALSE,
SI,04/10/2026,08:08,BOCA,BOCA HIZO DE LA BOMBONERA UNA FORTALEZA EN EL CICLO ARRUABARRENA,"Boca ganó los cinco partidos que disputó en la Bombonera desde la llegada de Rodolfo Arruabarrena y recibió apenas un gol. El 3-0 sobre Unión consolidó una racha que incluye victorias ante O'Higgins, Lanús, San Pablo y Central Córdoba.

El Xeneize marcó nueve tantos en esos encuentros y solo Central Córdoba logró convertirle. Leonel Flores, Miguel Merentiel y Ángel Romero son los máximos anotadores del semestre en el estadio con dos goles cada uno; Lautaro Di Lollo, Enner Valencia y Tomás Belmonte completan la lista.

La solidez como local será determinante en la recta final porque Boca todavía debe recibir a Vasco da Gama, Talleres, River y Defensa y Justicia. El equipo mantiene además un invicto general de 16 partidos, el más largo de la gestión de Juan Román Riquelme.",https://www.tycsports.com/boca-juniors/boca-encontro-una-fortaleza-en-la-bombonera-los-numeros-que-lo-explican-id764228.html,https://media.tycsports.com/files/2026/10/02/992485/boca-celebra-su-gran-triunfo-ante-union-en-la-bombonera-fotobaires_1440x810.webp,TyC Sports,https://www.tycsports.com/boca-juniors/boca-encontro-una-fortaleza-en-la-bombonera-los-numeros-que-lo-explican-id764228.html,https://x.com/BocaJrsOficial/status/2043814339337932911,Fotobaires,MEDIA,,EXACTA,ACTUAL,,FALSE,
SI,04/10/2026,08:05,SELECCIÓN ARGENTINA,DIBU MARTÍNEZ EXPLICÓ POR QUÉ SIGUE EN LA SELECCIÓN Y SORPRENDIÓ CON UN DESEO,"Emiliano Martínez contó que necesitó tiempo para procesar la derrota en la final del Mundial y que buscó un cambio de club para renovarse mentalmente. El arquero aseguró que volver a la Selección fue la mejor decisión porque se siente útil, rápido y en condiciones de seguir representando al país.

Ante Burkina Faso alcanzó su valla invicta número 45 en 69 partidos y quedó a dos del récord de Sergio Romero. Dibu remarcó que mantener el arco en cero sigue siendo una de sus principales motivaciones, sin importar la exigencia del rival.

También anticipó que el plantel buscará acompañar a Lionel Messi en su despedida ante Benín y dejó una confesión vinculada con su ciudad natal: le gustaría jugar alguna vez en Mar del Plata, aunque no aclaró si se refería a un partido de la Selección o a un regreso a un club local.",https://www.tycsports.com/seleccion-argentina/dibu-martinez-revelo-la-clave-para-seguir-en-la-seleccion-argentina-y-solto-una-inesperada-confesion-me-gustaria-ir-a-jugar-a-mar-del-plata-id764300.html,https://imgs.elpais.com.uy/dims4/default/087dcea/2147483647/strip/true/crop/2588x1779%2B0%2B0/resize/1440x990%21/quality/90/?url=https%3A%2F%2Fel-pais-uruguay-production-web.s3.us-east-1.amazonaws.com%2Fbrightspot%2Fa6%2Fd7%2Fba6a659f49f89a66ffde17d09a28%2Fafp-37vt9wv-19241752.jpg,TyC Sports,https://www.tycsports.com/seleccion-argentina/dibu-martinez-revelo-la-clave-para-seguir-en-la-seleccion-argentina-y-solto-una-inesperada-confesion-me-gustaria-ir-a-jugar-a-mar-del-plata-id764300.html,https://x.com/Argentina/status/2101366284768174308,AFP,ALTA,,TEMPORAL,ARCHIVO,,FALSE,
SI,04/10/2026,08:03,SELECCIÓN ARGENTINA,LOS JÓVENES DE LA SELECCIÓN APROVECHARON SU CHANCE Y AMPLIARON LAS OPCIONES DE SCALONI,"La goleada 7-0 ante Burkina Faso mostró el avance del recambio que impulsa Lionel Scaloni. Salvo los arqueros Emiliano Martínez y Gerónimo Rulli, ninguno de los futbolistas utilizados superaba los 30 años, y varios de los más jóvenes respondieron con actuaciones decisivas.

Gianluca Prestianni convirtió su primer gol en la Mayor y también asistió a Julián Álvarez. Nico Paz volvió a marcar, Franco Mastantuono estrenó su cuenta con la camiseta argentina y Leonel Flores trasladó a la Selección el impulso de su doblete con Boca menos de 24 horas antes.

El rendimiento del grupo amplía las alternativas de Scaloni para el cierre de la ventana internacional. Los juveniles buscarán sostener su lugar el martes ante Benín, en el partido señalado como la despedida de Lionel Messi de la Selección.",https://www.tycsports.com/seleccion-argentina/los-pibes-de-la-seleccion-argentina-que-aprovecharon-su-chance-y-le-abrieron-un-interrogante-a-scaloni-id764308.html,https://media.tycsports.com/files/2026/10/04/992814/los-pibes-de-scaloni_1440x810.webp,TyC Sports,https://www.tycsports.com/seleccion-argentina/los-pibes-de-la-seleccion-argentina-que-aprovecharon-su-chance-y-le-abrieron-un-interrogante-a-scaloni-id764308.html,https://x.com/Argentina/status/2101366284768174308,TyC Sports,MEDIA,,EXACTA,ACTUAL,,FALSE,
SI,04/10/2026,07:54,FÓRMULA 1,COLAPINTO REMONTÓ OCHO PUESTOS Y TERMINÓ 13° EN SEPANG,"Franco Colapinto completó una recuperación importante en el Gran Premio de Bahréin disputado en Sepang. El argentino largó 21° por las penalizaciones acumuladas, llegó a caer al último lugar en el comienzo y terminó 13°, ocho posiciones por delante de su puesto de partida.

La carrera comenzó con más de una hora y media de demora por la lluvia. Las neutralizaciones y las distintas estrategias de neumáticos alteraron el clasificador; Colapinto llegó a ubicarse 12°, volvió a retrasarse tras una detención y aprovechó el último relanzamiento para superar a Oliver Bearman.

El piloto de Alpine terminó además por delante de su compañero Pierre Gasly, que fue 16°. Max Verstappen ganó la competencia, seguido por Kimi Antonelli y Lewis Hamilton.",https://deportv.gob.ar/motor/carrera-franco-colapinto-gp-bahrein-remonto-lugares-termino-13ero-gano-verstappen-nid:17651,https://deportv.gob.ar/thumbs/advf/imagenes/2026/10/6ac23263daa5d_1200.webp,DeporTV,https://deportv.gob.ar/motor/carrera-franco-colapinto-gp-bahrein-remonto-lugares-termino-13ero-gano-verstappen-nid:17651,https://www.youtube.com/watch?v=56jF73GYgW4,Alpine,ALTA,,OK,EXACTA,,FALSE,
SI,04/10/2026,07:12,AFA / INSTITUCIONAL,LA AFA DESIGNÓ A UNA SOCIEDAD DE DUBAI COMO NUEVO AGENTE EXCLUSIVO DE COBRO,"La AFA comunicó a sus contrapartes comerciales que Moon Euro Management LLC pasó a ser su agente oficial y exclusivo para recaudar pagos vinculados con acuerdos internacionales. Según documentos, registros bancarios y facturas analizados por LA NACION, la sociedad fue constituida recientemente en Dubai y comenzó a operar bajo un esquema con cuenta bancaria en Miami.

La comunicación firmada por Claudio Tapia y el secretario general Cristian Malaspina estableció que el mecanismo tendría efecto retroactivo desde el 18 de mayo. El artículo señala que Moon Euro Management fue creada pocas semanas antes y que no aparecen públicamente identificados sus propietarios o ejecutivos.

La nueva intermediaria operaría en reemplazo de TourProdEnter LLC, que cobraba ingresos por patrocinios, premios y amistosos. LA NACION vinculó el cambio con investigaciones en Estados Unidos y causas en la Argentina sobre circuitos comerciales y bancarios de la entidad; la AFA no había respondido las consultas del medio al cierre de la publicación.",https://www.lanacion.com.ar/politica/los-manejos-de-la-afa-chiqui-tapia-cambio-el-esquema-de-cobros-y-puso-a-una-sociedad-de-dubai-como-nid04102026/,https://www.lanacion.com.ar/resizer/v2/la-afa-comunico-un-cambio-en-su-esquema-de-cobro-JGB2HIFLWRE5THCYXMVQCOSAIM.jpeg?auth=e0c4711d5dd9e9f30030f0bffc5665651c2f550927333faf80c16da32393a207&width=1200&height=800&quality=70&smart=true,LA NACION,https://www.lanacion.com.ar/politica/los-manejos-de-la-afa-chiqui-tapia-cambio-el-esquema-de-cobros-y-puso-a-una-sociedad-de-dubai-como-nid04102026/,https://www.youtube.com/watch?v=hemRt302Bps,LA NACION,ALTA,,EXACTA,ACTUAL,,FALSE,
SI,04/10/2026,06:45,FÚTBOL ARGENTINO,"HURACÁN RECIBE A ALDOSIVI: HORARIO, TV Y ÁRBITROS","Huracán recibirá a Aldosivi este domingo desde las 14.45 en el estadio Tomás Adolfo Ducó, por la fecha 11 del Torneo Clausura. El partido será televisado por TNT Sports Premium, con Nazareno Arasa como árbitro y Nicolás Lamolina en el VAR.

El Globo llega con dos triunfos consecutivos, ante Racing y River, y suma 16 puntos en la Zona B. Aldosivi también mostró una reacción: venció a Banfield y Atlético Tucumán en dos de sus últimos tres partidos, después de una racha de 23 encuentros sin victorias por Liga Profesional.

Diego Martínez y Javier Sanguinetti todavía no confirmaron las formaciones. Huracán buscará sostenerse en puestos de clasificación, mientras el conjunto marplatense necesita sumar por su situación en la tabla anual.",https://www.tycsports.com/liga-profesional-de-futbol/argentina-torneo-clausura-2026-huracan-vs-aldosivi-fecha-11-id764021.html,https://media.tycsports.com/files/2026/09/13/987664/huracan-festejo_416x234.webp,TyC Sports,https://www.tycsports.com/liga-profesional-de-futbol/argentina-torneo-clausura-2026-huracan-vs-aldosivi-fecha-11-id764021.html,https://x.com/LigaAFA/status/2102102889191920044,Fotobaires,MEDIA,,TEMPORAL,ARCHIVO,,FALSE,
SI,04/10/2026,04:55,FÓRMULA 1,LA LLUVIA DESATÓ EL CAOS Y DEMORÓ LA LARGADA EN SEPANG,"El Gran Premio disputado en Sepang sufrió una extensa demora por la lluvia intensa y la acumulación de agua sobre el circuito. La FIA postergó la largada, envió varias veces al auto de seguridad para evaluar el estado de la pista y llegó a suspender el procedimiento cuando los monoplazas ya habían iniciado la vuelta de formación.

Las condiciones provocaron aquaplaning y problemas de visibilidad, mientras Lewis Hamilton reportó un inconveniente en su Ferrari. Franco Colapinto afrontó la carrera desde el fondo de la grilla con Alpine, en una prueba alterada desde antes de la señal de partida.

El episodio volvió a poner en primer plano la dificultad climática de Sepang, un trazado de 5,543 kilómetros conocido por sus tormentas repentinas y por los cambios bruscos de adherencia.",https://www.tycsports.com/automovilismo/f1-hora-y-donde-ver-en-vivo-la-carrera-de-colapinto-en-el-gp-de-malasia-id763770.html,https://media.tycsports.com/files/2026/10/04/992784/gp-de-malasia_416x234.webp?v=1,TyC Sports,https://www.tycsports.com/automovilismo/f1-hora-y-donde-ver-en-vivo-la-carrera-de-colapinto-en-el-gp-de-malasia-id763770.html,https://www.youtube.com/watch?v=56jF73GYgW4,F1 / TyC Sports,ALTA,,OK,EXACTA,,FALSE,
SI,04/10/2026,03:30,RACING,RACING VISITA A ESTUDIANTES DE RÍO CUARTO CON DUPLA INTERINA,"Racing visitará a Estudiantes de Río Cuarto este domingo a las 21.30 en el estadio Antonio Candini. El encuentro será transmitido por TNT Sports Premium, con Felipe Viola como árbitro y Héctor Paletta a cargo del VAR.

La Academia afrontará su primer partido después de la salida de Juan Pablo Vojvoda. Sebastián Romero y Luciano Aued conducirán el interinato de un equipo que suma ocho puntos en diez fechas y quedó eliminado de la Copa Argentina ante Boca.

Estudiantes perdió sus últimos tres encuentros y ocupa el último lugar de la Zona B con seis unidades. Ambos necesitan reaccionar: Racing para volver a acercarse a la pelea y el equipo cordobés para mejorar su situación en la tabla anual.",https://www.tycsports.com/liga-profesional-de-futbol/argentina-torneo-clausura-2026-estudiantes-rc-vs-racing-club-fecha-11-id764120.html,https://media.tycsports.com/files/2026/09/14/987803/racing_416x234.webp?v=1,TyC Sports,https://www.tycsports.com/liga-profesional-de-futbol/argentina-torneo-clausura-2026-estudiantes-rc-vs-racing-club-fecha-11-id764120.html,https://www.youtube.com/watch?v=G1HUlzlPT4s,Fotobaires,ALTA,,TEMPORAL,ARCHIVO,,FALSE,
SI,04/10/2026,00:51,SELECCIÓN ARGENTINA,SCALONI ESQUIVÓ SU RENOVACIÓN Y ANTICIPÓ LA DESPEDIDA DE MESSI,"Lionel Scaloni volvió a evitar definiciones sobre su continuidad después del 7-0 ante Burkina Faso. El entrenador aseguró que todavía no hay novedades y que la decisión será comunicada cuando corresponda, sea favorable o no, mientras la Selección continúa con su preparación para el Mundial.

También se refirió al último partido de Lionel Messi con la camiseta argentina, previsto para el martes ante Benín. Scaloni remarcó que el capitán deja un ejemplo difícil de igualar por su compromiso cotidiano y sostuvo que el plantel buscará acompañarlo para que disfrute la jornada.

De cara a la fecha FIFA de noviembre, el técnico pidió rivales de mayor exigencia para seguir midiendo a los futbolistas jóvenes y ajustar el equipo antes de la competencia oficial.",https://www.tycsports.com/seleccion-argentina/lionel-scaloni-volvio-a-eludir-el-tema-de-su-continuidad-y-palpito-la-despedida-de-messi-deja-algo-inigualable-id764293.html,https://media.tycsports.com/files/2026/10/04/992754/lionel-scaloni_416x234.webp?v=1,TyC Sports,https://www.tycsports.com/seleccion-argentina/lionel-scaloni-volvio-a-eludir-el-tema-de-su-continuidad-y-palpito-la-despedida-de-messi-deja-algo-inigualable-id764293.html,https://x.com/TyCSports/status/2106588259576844770,Foto Baires,ALTA,,OK,EXACTA,,FALSE,
SI,04/10/2026,00:39,SELECCIÓN ARGENTINA,LOS JUGADORES DE LA SELECCIÓN YA VIVEN LA DESPEDIDA DE MESSI,"La Selección Argentina comenzó a transitar la previa del último partido de Lionel Messi con la camiseta nacional, programado para el martes ante Benín. Después de la goleada sobre Burkina Faso, varios integrantes del plantel explicaron qué representa compartir esta etapa con el capitán.

Enzo Fernández expresó su deseo de que Messi disfrute el encuentro; Santiago Castro contó que verlo jugar lo hizo enamorarse de la pelota; y Juan Giay sostuvo que el rosarino merece cada reconocimiento. Gianluca Prestianni recordó que creció mirándolo, mientras Matías Soulé admitió que la despedida tendrá una mezcla de tristeza y emoción.

Emiliano Martínez resumió el clima interno al señalar que el grupo quiere acompañar y cuidar a Messi en una noche que marcará el cierre de una era para la Selección.",https://www.tycsports.com/seleccion-argentina/la-seleccion-argentina-anticipo-la-despedida-de-messi-me-hizo-enamorar-de-la-pelota-creci-viendolo-y-mas-id764295.html,https://media.tycsports.com/files/2026/09/15/988073/lionel-messi-getty_416x234.webp?v=12,TyC Sports,https://www.tycsports.com/seleccion-argentina/la-seleccion-argentina-anticipo-la-despedida-de-messi-me-hizo-enamorar-de-la-pelota-creci-viendolo-y-mas-id764295.html,https://www.dailymotion.com/video/xbgivaq,Elsa / Getty Images,ALTA,,TEMPORAL,ARCHIVO,,FALSE,
SI,04/10/2026,00:04,FÚTBOL ARGENTINO,TALLERES Y BELGRANO REVIVEN EL CLÁSICO CORDOBÉS EN EL KEMPES,"Talleres y Belgrano jugarán este domingo desde las 17 en el estadio Mario Alberto Kempes, por la undécima fecha del Torneo Clausura. Facundo Tello será el árbitro, Yamil Possi estará en el VAR y la transmisión estará a cargo de ESPN Premium.

Talleres llega anteúltimo en la Zona A, con apenas dos triunfos y seis derrotas, y buscará una reacción bajo la conducción de Omar De Felippe. Belgrano acumula cuatro partidos sin perder y se ubica quinto en la Zona B con 16 puntos.

El antecedente inmediato agrega tensión: Belgrano eliminó 1-0 a Talleres en los octavos del Apertura y luego se consagró campeón. Ricardo Zielinski y De Felippe aún no confirmaron las formaciones.",https://www.tycsports.com/liga-profesional-de-futbol/argentina-torneo-clausura-2026-talleres-vs-belgrano-fecha-11-id764077.html,https://media.tycsports.com/files/2026/05/09/948300/talleres-vs-belgrano_416x234.webp,TyC Sports,https://www.tycsports.com/liga-profesional-de-futbol/argentina-torneo-clausura-2026-talleres-vs-belgrano-fecha-11-id764077.html,https://x.com/LigaAFA/status/2102102889191920044,Belgrano / Redes sociales,ALTA,,TEMPORAL,ARCHIVO,,FALSE,
SI,03/10/2026,23:37,SELECCIÓN ARGENTINA,EL 7-0 ANTE BURKINA FASO IGUALÓ LA MAYOR GOLEADA DEL CICLO SCALONI,"La Selección Argentina igualó la victoria más amplia de la era Lionel Scaloni con el 7-0 frente a Burkina Faso. El antecedente había sido el triunfo por el mismo marcador ante Curazao, el 28 de marzo de 2023 en Santiago del Estero.

En aquella noche, Lionel Messi marcó tres veces y completaron la goleada Nicolás González, Enzo Fernández, Ángel Di María de penal y Gonzalo Montiel. Esta vez, el marcador volvió a llegar a siete, pero con una distribución distinta: hubo siete anotaciones de protagonistas diferentes, incluida una en contra.

El registro refuerza el peso estadístico del amistoso y muestra la amplitud ofensiva del equipo en una convocatoria con varios futbolistas jóvenes y debutantes.",https://www.tycsports.com/seleccion-argentina/seleccion-argentina-burkina-faso-scaloni-curazao-id764284.html,https://media.tycsports.com/files/2026/10/03/992742/messi-gol-seleccion-argentina-vs-curazao_416x234.webp?v=1,TyC Sports,https://www.tycsports.com/seleccion-argentina/seleccion-argentina-burkina-faso-scaloni-curazao-id764284.html,https://x.com/Argentina/status/2101366284768174308,TyC Sports,MEDIA,,TEMPORAL,ARCHIVO,,FALSE,
SI,03/10/2026,23:35,SELECCIÓN ARGENTINA,MASTANTUONO RESPONDIÓ A LAS EXIGENCIAS TRAS SU PRIMER GOL EN LA SELECCIÓN,"Franco Mastantuono convirtió su primer gol con la Selección mayor en el 7-0 ante Burkina Faso y, después del partido, habló sobre las expectativas que lo acompañan desde su aparición en la elite. El mediocampista reconoció que le dolió quedar afuera del Mundial, pero explicó que siguió trabajando para volver a ganarse un lugar.

El jugador, que ingresó en el entretiempo por Nico Paz, señaló que el público es exigente con él desde que debutó a los 16 años. Aclaró que intenta enfocarse en su rendimiento y en las necesidades del equipo, y destacó el respaldo que recibe de los futbolistas de mayor experiencia.

Actualmente cedido en Fiorentina, Mastantuono sumó una actuación importante en una convocatoria en la que Scaloni abrió espacio para varios jóvenes.",https://www.tycsports.com/seleccion-argentina/la-reflexion-de-mastantuono-tras-su-primer-gol-con-la-seleccion-argentina-la-gente-es-muy-exigente-conmigo-id764283.html,https://assets1.afa.com.ar/2026/Lau/WebN-%283%29.jpg,TyC Sports,https://www.tycsports.com/seleccion-argentina/la-reflexion-de-mastantuono-tras-su-primer-gol-con-la-seleccion-argentina-la-gente-es-muy-exigente-conmigo-id764283.html,https://x.com/Argentina/status/2101366284768174308,AFA,MEDIA,,TEMPORAL,ARCHIVO,,FALSE,
SI,03/10/2026,23:01,SELECCIÓN ARGENTINA,ARGENTINA GOLEÓ 7-0 A BURKINA FASO EN EL MONUMENTAL,"La Selección Argentina cerró la fecha FIFA con una goleada 7-0 sobre Burkina Faso en el estadio Monumental. Lautaro Martínez abrió el marcador a los 3 minutos tras capturar el rebote de un penal que el arquero había contenido; luego llegaron el gol en contra de Moumouni Diallo, las conquistas de Gianluca Prestianni, Nicolás Paz y Julián Álvarez antes del descanso.

En el complemento, Franco Mastantuono amplió la ventaja y Giuliano Simeone selló el resultado en tiempo agregado. El equipo de Lionel Scaloni dominó de principio a fin, aprovechó la diferencia de jerarquía y terminó la doble fecha con otra victoria contundente.",https://www.tycsports.com/amistosos-de-selecciones/amistosos-internacionales-masc-2026-argentina-vs-burkina-faso-amistosos-id763898.html,https://assets1.afa.com.ar/2026/Lau/redes--%281%29.jpg,TyC Sports,https://www.tycsports.com/amistosos-de-selecciones/amistosos-internacionales-masc-2026-argentina-vs-burkina-faso-amistosos-id763898.html,https://x.com/Argentina/status/2101366284768174308,AFA,ALTA,,OK,EXACTA,,FALSE,
SI,03/10/2026,23:01,SELECCIÓN ARGENTINA,PRESTIANNI Y MASTANTUONO MARCARON SUS PRIMEROS GOLES EN LA SELECCIÓN MAYOR,"Gianluca Prestianni y Franco Mastantuono estrenaron su cuenta goleadora con la Selección Argentina en la victoria sobre Burkina Faso. Prestianni convirtió el tercero del partido a los 13 minutos, mientras que Mastantuono anotó el sexto a los 56.

Los dos juveniles aprovecharon una noche de amplio dominio argentino para sumar un registro personal importante en el comienzo de sus recorridos con la Mayor. Sus goles también ampliaron las variantes ofensivas disponibles para Lionel Scaloni en una convocatoria con varios futbolistas jóvenes.",https://www.tycsports.com/seleccion-argentina/goles-seleccion-argentina-burkina-faso-lautaro-martinez-monumental--id764270.html,https://assets1.afa.com.ar/2026/Lau/FOTO9506.JPG,TyC Sports,https://www.tycsports.com/seleccion-argentina/goles-seleccion-argentina-burkina-faso-lautaro-martinez-monumental--id764270.html,https://x.com/Argentina/status/2101366284768174308,AFA,MEDIA,,OK,EXACTA,,FALSE,
SI,03/10/2026,22:42,SELECCIÓN ARGENTINA,LEONEL FLORES: DOBLETE EN BOCA Y PARTIDO CON LA SELECCIÓN EN MENOS DE 24 HORAS,"Leonel Flores completó una secuencia poco habitual: después de marcar dos goles para Boca ante Unión, regresó a la concentración de la Selección Argentina y jugó el segundo tiempo frente a Burkina Faso, todo en menos de 24 horas.

El juvenil había debutado en la Mayor el miércoles ante Bolivia. En el Monumental reemplazó a Gianluca Prestianni y hasta tuvo una ocasión de gol que fue contenida por el arquero. Su participación coronó una jornada de enorme exigencia y exposición para una de las apariciones jóvenes del fútbol argentino.",https://www.tycsports.com/seleccion-argentina/leonel-flores-seleccion-argentina-burkina-faso-amistoso-boca-doblete-union-24-horas-id764277.html,https://assets1.afa.com.ar/2026/Lau/FOTO0494.JPG,TyC Sports,https://www.tycsports.com/seleccion-argentina/leonel-flores-seleccion-argentina-burkina-faso-amistoso-boca-doblete-union-24-horas-id764277.html,https://x.com/Argentina/status/2101366284768174308,AFA,MEDIA,,TEMPORAL,ARCHIVO,,FALSE,
SI,03/10/2026,22:30,SELECCIÓN ARGENTINA,LAUTARO IGUALÓ A AGÜERO Y YA ES EL TERCER GOLEADOR HISTÓRICO DE LA SELECCIÓN,"Lautaro Martínez marcó ante Burkina Faso y alcanzó los 42 goles con la camiseta de la Selección Argentina. Con esa cifra igualó a Sergio Agüero en el tercer puesto de la tabla histórica de goleadores del combinado nacional.

El delantero del Inter llegó a ese registro en 86 partidos. Por delante quedaron Gabriel Batistuta, con 54 tantos, y Lionel Messi, líder absoluto con 125. El gol en el Monumental agregó otro hito a una etapa en la que Lautaro se consolidó como una de las referencias ofensivas del ciclo.",https://www.tycsports.com/seleccion-argentina/lautaro-martinez-al-podio-de-maximos-goleadores-de-la-seleccion-argentina-igualo-a-agueero-id764271.html,https://media.tycsports.com/files/2026/10/03/992725/lautaro-martinez_w862.webp,TyC Sports,https://www.tycsports.com/seleccion-argentina/lautaro-martinez-al-podio-de-maximos-goleadores-de-la-seleccion-argentina-igualo-a-agueero-id764271.html,https://x.com/Argentina/status/2101366284768174308,Foto Baires,ALTA,,OK,EXACTA,,FALSE,
SI,03/10/2026,22:23,SELECCIÓN ARGENTINA,"SOULÉ, PALACIOS Y SANTIAGO CASTRO DEBUTARON EN LA SELECCIÓN MAYOR","Matías Soulé, Tomás Palacios y Santiago Castro tuvieron su estreno en la Selección Argentina durante el 7-0 frente a Burkina Faso. Soulé y Palacios ingresaron para el inicio del segundo tiempo, mientras que Castro entró a los 68 minutos.

Los tres sumaron sus primeros minutos en la Mayor dentro de una convocatoria utilizada por Lionel Scaloni para ampliar la base del plantel. El partido, ya encaminado desde la primera parte, les permitió integrarse al funcionamiento del equipo y completar una noche con fuerte presencia de futbolistas jóvenes.",https://www.tycsports.com/amistosos-de-selecciones/amistosos-internacionales-masc-2026-argentina-vs-burkina-faso-amistosos-id763898.html,https://assets1.afa.com.ar/2026/Lau/FOTO0494.JPG,TyC Sports,https://www.tycsports.com/amistosos-de-selecciones/amistosos-internacionales-masc-2026-argentina-vs-burkina-faso-amistosos-id763898.html,https://x.com/Argentina/status/2101366284768174308,AFA,MEDIA,,TEMPORAL,ARCHIVO,,FALSE,
SI,03/10/2026,20:36,SELECCIÓN ARGENTINA,TAPIA CAMBIÓ EL RITUAL DEL MATE Y SUMÓ A CUATRO REFERENTES DE LA SELECCIÓN,"Claudio Tapia renovó una de las postales habituales de las concentraciones de la Selección Argentina. Ante las ausencias de Lionel Messi y Rodrigo De Paul, el presidente de la AFA compartió el ritual del mate con Julián Álvarez, Enzo Fernández, Cristian Romero y Lisandro Martínez.

La imagen reunió a cuatro jugadores señalados como pilares del presente y del próximo ciclo del seleccionado. Más allá del tono distendido, la escena reflejó el lugar creciente de esos futbolistas dentro del liderazgo del plantel campeón del mundo.",https://www.tycsports.com/seleccion-argentina/la-nueva-foto-cabala-de-la-seleccion-argentina-con-chiqui-tapia-id764266.html,https://media.tycsports.com/files/2026/10/03/992701/claudio-tapia-ritual-mate-julian-alvarez-enzo-fernandez-cristian-romero-lisandro-martinez-_416x234.webp,TyC Sports,https://www.tycsports.com/seleccion-argentina/la-nueva-foto-cabala-de-la-seleccion-argentina-con-chiqui-tapia-id764266.html,https://x.com/Argentina/status/2101366284768174308,Instagram / Chiqui Tapia,BAJA,,OK,EXACTA,,FALSE,
SI,03/10/2026,20:18,SELECCIÓN ARGENTINA,SCALONI CONFIRMÓ EL EQUIPO DE ARGENTINA PARA RECIBIR A BURKINA FASO,"La Selección Argentina salió al Monumental con una formación de fuerte perfil ofensivo para el segundo amistoso de esta fecha FIFA. Lionel Scaloni dispuso a Emiliano Martínez; Agustín Giay, Cristian Romero, Lisandro Martínez y Facundo Medina; Nicolás Paz, Enzo Fernández y Alexis Mac Allister; Gianluca Prestianni, Julián Álvarez y Lautaro Martínez.

La principal novedad fue la presencia conjunta de Julián y Lautaro en ataque, acompañados por Prestianni, mientras que Nico Paz volvió a ocupar un lugar de conducción en el mediocampo. El encuentro ante Burkina Faso es el segundo de la serie iniciada con el 4-0 frente a Bolivia y continuará el martes ante Benín, también en el Monumental.",https://www.365scores.com/es/news/formacion-argentina-burkina-faso-amistoso/,https://assets1.afa.com.ar/2026/Lau/web-.jpg,365Scores,https://www.365scores.com/es/news/formacion-argentina-burkina-faso-amistoso/,https://x.com/Argentina/status/2101366284768174308,AFA,ALTA,,OK,EXACTA,,FALSE,
SI,03/10/2026,20:11,FÚTBOL ARGENTINO,ASÍ QUEDARÍAN LOS OCTAVOS DEL CLAUSURA: INDEPENDIENTE IRÍA CONTRA ARGENTINOS,"El cuadro parcial de los playoffs del Torneo Clausura tomó forma después de los partidos del sábado. Si la fase regular terminara ahora, Independiente, octavo de la Zona A, visitaría a Argentinos Juniors, líder de la Zona B. También habría clásico rosarino entre Rosario Central y Newell’s, mientras Boca recibiría a Huracán.

Los otros cruces provisionales serían Instituto-Barracas Central, Gimnasia La Plata-Gimnasia de Mendoza, Vélez-Belgrano, Defensa y Justicia-Sarmiento e Independiente Rivadavia-Lanús. Todavía quedan varias fechas y River, Racing, San Lorenzo y Estudiantes aparecen fuera de los 16 clasificados, por lo que el cuadro puede cambiar de manera sustancial.",https://www.tycsports.com/liga-profesional-de-futbol/torneo-clausura-cruces-playoffs-octavos-de-final-cuadro-fase-final-liga-profesional-2026-id762380.html,https://media.tycsports.com/files/2026/10/03/992698/rosario-central-vs-newells_416x234.webp?v=1,TyC Sports,https://www.tycsports.com/liga-profesional-de-futbol/torneo-clausura-cruces-playoffs-octavos-de-final-cuadro-fase-final-liga-profesional-2026-id762380.html,https://x.com/LigaAFA/status/2102102889191920044,Fotobaires,ALTA,,OK,EXACTA,,FALSE,
SI,03/10/2026,19:31,SAN LORENZO,"INSUA, TRAS EL 0-3 DE SAN LORENZO: “NO ME LLAMA LA ATENCIÓN LO QUE ESTÁ OCURRIENDO”","Rubén Darío Insua asumió el golpe que significó la derrota 3-0 de San Lorenzo ante Defensa y Justicia y evitó relativizar el momento del equipo. El entrenador sostuvo que el plantel debe aceptar la realidad para poder cambiarla y reconoció que no le sorprenden las dificultades de este nuevo ciclo.

El Gallego, que todavía no ganó desde su regreso, remarcó que quedan cinco partidos para intentar mejorar y pidió que el equipo aprenda a convivir con la presión de los hinchas. San Lorenzo volverá al trabajo el martes y su próximo compromiso será el domingo frente a Deportivo Riestra.",https://www.tycsports.com/san-lorenzo/ruben-dario-insua-san-lorenzo-conferencia-de-prensa-defensa-y-justicia-torneo-clausura-liga-profesional-2026-id764258.html,https://media.tycsports.com/files/2023/04/23/559623/ruben-dario-insua_416x234.webp,TyC Sports,https://www.tycsports.com/san-lorenzo/ruben-dario-insua-san-lorenzo-conferencia-de-prensa-defensa-y-justicia-torneo-clausura-liga-profesional-2026-id764258.html,https://www.youtube.com/watch?v=Rk4purDoMsI,TyC Sports,ALTA,,TEMPORAL,ARCHIVO,,FALSE,
SI,03/10/2026,19:16,SELECCIÓN ARGENTINA,LOS HINCHAS ELIGIERON A NICO PAZ COMO HEREDERO DE LA 10 DE LA SELECCIÓN,"Nicolás Paz fue el nombre más votado por los hinchas en una consulta sobre quién debería usar la camiseta número 10 de la Selección Argentina cuando Lionel Messi deje el equipo nacional. El mediocampista volvió a imponerse en la preferencia popular, por delante de otras figuras ya consolidadas del plantel.

La elección ratifica una tendencia: en un sondeo anterior de TyC Sports, con más de 25 mil votos, Paz había superado el 50 por ciento y aventajado a Enzo Fernández, Alexis Mac Allister y Lautaro Martínez. En la nueva encuesta también recibió apoyo el juvenil Leo Flores, mientras que otra alternativa propuesta fue retirar el dorsal.",https://www.tycsports.com/seleccion-argentina/la-gente-eligio-quien-debe-ser-el-10-de-la-seleccion-argentina-post-retiro-de-lionel-messi-id764233.html,https://media.tycsports.com/files/2026/10/01/991961/messi-camiseta-10-dorada-seleccion-argentina_416x234.webp?v=1,TyC Sports,https://www.tycsports.com/seleccion-argentina/la-gente-eligio-quien-debe-ser-el-10-de-la-seleccion-argentina-post-retiro-de-lionel-messi-id764233.html,https://x.com/Argentina/status/2101366284768174308,TyC Sports,MEDIA,,OK,EXACTA,,FALSE,
SI,03/10/2026,19:02,RUGBY,Benjamín Urdapilleta hizo historia como máximo anotador moderno del Top 14,"Benjamín Urdapilleta se convirtió en el máximo anotador de la era profesional moderna del Top 14 francés. El apertura argentino llegó al partido de Perpignan ante Racing 92 con 2.611 puntos y, con dos penales y una conversión, alcanzó 2.619 para superar la marca de 2.612 que Romain Teulet sostenía desde hacía 12 años.

A los 40 años, el ex Puma extendió una carrera destacada en Francia, donde también pasó por Oyonnax, Castres y Clermont. El registro contempla el campeonato desde 2001; la marca histórica anterior a esa etapa sigue en poder de Richard Dourthe, con 3.015 puntos.",https://www.clarin.com/deportes/benjamin-urdapilleta-hizo-historia-francia-robocop-supero-record-llevaba-12-anos-convirtio-maximo-anotador-top-14_0_qsXxzvzDIA.html,https://www.clarin.com/img/2026/10/03/W1yOccnEL_600x290__1.jpg,Clarín Deportes,https://www.clarin.com/deportes/benjamin-urdapilleta-hizo-historia-francia-robocop-supero-record-llevaba-12-anos-convirtio-maximo-anotador-top-14_0_qsXxzvzDIA.html,https://x.com/usap_officiel/status/2106400857189417003,AFP / Clarín,ALTA,,DEFINITIVA,Benjamín Urdapilleta durante un partido del Top 14 francés.,,FALSE,
SI,03/10/2026,19:02,SELECCIÓN ARGENTINA,Enzo Fernández visitó a chicos internados en el Hospital Garrahan,"Enzo Fernández aprovechó una jornada libre antes de reincorporarse a la Selección Argentina para visitar a niños internados en el Hospital Garrahan. El mediocampista llevó regalos, firmó autógrafos y se tomó fotografías con pacientes y familias.

La visita fue difundida por la Fundación Pediátrica Argentina. El gesto se produjo en la previa de su regreso al equipo nacional para el partido ante Burkina Faso, después de haber cumplido una suspensión derivada de su expulsión en la final del Mundial.",https://www.clarin.com/deportes/gran-gesto-enzo-fernandez-volver-jugar-seleccion-visito-chicos-hospital-garrahan_0_QQmIyGlMmU.html,https://www.clarin.com/img/2026/10/03/LVQXr60jb_600x290__1.jpg,Clarín Deportes,https://www.clarin.com/deportes/gran-gesto-enzo-fernandez-volver-jugar-seleccion-visito-chicos-hospital-garrahan_0_QQmIyGlMmU.html,https://x.com/Argentina/status/2101366284768174308,FuPeA / Clarín,MEDIA,,DEFINITIVA,Enzo Fernández durante su visita a pacientes del Hospital Garrahan.,,FALSE,
SI,03/10/2026,19:01,FÚTBOL ARGENTINO,Newell’s y Lanús empataron 0-0 en Rosario y dejaron puntos clave,"Newell’s y Lanús igualaron sin goles en el Coloso Marcelo Bielsa por la fecha 11 del Torneo Clausura. El desarrollo fue cerrado y con pocas situaciones claras, en un partido importante para ambos en la pelea por los puestos de playoffs.

La Lepra mostró mayor intención en el tramo final, pero volvió a fallar en la definición. La ocasión más nítida llegó con un cabezazo de Matías Cóccaro que encontró una buena respuesta de Nahuel Losada. El empate dejó a los dos equipos sin el impulso que buscaban en Rosario.",https://www.tycsports.com/liga-profesional-de-futbol/argentina-torneo-clausura-2026-newells-vs-lanus-fecha-11-id763856.html,https://cdn.futbolargentino.com/sdi/2024/10/04/newells-old-boys-vs-lanus-en-vivo-online-en-directo-por-la-fecha-17-de-la-liga-profesional-1257572.jpg,TyC Sports,https://www.tycsports.com/liga-profesional-de-futbol/argentina-torneo-clausura-2026-newells-vs-lanus-fecha-11-id763856.html,https://x.com/LigaAFA/status/2102102889191920044,Futbolargentino.com (archivo),ALTA,,TEMPORAL,Imagen de archivo de un partido entre Newell’s y Lanús en el Coloso Marcelo Bielsa.,,FALSE,
SI,03/10/2026,18:46,FÚTBOL ARGENTINO,Barracas dio vuelta a Atlético Tucumán y ganó 2-1 en el José Fierro,"Barracas Central se llevó un triunfo 2-1 de Tucumán después de empezar abajo ante Atlético, por la fecha 11 del Torneo Clausura. Nicolás Laméndola abrió el marcador a los 33 minutos del primer tiempo para el Decano.

El Guapo cambió el partido con los ingresos del complemento. Enzo Taborda igualó a los 12 minutos y Nicolás Orsini, asistido por Nicolás Demartini, marcó el 2-1 a los 30. El equipo visitante sostuvo la ventaja en el cierre y sumó tres puntos importantes en la pelea por avanzar a los playoffs.",https://www.tycsports.com/liga-profesional-de-futbol/argentina-torneo-clausura-2026-atletico-tucuman-vs-barracas-central-fecha-11-id763854.html,https://media.tycsports.com/files/2026/10/03/992662/el-festejo-de-nicolas-orsini-y-norberto-briasco-tras-el-gol-con-el-que-barracas-central-vence-a-atletico-tucuman_416x234.webp,TyC Sports,https://www.tycsports.com/liga-profesional-de-futbol/argentina-torneo-clausura-2026-atletico-tucuman-vs-barracas-central-fecha-11-id763854.html,https://x.com/LigaAFA/status/2102102889191920044,TyC Sports,ALTA,,DEFINITIVA,Nicolás Orsini y Norberto Briasco celebran el gol de Barracas Central ante Atlético Tucumán.,,FALSE,
SI,03/10/2026,18:38,FÚTBOL INTERNACIONAL,Troy Parrott firmó un gol maradoniano en el empate entre Irlanda y Austria,"Troy Parrott convirtió una de las acciones destacadas de la jornada en el 2-2 entre Irlanda y Austria por la Nations League. A los 12 minutos recibió en tres cuartos de cancha, superó a dos rivales —uno con un caño y otro con un enganche— y definió con precisión ante Florian Wiegele.

El delantero de 24 años, recientemente incorporado por Betis, marcó un doblete en el encuentro. Formado en Tottenham y debutado en Primera por Mauricio Pochettino, su actuación reavivó en Inglaterra las críticas al club londinense por haberlo dejado salir.",https://www.tycsports.com/espana/la-liga/lo-hizo-debutar-pochettino-tottenham-lo-dejo-ir-y-ahora-la-rompio-con-un-gol-maradoniano--id764226.html,https://www.elmira.es/media/elmira/images/2026/09/04/2026090422554656530.jpg,TyC Sports,https://www.tycsports.com/espana/la-liga/lo-hizo-debutar-pochettino-tottenham-lo-dejo-ir-y-ahora-la-rompio-con-un-gol-maradoniano--id764226.html,https://x.com/RTEsport/status/2105734816175882575,El Mira (archivo),MEDIA,,TEMPORAL,Imagen reciente de archivo de Troy Parrott con Betis.,,FALSE,
SI,03/10/2026,18:29,AFA / INSTITUCIONAL,MAURO MATOS ASEGURÓ QUE CHIQUI TAPIA LO OBLIGÓ A JUGAR EN BARRACAS,"Mauro Matos afirmó que en 2019 fue presionado para incorporarse a Barracas Central cuando ya tenía acordada su llegada a Quilmes. Según su relato, Claudio Tapia lo llamó y le comunicó que debía jugar en el club que presidía; de lo contrario, no cobraría.

El ex delantero explicó que aceptó porque tenía dos hijos y priorizó la estabilidad económica de su familia. También aseguró que se arrepiente de aquella etapa y que vivió situaciones que nunca imaginó atravesar en su carrera.

Matos agregó que, después de reclamar mayor intensidad durante un entrenamiento, fue acusado de intentar perjudicar al técnico Salvador Daniele y sostuvo que le hicieron “la vida imposible”. Se trata de una acusación pública del ex futbolista contra el actual presidente de la AFA, cuya eventual respuesta podría abrir una nueva repercusión institucional.",https://www.eldia.com/deportes/el-ex-gimnasia-mauro-matos-apunto-contra-chiqui-tapia-por-su-llegada-a-barracas-central-me-pusieron-contra-la-espada-y-la-pared-deportes_1791062700,https://www.clarin.com/img/2026/10/03/itDCb8kYG_360x240__1.jpg,El Día,https://www.eldia.com/deportes/el-ex-gimnasia-mauro-matos-apunto-contra-chiqui-tapia-por-su-llegada-a-barracas-central-me-pusieron-contra-la-espada-y-la-pared-deportes_1791062700,https://x.com/juanelegonzalez/status/2104227377470971960,Clarín,ALTA,,EXACTA,ACTUAL,,FALSE,
SI,03/10/2026,17:12,AUTOMOVILISMO,Ignacio Faín consiguió su primera pole en el Turismo Carretera,"Ignacio Faín logró la primera pole position de su trayectoria en el Turismo Carretera durante la clasificación de la 12ª fecha, disputada en San Nicolás. El piloto de Villa Minetti marcó 1:26.047 con el Torino del Trotta Racing y confirmó el rendimiento que ya había mostrado al liderar el segundo entrenamiento.

Otto Fritzler quedó segundo, a 0.216 segundos, y Julián Santero completó los tres primeros a 0.232. Diego Azar y Matías Rossi cerraron el top cinco. El resultado le dio al santafesino una posición privilegiada para la actividad decisiva del domingo.",https://www.tycsports.com/automovilismo/ignacio-fain-logro-su-primera-pole-en-el-turismo-carretera-en-san-nicolas-id764227.html,https://media.tycsports.com/files/2026/10/03/992643/fain-sorprendio-en-san-nicolas-y-consiguio-su-primera-pole-en-el-tc_416x234.webp?v=1,Carburando / TyC Sports,https://www.tycsports.com/automovilismo/ignacio-fain-logro-su-primera-pole-en-el-turismo-carretera-en-san-nicolas-id764227.html,https://x.com/actcargentina/status/2106802930774896822,Carburando / TyC Sports,MEDIA,,DEFINITIVA,"Ignacio Faín celebra su primera pole en el Turismo Carretera, en San Nicolás.",,FALSE,
SI,03/10/2026,16:57,SELECCIÓN ARGENTINA,TAGLIAFICO MOSTRÓ SU CASA EN ARGENTINA Y EL CINE PRIVADO QUE ARMÓ PARA JUGAR,"Nicolás Tagliafico regresó al país para sumarse a la concentración de la Selección Argentina y, junto con su esposa Caro Calvagni, mostró detalles de la casa que ambos estrenaron en 2024. La recorrida apareció en un vlog del viaje desde Lyon que superó las 30.000 visualizaciones durante su primer día.

El espacio que más llamó la atención fue un cine privado que el lateral diseñó también para jugar videojuegos y realizar transmisiones. La sala incluye un sector tipo candy bar con pochoclos, golosinas, cafetera y heladera, pensado para pasar varias horas sin salir del ambiente.

El video también mostró parte de la cocina y el exterior de la vivienda, además de escenas cotidianas de la pareja durante su estadía. La publicación sumó una faceta personal del defensor en la previa de sus compromisos con el seleccionado.",https://www.infobae.com/deportes/2026/10/03/nicolas-tagliafico-y-caro-calvagni-mostraron-como-es-su-casa-en-argentina-el-cine-privado-que-se-construyo-el-futbolista-y-el-particular-detalle/,https://www.infobae.com/resizer/v2/OEC46V6OOJCPFABGX5X7WWB4XQ.jpg?auth=44a18b206289bf8ee639e254af6c7077c00e98e4b1a9df1a70db96a9f3b7201a&height=197&quality=85&smart=true&width=350,Infobae Deportes,https://www.infobae.com/deportes/2026/10/03/nicolas-tagliafico-y-caro-calvagni-mostraron-como-es-su-casa-en-argentina-el-cine-privado-que-se-construyo-el-futbolista-y-el-particular-detalle/,https://x.com/Argentina/status/2099952579719414003,Caro Calvagni / Infobae,BAJA,,OK,EXACTA,,FALSE,
SI,03/10/2026,16:57,FÚTBOL INTERNACIONAL,LOS HERMANOS ESPOSITO ROMPIERON UN RÉCORD DE 111 AÑOS CON ITALIA,"Pio y Sebastiano Esposito fueron titulares juntos en la victoria 4-1 de Italia sobre Turquía por la Nations League y protagonizaron una marca que la Azzurra no conseguía desde 1915. Pio aportó un gol y una asistencia, mientras que Sebastiano debutó en la selección absoluta.

La última pareja de hermanos que había comenzado un partido en la formación italiana era la de Aldo y Luigi Cevenini, autores de los tres goles del 3-1 ante Suiza hace 111 años. Aunque hubo otros hermanos que vistieron la camiseta nacional, ninguno volvió a coincidir desde el inicio hasta este encuentro.

El estreno de Sebastiano también completó otro registro familiar: Salvatore Esposito, el mayor, ya había jugado para Italia en 2022. De ese modo, los tres hermanos alcanzaron la selección mayor y Pio elevó a seis su cuenta goleadora internacional.",https://www.infobae.com/deportes/2026/10/03/el-record-de-111-anos-que-rompieron-dos-hermanos-jugando-para-italia/,https://www.infobae.com/resizer/v2/H3WTDCY4HBCG7OQB7SOMU76YIE.JPG?auth=32aa6d883be84433a9049509a6d742541d0367ffaa1eaf33a7eb1a0eac550af6&height=197&quality=85&smart=true&width=350,Infobae Deportes,https://www.infobae.com/deportes/2026/10/03/el-record-de-111-anos-que-rompieron-dos-hermanos-jugando-para-italia/,https://x.com/OlimiliJosh/status/2104657027842887944,REUTERS / Murad Sezer,MEDIA,,OK,EXACTA,,FALSE,
SI,03/10/2026,16:57,POLIDEPORTIVO,PÉROLLA SALES PASÓ DE UN VIDEO VIRAL A GANAR SIETE MEDALLAS SUDAMERICANAS,"Pérolla Sales se hizo conocida a los 12 años por un video en el que caía mientras intentaba un arranque de levantamiento de pesas y terminaba riéndose. El clip la llevó de 400 a 40.000 seguidores en un día; dos años después, la brasileña supera el millón y medio y ya integra la selección nacional.

La atleta de 14 años debutó internacionalmente en el Sudamericano/Panamericano 2026 de Guayaquil, donde compitió en las categorías sub-15 y sub-17 y obtuvo siete medallas entre oros, platas y bronces. Antes había acumulado 19 podios en competencias de crossfit, disciplina que comenzó a practicar a los 11.

Sales mide 1,57 metros y registra marcas de 74 kilos en arranque y 104 en envión. Su objetivo deportivo es llegar a los Juegos Olímpicos de Brisbane 2032, cuando tendrá 20 años, mientras mantiene una rutina escolar flexible para compatibilizar estudios, entrenamientos y viajes.",https://www.infobae.com/deportes/2026/10/03/se-hizo-viral-a-los-12-anos-al-caerse-mientras-levantaba-pesas-y-hoy-es-campeona-sudamericana-con-mas-de-un-millon-y-medio-de-seguidores/,https://www.infobae.com/resizer/v2/3PHK7CZXFNABDA6SQHQ7C6NFWA.jpg?auth=268749326c58d3f73425028e32a17b77b89fc5f665254b13e5a1ca854c952a1c&height=467&quality=85&smart=true&width=350,Infobae Deportes,https://www.infobae.com/deportes/2026/10/03/se-hizo-viral-a-los-12-anos-al-caerse-mientras-levantaba-pesas-y-hoy-es-campeona-sudamericana-con-mas-de-un-millon-y-medio-de-seguidores/,https://ge.globo.com/video/perolla-sales-fala-como-escolheu-o-levantamento-de-peso-14984929.ghtml,Infobae / archivo personal,BAJA,,OK,EXACTA,,FALSE,
SI,03/10/2026,16:57,BÁSQUET,"LA FERRARI DE MICHAEL JORDAN SE VENDIÓ POR 2,7 MILLONES DE DÓLARES","Una Ferrari 550 Maranello de 1997 que perteneció a Michael Jordan fue subastada por 2,7 millones de dólares. La cifra estableció un récord público para ese modelo y superó ampliamente la estimación previa, fijada entre 700.000 y 1,3 millones.

La operación recibió 43 ofertas y cerró el 30 de septiembre. El auto había permanecido fuera de la vista pública durante 24 años y fue identificado nuevamente en 2026 a partir de registros históricos y un número parcial de chasis. Conserva la documentación original firmada por Jordan y la patente personalizada “MJ 5”.

El exjugador condujo el vehículo durante las dos últimas temporadas de su etapa con Chicago Bulls, coronadas con los títulos de 1997 y 1998. La unidad tiene cerca de 10.300 kilómetros, un motor V12 de 485 caballos y modificaciones en el asiento para adaptarse a la altura del seis veces campeón de la NBA.",https://www.infobae.com/deportes/2026/10/03/las-fotos-de-la-majestuosa-ferrari-de-michael-jordan-que-se-vendio-en-27-millones-de-dolares/,https://www.infobae.com/resizer/v2/AJ24LDKFNFCDVII64QQVT6M7ME.jpg?auth=880deeacc18cfa7e768c4a66d5bbb24a4899f240e950f9649c1ae1b44f61dea8&height=197&quality=85&smart=true&width=350,Infobae Deportes,https://www.infobae.com/deportes/2026/10/03/las-fotos-de-la-majestuosa-ferrari-de-michael-jordan-que-se-vendio-en-27-millones-de-dolares/,https://www.youtube.com/watch?v=BD98qSiGmaU,Joopiter / Infobae,BAJA,,OK,EXACTA,,FALSE,
SI,03/10/2026,16:49,RUGBY,URDAPILLETA HIZO HISTORIA COMO MÁXIMO ANOTADOR DEL RUGBY FRANCÉS MODERNO,"Benjamín Urdapilleta alcanzó un nuevo récord a los 40 años: se convirtió en el máximo anotador del campeonato francés desde que la competencia adoptó el formato de grupos en 2001. El apertura argentino consiguió el hito con Perpignan ante Racing 92, al sumar dos penales y una conversión.

Con esos ocho puntos llegó a 2.619 y superó la marca de Romain Teulet, que había quedado en 2.612. Urdapilleta construyó el registro durante sus etapas en Oyonnax, Castres, Clermont y Perpignan, después de haber reconsiderado el retiro anunciado para 2025.

El récord corresponde a la era moderna del torneo. La mejor cifra histórica absoluta sigue en poder de Richard Dourthe, con 3.015 puntos.",https://deportv.gob.ar/rugby/urdapilleta-historia-40-anos-convirtio-maximo-anotador-rugby-frances-nid:17627,https://deportv.gob.ar/thumbs/advf/imagenes/2026/10/6ac15e46d67cb_1200.webp,DeporTV,https://deportv.gob.ar/rugby/urdapilleta-historia-40-anos-convirtio-maximo-anotador-rugby-frances-nid:17627,https://x.com/usap_officiel/status/2106400857189417003,Instagram / Benjamín Urdapilleta,ALTA,,OK,EXACTA,,FALSE,
SI,03/10/2026,16:42,FÚTBOL ARGENTINO,LA TABLA ANUAL ENTRA EN ZONA DECISIVA POR LOS CUPOS A LAS COPAS 2027,"La tabla anual del fútbol argentino quedó bajo presión con el tramo final del Clausura en marcha. Belgrano ya aseguró su lugar en la fase de grupos de la Copa Libertadores 2027 por haber ganado el Apertura, mientras el campeón del Clausura y el de la Copa Argentina obtendrán los otros boletos directos asignados a títulos locales.

Además, los dos mejores equipos de la acumulada que todavía no estén clasificados accederán a la fase de grupos y el siguiente irá a la etapa preliminar. Los ubicados entre el cuarto y el noveno puesto ingresarán a la Copa Sudamericana; si un club repite clasificación por otra vía, el cupo se correrá al siguiente de la tabla.",https://www.tycsports.com/liga-profesional-de-futbol/tabla-anual-2026-clasificacion-libertadores-sudamericana-2027-id751165.html,https://media.tycsports.com/files/2026/05/24/952121/belgrano-campeon_416x234.webp?v=1,TyC Sports,https://www.tycsports.com/liga-profesional-de-futbol/tabla-anual-2026-clasificacion-libertadores-sudamericana-2027-id751165.html,https://x.com/LigaAFA/status/2102102889191920044,TyC Sports,MEDIA,,TEMPORAL,ARCHIVO,,FALSE,
SI,03/10/2026,16:41,BOCA,LOS DOS JUVENILES QUE ARRUABARRENA EVALÚA SUBIR POR LAS LESIONES EN BOCA,"Rodolfo Arruabarrena analiza sumar a Lautaro Mendieta y Franco Pérez al plantel profesional de Boca ante las bajas de Tomás Belmonte y Alan Velasco. Belmonte sufrió una lesión meniscal, mientras que Velasco quedó bajo evaluación por una posible lesión muscular.

Mendieta puede desempeñarse como volante central, zaguero o lateral derecho y ya tuvo una convocatoria en Primera. Pérez, hijo del exfutbolista Omar Pérez, es un mediocampista zurdo de 1,90 metro que se destacó en Reserva y convirtió en un Superclásico. Ambos ya registran entrenamientos con el grupo principal y aparecen como alternativas para ampliar las opciones del entrenador.",https://www.tycsports.com/boca-juniors/quienes-son-los-pibes-de-boca-que-piensa-subir-rodolfo-arruabarrena-por-los-lesionados-id764208.html,https://media.tycsports.com/files/2026/10/03/992618/lautaro-mendieta-y-franco-perez-ya-tienen-entrenamientos-con-la-primera-a-sus-espaldas_416x234.webp,TyC Sports,https://www.tycsports.com/boca-juniors/quienes-son-los-pibes-de-boca-que-piensa-subir-rodolfo-arruabarrena-por-los-lesionados-id764208.html,https://x.com/BocaJrsOficial/status/2043814339337932911,TyC Sports,MEDIA,,OK,EXACTA,,FALSE,
SI,03/10/2026,16:37,FÚTBOL ARGENTINO,DEFENSA Y JUSTICIA GOLEÓ 3-0 A SAN LORENZO Y SE AFIRMÓ EN LA ZONA A,"Defensa y Justicia venció 3-0 a San Lorenzo en Florencio Varela por la fecha 11 del Torneo Clausura. Jeremías Lucco abrió el marcador a los 11 minutos tras una asistencia de Maximiliano Porcel, y el Halcón resolvió el encuentro con dos golpes seguidos sobre el cierre del primer tiempo.

David Martínez marcó el segundo a los 45 minutos, en una jugada que fue revisada y convalidada por el VAR. Ya en tiempo agregado, David Barbona convirtió el 3-0 definitivo después de otra intervención de Porcel, figura por sus dos asistencias.

San Lorenzo intentó reaccionar en el complemento y acumuló aproximaciones, pero no encontró precisión para descontar. Defensa administró la ventaja, sostuvo el arco en cero y sumó un triunfo contundente para consolidarse entre los protagonistas de su grupo.",https://www.clarin.com/deportes/defensa-justicia-vs-san-lorenzo-vivo-torneo-clausura-2026-hora-juegan-formaciones-verlo_0_PI5B2N1pb9.html,https://www.clarin.com/img/2026/10/03/KXNC7y_z3_1256x620__2.jpg,Clarín,https://www.clarin.com/deportes/defensa-justicia-vs-san-lorenzo-vivo-torneo-clausura-2026-hora-juegan-formaciones-verlo_0_PI5B2N1pb9.html,https://www.youtube.com/watch?v=Rk4purDoMsI,Fotobaires,ALTA,,OK,EXACTA,,FALSE,
SI,03/10/2026,16:09,COPA SUDAMERICANA,Colidio no podrá jugar para Vasco ante Boca por una traba reglamentaria,"Facundo Colidio quedó inhabilitado para disputar con Vasco da Gama la semifinal de la Copa Sudamericana frente a Boca. River lo mantuvo en la lista de buena fe de los octavos de final y, aunque el delantero no jugó esa instancia para el club argentino, el reglamento de Conmebol impide que sea utilizado por el equipo brasileño.

Colidio explicó que Vasco presentó comunicaciones y pruebas ante la Confederación y que insistió desde su llegada para poder ser habilitado. El atacante consideró injusta la situación. La serie comenzará en La Bombonera y se definirá en Brasil, sin el exjugador de Boca y River entre las opciones de Vasco.",https://www.tycsports.com/futbol-de-brasil/colidio-vasco-da-gama-boca-copa-sudamericana-semifinales-conmebol-reglamento-ausencia-id764207.html,https://media.tycsports.com/files/2026/09/12/987216/facundo-colidio_416x234.webp?v=2,TyC Sports,https://www.tycsports.com/futbol-de-brasil/colidio-vasco-da-gama-boca-copa-sudamericana-semifinales-conmebol-reglamento-ausencia-id764207.html,https://x.com/MatiasjCabezas/status/2100056405424111988,TyC Sports,ALTA,,DEFINITIVA,"Facundo Colidio, delantero de Vasco da Gama.",,FALSE,
SI,03/10/2026,15:56,VIRAL / INTERNACIONAL,Bangladesh cayó 9-2 y fotos de jugadores en un boliche abrieron una polémica,"Bangladesh perdió 9-2 ante Indonesia por la Copa ASEAN de la FIFA y el resultado quedó envuelto en una controversia fuera de la cancha. Después del partido disputado en Yakarta circularon fotografías que aparentemente muestran a Saad Uddin y Sohel Rana Jr. en una discoteca.

Las publicaciones no precisaron cuándo fueron tomadas las imágenes. El entrenador Amirul Islam Babu señaló que el plantel tenía la orden de regresar a sus habitaciones después de la cena y anticipó que el comité disciplinario intervendrá si se confirma una salida. Bangladesh cerró el torneo con tres derrotas y sufrió su caída más abultada de los últimos tres años.",https://www.tycsports.com/curiosidades/bangladesh-perdio-9-2-y-unas-fotos-de-sus-jugadores-en-un-boliche-desataron-la-polemica-id764212.html,https://media.tycsports.com/files/2026/10/03/992613/unas-fotos-de-jugadores-de-bangladesh-en-un-boliche-generaron-polemica_416x234.webp,TyC Sports,https://www.tycsports.com/curiosidades/bangladesh-perdio-9-2-y-unas-fotos-de-sus-jugadores-en-un-boliche-desataron-la-polemica-id764212.html,https://www.youtube.com/watch?v=sDHNfsYWSas,TyC Sports,BAJA,,DEFINITIVA,Las imágenes que generaron polémica alrededor de dos jugadores de Bangladesh.,,FALSE,
SI,03/10/2026,14:49,FÚTBOL INTERNACIONAL,INGLATERRA APLASTÓ 7-0 A CROACIA EN RIJEKA Y LE PROPINÓ SU PEOR DERROTA COMO LOCAL,"Inglaterra firmó una goleada histórica al vencer 7-0 a Croacia por la Nations League en Rijeka. Harry Kane y Bukayo Saka marcaron dos goles cada uno, mientras que Jude Bellingham, Anthony Gordon y Morgan Rogers completaron el resultado.

El equipo inglés dominó desde la presión y la velocidad por las bandas, llegó al descanso con una ventaja contundente y mantuvo la intensidad en el segundo tiempo. Croacia, que nunca había sufrido una caída semejante como local, quedó desbordada incluso después de realizar tres cambios en el entretiempo.

El partido se jugó con restricciones de público, aunque asistieron alrededor de 6.000 niños y un pequeño grupo de hinchas visitantes. La victoria fortalece la posición de Inglaterra en el torneo y deja a Croacia obligada a reaccionar después de dos derrotas duras en la ventana internacional.",https://www.theguardian.com/football/live/2026/oct/03/croatia-v-england-nations-league-football-live-score-updates,https://i.guim.co.uk/img/media/90c7fa175ef88fafa729a5d329fd7f789dc658b7/195_0_3086_2469/master/3086.jpg?crop=none&dpr=1&s=none&width=465,The Guardian,https://www.theguardian.com/football/live/2026/oct/03/croatia-v-england-nations-league-football-live-score-updates,https://www.youtube.com/watch?v=KtzrdAuDpqI,Action Images/Reuters / Paul Childs,ALTA,,OK,EXACTA,,FALSE,
SI,03/10/2026,14:28,RIVER,RIVER GANÓ LOS DOS ENSAYOS ANTE ATLÉTICO ESCOBAR Y SUMÓ RODAJE EN EZEIZA,"River aprovechó la postergación del partido con Sarmiento y disputó dos ensayos de 80 minutos ante Atlético Escobar, equipo del Federal A. Los titulares se impusieron 1-0 y los suplentes golearon 5-0 en el predio de Ezeiza.

Leonardo Ponzio organizó la práctica para sostener el ritmo competitivo durante el fin de semana sin fecha oficial. Thiago Almada, Tobías Andrada y Aníbal Moreno trabajaron de manera diferenciada y no participaron del amistoso.

El resultado actualiza la previa ya informada: el Millonario completó la prueba prevista y ahora enfocará su preparación en el próximo compromiso oficial. El encuentro postergado frente a Sarmiento fue reprogramado para el miércoles 14 de octubre.",https://www.tycsports.com/river-plate/river-amistoso-atletico-escobar-id764091.html,https://media.tycsports.com/files/2026/09/11/986870/leonardo-ponzio_416x234.webp?v=1,TyC Sports,https://www.tycsports.com/river-plate/river-amistoso-atletico-escobar-id764091.html,https://www.youtube.com/watch?v=LgYQQ6Uqj8Y,Prensa River,MEDIA,,TEMPORAL,ARCHIVO,,FALSE,
SI,03/10/2026,13:19,FÚTBOL INTERNACIONAL,BRASIL GOLEÓ 4-0 A INDIA Y CERRÓ SU GIRA CON DOS TRIUNFOS Y UN EMPATE,"Brasil venció 4-0 a India en Kolkata y completó sin derrotas su gira por Australia e India. Estêvão abrió el marcador a los 28 minutos y luego asistió a Pedro para el segundo; Samuel Lino marcó los otros dos tantos en el complemento y estrenó su cuenta goleadora con la selección mayor.

Carlo Ancelotti realizó ocho cambios respecto del 4-2 frente a Australia y mantuvo únicamente a Vinícius Júnior, Danilo y Gabriel Bontempo. India resistió durante el comienzo con un bloque bajo, pero perdió solidez después del primer gol y no pudo aprovechar sus ocasiones para descontar.

La presentación se disputó ante unas 51.000 personas en el Salt Lake Stadium. Con este resultado, Brasil terminó la gira con victorias sobre Australia e India y un empate en el primer amistoso del recorrido.",https://www.reuters.com/sports/soccer/brazil-tame-india-4-0-friendly-win-2026-10-03/,https://www.reuters.com/resizer/v2/SC6EFC6DJRNCBKPQAY6JPM7ABY.jpg?auth=93cf52734f1e3f8b2188f4130184d68319f3015b944b637da0dbfe8fea411bf6&quality=80&width=1080,Reuters,https://www.reuters.com/sports/soccer/brazil-tame-india-4-0-friendly-win-2026-10-03/,https://x.com/geglobo/status/2106396048679895500,Reuters / Sahiba Chawdhary,MEDIA,,OK,EXACTA,,FALSE,
SI,03/10/2026,12:50,RIVER,FAUSTO VERA QUEDÓ A LA ESPERA DE LA DECISIÓN DE RIVER POR SU OPCIÓN DE COMPRA,"Fausto Vera es el único integrante del plantel profesional de River cuyo vínculo vence a fines de diciembre. El mediocampista está a préstamo desde Atlético Mineiro y el club todavía no resolvió si ejecutará la opción de compra de 4,5 millones de dólares por el cien por ciento del pase.

El volante disputó 31 de los 40 partidos del equipo durante 2026 y recuperó protagonismo desde la llegada de Leonardo Ponzio, quien lo ubicó como mediocampista central en solitario. Su mejora de rendimiento cambió el escenario después de un período en el que había recibido cuestionamientos y silbidos.

Las próximas semanas serán decisivas porque River afrontará la definición del Clausura y de la tabla anual. La evaluación deportiva deberá combinarse con la decisión económica, en un puesto donde el plantel también cuenta con Aníbal Moreno, Lucas Gabriel Silva y Mauro Arambarri.",https://www.tycsports.com/river-plate/de-que-depende-la-continuidad-de-fausto-vera-en-river-despues-de-diciembre-id763964.html,https://media.tycsports.com/files/2026/09/28/991327/fausto-vera_416x234.webp?v=1,TyC Sports,https://www.tycsports.com/river-plate/de-que-depende-la-continuidad-de-fausto-vera-en-river-despues-de-diciembre-id763964.html,https://www.youtube.com/watch?v=LgYQQ6Uqj8Y,Fotobaires,MEDIA,,OK,EXACTA,,FALSE,
SI,03/10/2026,11:55,FÚTBOL ARGENTINO,MAXI SALAS SE ROMPIÓ LOS LIGAMENTOS Y ESTARÁ AL MENOS OCHO MESES AFUERA,"Los estudios confirmaron la peor noticia para Maximiliano Salas: el delantero de Independiente Rivadavia sufrió la rotura de los ligamentos cruzados de la rodilla izquierda. El diagnóstico transforma en una baja de largo plazo la preocupación que había generado su salida entre lágrimas ante Gimnasia.

El tiempo estimado de recuperación es de al menos ocho meses, por lo que el atacante no volverá a competir en lo que resta de 2026 y su regreso quedará sujeto a la evolución posterior a la cirugía y la rehabilitación. La lesión obliga al líder de la tabla anual a reorganizar su ataque para la recta decisiva de la temporada.

La confirmación aporta una novedad material respecto de la primera información, cuando todavía se aguardaban los estudios: ya no se trata de una sospecha, sino de una lesión ligamentaria que condicionará también el comienzo del próximo año.",https://www.clarin.com/deportes/,https://www.clarin.com/img/2026/10/03/wWE0eIXZu_600x290__1.jpg,Clarín,https://www.clarin.com/deportes/,https://www.youtube.com/watch?v=z9d9AyPFD8Y,Clarín,ALTA,,OK,EXACTA,,FALSE,
SI,03/10/2026,11:45,TENIS,CERÚNDOLO BARRIÓ A MENSIK Y SE METIÓ EN CUARTOS DEL ATP 500 DE BEIJING,"Francisco Cerúndolo derrotó al checo Jakub Mensik por 6-3 y 6-3 en una hora y 16 minutos y avanzó por primera vez a los cuartos de final del ATP 500 de Beijing. El argentino, 22° del ranking, dominó al octavo preclasificado con un quiebre en el primer set y dos en el segundo.

El triunfo estiró a 3-0 su historial frente a Mensik y dejó a Cerúndolo como el único argentino en carrera después de las eliminaciones de Mariano Navone, Sebastián Báez, Thiago Tirante y Juan Manuel Cerúndolo. También confirmó su buen momento en canchas duras tras haber llegado a octavos del US Open.

Por un lugar en semifinales enfrentará a Daniil Medvedev, sexto del mundo. El único antecedente entre ambos favorece al argentino, que lo venció este año en el Masters 1000 de Miami.",https://www.infobae.com/deportes/2026/10/03/francisco-cerundolo-elimino-a-jakub-mensik-con-una-contundente-actuacion-y-avanzo-a-cuartos-de-final-en-el-atp-500-de-beijing/,https://www.infobae.com/resizer/v2/5JYB5PBENZAKNAZ6BPI2DCHJHM.JPG?auth=945dcfa9b466ab222ce739efae5cc0ab6b24fb8a56bbe51c2b1608f2a8fda81b&height=197&quality=85&smart=true&width=350,Infobae Deportes,https://www.infobae.com/deportes/2026/10/03/francisco-cerundolo-elimino-a-jakub-mensik-con-una-contundente-actuacion-y-avanzo-a-cuartos-de-final-en-el-atp-500-de-beijing/,https://x.com/atptour/status/2105651533249400986,Reuters,MEDIA,,OK,EXACTA,,FALSE,
SI,03/10/2026,11:30,FÓRMULA 1,"LA F1 CONFIRMÓ QATAR Y ABU DABI PARA EL CIERRE, PERO MANTIENE A IMOLA COMO PLAN B","La Fórmula 1 confirmó que las dos últimas carreras de la temporada se disputarán en Qatar, el 29 de noviembre, y Abu Dabi, el 6 de diciembre. Stefano Domenicali aseguró que el calendario se mantiene con las garantías disponibles pese a la inestabilidad en Medio Oriente.

La categoría, sin embargo, conserva una alternativa de emergencia: Imola continúa preparándose para recibir la definición el 6 de diciembre si la situación obliga a cancelar las pruebas en la región del Golfo. El circuito italiano trabaja en tribunas y logística, y la F1 asumiría esos costos si finalmente no fuera necesario activar el reemplazo.

La decisión aporta previsibilidad a equipos y proveedores para el tramo final, después de que el conflicto regional ya obligara a cancelar Arabia Saudita y trasladar la carrera de Baréin a Sepang.",https://www.infobae.com/deportes/2026/10/03/la-formula-1-confirmo-sus-ultimas-carreras-de-la-temporada-aunque-mantiene-un-plan-b-ante-una-emergencia/,https://www.infobae.com/resizer/v2/BPFJTTYFIVELNBSWXXJLLUBDUU.JPG?auth=842cc8fbdbbce72721ed07b1e3f64f22bf05573946b1ac2cbc652d2f44f81c3f&height=241&quality=85&smart=true&width=350,Infobae Deportes,https://www.infobae.com/deportes/2026/10/03/la-formula-1-confirmo-sus-ultimas-carreras-de-la-temporada-aunque-mantiene-un-plan-b-ante-una-emergencia/,https://x.com/F1/status/1932301808703340750,Reuters / Hasnoor Hussain,MEDIA,,OK,EXACTA,,FALSE,
SI,03/10/2026,10:50,BOCA,LOS CAMBIOS DE ARRUABARRENA TRANSFORMARON EL ATAQUE DE BOCA EN LA GOLEADA A UNIÓN,"Boca venció 3-0 a Unión, pero la diferencia se construyó a partir de la intervención de Rodolfo Arruabarrena en el segundo tiempo. El equipo había dominado con un 4-2-3-1 asimétrico y circulación interior, aunque durante una hora le costó convertir esa superioridad en situaciones claras.

Con el partido 1-0 por el cabezazo de Lautaro Di Lollo, el entrenador renovó todo el frente ofensivo: Enner Valencia reemplazó a Miguel Merentiel, Carlos Palacios ingresó por Alan Velasco y Leonel Flores ocupó el lugar de Sebastián Villa. Los relevos agregaron presencia de área, asociaciones más rápidas y desequilibrio en los últimos metros.

La respuesta del banco terminó de inclinar el encuentro y Boca llegó a los 16 partidos invicto. Más que una lectura del resultado, el partido dejó una señal para la recta final: el plantel tiene variantes ofensivas capaces de modificar el desarrollo sin alterar la estructura general.",https://www.tycsports.com/boca-juniors/de-generar-a-definir-como-cambio-el-ataque-de-boca-contra-union-con-las-modificaciones-de-arruabarrena-op-id764151.html,https://media.tycsports.com/files/2026/10/03/992498/valencia-palacios-y-flores_416x234.webp?v=3,TyC Sports,https://www.tycsports.com/boca-juniors/de-generar-a-definir-como-cambio-el-ataque-de-boca-contra-union-con-las-modificaciones-de-arruabarrena-op-id764151.html,https://x.com/BocaJrsOficial/status/2043814339337932911,TyC Sports,MEDIA,,OK,EXACTA,,FALSE,
SI,03/10/2026,10:26,FÚTBOL INTERNACIONAL,UN LIKE DE CRISTIANO RONALDO REAVIVÓ LA TENSIÓN CON PORTUGAL,"Cristiano Ronaldo volvió a quedar en el centro de la polémica con la selección de Portugal por un gesto en redes sociales. El capitán le dio “me gusta” a una publicación de Felipe Melo en la que el exfutbolista brasileño cuestionaba el respaldo de sus compañeros y del entrenador Jorge Jesus hacia CR7.

Melo comparó el trato que recibe Ronaldo dentro del seleccionado portugués con el acompañamiento que Lionel Messi tiene en Argentina. La publicación superó los 27.000 likes y el apoyo público del delantero de 41 años fue interpretado como una señal de malestar en medio de una relación ya tensionada.

Portugal venía de encadenar tres victorias en la Nations League y parecía haber calmado el conflicto, pero el movimiento de Cristiano volvió a instalar el debate. Sin realizar declaraciones, el goleador amplificó una crítica directa hacia el entorno del equipo nacional.",https://www.tycsports.com/futbol-internacional/el-like-de-cristiano-ronaldo-que-volvio-a-encender-la-polemica-en-portugal-id764177.html,https://media.tycsports.com/files/2026/10/03/992550/cristiano-ronaldo_416x234.webp,TyC Sports,https://www.tycsports.com/futbol-internacional/el-like-de-cristiano-ronaldo-que-volvio-a-encender-la-polemica-en-portugal-id764177.html,https://x.com/selecaoportugal/status/2100913877282132383,TyC Sports / Instagram,MEDIA,,OK,EXACTA,,FALSE,
SI,03/10/2026,09:58,SELECCIÓN ARGENTINA,BURKINA FASO DESTRABÓ EL VIAJE Y LLEGARÁ SOBRE LA HORA PARA ENFRENTAR A ARGENTINA,"La delegación de Burkina Faso finalmente aceptó viajar desde Marruecos y tenía previsto aterrizar en Buenos Aires a las 9.58 de este sábado, apenas once horas antes del amistoso con la Selección, programado para las 21 en el Monumental.

El plantel africano debía arribar el 29 de septiembre, pero la cancelación del chárter y el incumplimiento de condiciones acordadas demoraron la salida. La Federación burkinesa, autoridades de ambos países y la embajada intervinieron para destrabar el conflicto. La novedad actualiza la cobertura previa, cuando la delegación todavía permanecía varada y el partido estaba en riesgo.

El viaje resuelve la amenaza de suspensión, aunque deja al rival sin margen normal de descanso ni adaptación. El encuentro es el segundo de los tres amistosos organizados por la AFA para esta fecha FIFA.",https://www.infobae.com/deportes/2026/10/02/la-delegacion-de-burkina-faso-todavia-no-llego-a-la-argentina-y-peligra-el-amistoso-frente-a-la-seleccion/,https://www.infobae.com/resizer/v2/ILO65DOTRJD43GQHQOLOMVP5WA.JPG?auth=6ccbbba1816d1715e558a0aedd2f2ac7ac99300657cfb5742a55390382581eda&height=242&quality=85&smart=true&width=350,Infobae,https://www.infobae.com/deportes/2026/10/02/la-delegacion-de-burkina-faso-todavia-no-llego-a-la-argentina-y-peligra-el-amistoso-frente-a-la-seleccion/,https://x.com/Argentina/status/2101366284768174308,Reuters/Stringer,ALTA,,OK,EXACTA,,FALSE,
SI,03/10/2026,09:30,SELECCIÓN ARGENTINA,SCALONI YA TIENE SIETE FIJOS Y TRES PUESTOS ABIERTOS EN LA NUEVA SELECCIÓN,"Lionel Scaloni avanza en la renovación de la Selección y ya tendría siete titulares consolidados: Emiliano Martínez; Cristian Romero, Lisandro Martínez y Nicolás Tagliafico; Enzo Fernández y Alexis Mac Allister; y la dupla ofensiva formada por Julián Álvarez y Lautaro Martínez.

Los interrogantes pasan por el lateral derecho y dos lugares en el mediocampo. Agustín Giay aparece bien posicionado en la banda, mientras que Exequiel Palacios y Nico Paz ganaron terreno. Leandro Paredes, Rodrigo De Paul y Thiago Almada también forman parte de una competencia que seguirá abierta en los amistosos.

La convocatoria incluye cuatro debutantes y nueve futbolistas que no estuvieron en el último Mundial. Más que una formación cerrada, el cuerpo técnico busca ampliar variantes y definir quiénes acompañarán a la base que sobrevivió al recambio.",https://www.infobae.com/deportes/2026/10/03/los-tres-puestos-que-no-tienen-dueno-en-la-seleccion-en-la-nueva-formacion-ideal-de-scaloni/,https://www.infobae.com/resizer/v2/WF3DBNJL2ZDQPPN7PXH4SGIDZU.JPG?auth=d2809ee5e27ca94907a0c6fe9a58c7429109606a0e4f61d7f76f73c338c8a3d8&height=246&quality=85&smart=true&width=350,Infobae,https://www.infobae.com/deportes/2026/10/03/los-tres-puestos-que-no-tienen-dueno-en-la-seleccion-en-la-nueva-formacion-ideal-de-scaloni/,https://x.com/Argentina/status/2101366284768174308,Reuters/Amanda Perobelli,MEDIA,,OK,PERTINENTE,,FALSE,
SI,03/10/2026,08:46,SELECCIÓN ARGENTINA,BURKINA FASO LLEGARÁ CINCO HORAS ANTES Y JUGARÁ CON UN EQUIPO MIXTO ANTE ARGENTINA,"El vuelo chárter de Burkina Faso finalmente partió, pero lo hizo con demora y la delegación llegará a Buenos Aires apenas unas cinco horas antes del amistoso de las 21 en el Monumental. El nuevo retraso redujo todavía más el margen para el traslado, la alimentación y la preparación previa al partido.

Además, el rival de la Selección completó de urgencia la convocatoria con futbolistas del combinado Sub-23. Varios jugadores de la Mayor no participaron del viaje y el equipo que saldrá a la cancha será mixto, aunque el encuentro conservará su condición de amistoso internacional clase A.

La información actualiza la cobertura anterior: el viaje ya fue destrabado, pero la llegada será más tardía de lo previsto y el plantel africano tendrá una conformación distinta a la anunciada originalmente.",https://www.clarin.com/deportes/desprolijidad-burkina-faso-vuelo-salio-demorado-llegara-apenas-horas-partido-jugara-equipo-mixto-argentina_0_hnU6d6Dudc.html,https://www.clarin.com/img/2026/10/03/gsWmUTOch_600x290__1.jpg,Clarín,https://www.clarin.com/deportes/desprolijidad-burkina-faso-vuelo-salio-demorado-llegara-apenas-horas-partido-jugara-equipo-mixto-argentina_0_hnU6d6Dudc.html,https://x.com/AFASeleccionEN/status/2099956710173458658,Faso Sports / Clarín,ALTA,,OK,EXACTA,,FALSE,
SI,03/10/2026,08:00,FÓRMULA 1,COLAPINTO CONFÍA EN REMONTAR DESDE EL FONDO CON UNA ESTRATEGIA AGRESIVA DE NEUMÁTICOS,"Franco Colapinto largará 21° en el Gran Premio de Baréin que se disputa en Sepang, pero Alpine apostó a conservar neumáticos nuevos para darle más variantes estratégicas en carrera. El argentino explicó que dispondrá de compuestos blandos, medios y duros, una reserva que podría ser decisiva en una prueba con degradación y varias zonas de sobrepaso.

La clasificación quedó condicionada por las 15 posiciones de sanción que arrastra: cinco por el incidente de Bakú y otras diez por montar un quinto motor de combustión interna Mercedes. En la Q2 no marcó un tiempo competitivo porque utilizó un juego usado y colaboró con Pierre Gasly, que avanzó a la Q3 y largará noveno.

Colapinto destacó que el A526 se mostró sólido en la tercera práctica, cuando fue noveno, aunque perdió sensaciones después de cambios de último minuto antes de la clasificación. Su expectativa es recuperar ese ritmo con carga de combustible y aprovechar las rectas y frenadas de Sepang: considera que hay margen para remontar y pelear por puntos si Alpine acierta con las paradas.",https://www.infobae.com/deportes/2026/10/03/franco-colapinto-revelo-el-plan-de-alpine-y-se-mostro-optimista-antes-del-gran-premio-de-bahrein/,https://www.infobae.com/resizer/v2/2J4GIJ6IUZCNXLGQTVUANN7T5U.JPG?auth=e397110a7de23f4d91c9ccb631b5fa9f39c52baa5e2eca01394df251fe93a63c&height=214&quality=85&smart=true&width=350,Infobae,https://www.infobae.com/deportes/2026/10/03/franco-colapinto-revelo-el-plan-de-alpine-y-se-mostro-optimista-antes-del-gran-premio-de-bahrein/,https://www.youtube.com/watch?v=56jF73GYgW4,REUTERS / Hasnoor Hussain,ALTA,,OK,Imagen específica de Colapinto durante el fin de semana de Fórmula 1.,,FALSE,
SI,03/10/2026,07:30,ARBITRAJE,"FIFA Y LA IFAB ANALIZAN MÁS VAR, IA Y CASTIGOS CONTRA LAS PÉRDIDAS DE TIEMPO","FIFA y la IFAB avanzan con un paquete de reglas y pruebas que busca reducir las demoras y ampliar la asistencia tecnológica en el fútbol. Algunas medidas ya forman parte de las Reglas 2026/27 y otras siguen en fase experimental, por lo que todavía no deben interpretarse como cambios universales.

Entre las normas ya incorporadas aparecen la cuenta visible para los arqueros, la posibilidad de sancionar demoras excesivas en saques y un límite de diez segundos para que un jugador sustituido abandone el campo. También se estableció que, salvo excepciones, quien recibe atención dentro de la cancha debe permanecer afuera durante un minuto tras la reanudación.

El debate más profundo pasa por el alcance del VAR: ahora puede corregir una segunda amarilla claramente equivocada y algunas competencias pueden habilitar la revisión inmediata de un córner mal concedido. Además, continúan los ensayos sobre una nueva interpretación del fuera de juego, la tecnología semiautomatizada, reconstrucciones 3D e inteligencia artificial como apoyo para el análisis arbitral, sin reemplazar la decisión humana.",https://www.infobae.com/deportes/2026/10/03/mas-tecnologia-nuevas-facultades-para-el-var-y-controles-contra-las-perdidas-de-tiempo-los-cambios-que-analizan-en-el-futbol/,https://www.infobae.com/resizer/v2/NMYZ4AXSZJCT7IV2FASI4GRF2A.JPG?auth=12d74494e04d1d90b20ab026bae9bfd75dafefb6e5830cc76d4363a0eea03747&height=240&quality=85&smart=true&width=350,Infobae,https://www.infobae.com/deportes/2026/10/03/mas-tecnologia-nuevas-facultades-para-el-var-y-controles-contra-las-perdidas-de-tiempo-los-cambios-que-analizan-en-el-futbol/,https://www.youtube.com/watch?v=5xOlV7EQh8U,REUTERS / Kyle Ross,MEDIA,,OK,Imagen de VAR pertinente al análisis de las modificaciones reglamentarias.,,FALSE,
SI,03/10/2026,07:12,FÚTBOL ARGENTINO,"ENTRENÓ CON MESSI Y MARADONA, JUGÓ CON DIBU Y HOY REPARTE VERDURAS","Gonzalo Olid Apaza fue una de las promesas de la categoría 1992 de River, compartió selecciones juveniles con Emiliano Martínez y llegó a entrenarse como sparring de la Mayor en la etapa de Diego Maradona, con Lionel Messi como referente del plantel.

Tras pasar por Deportivo Merlo, Defensores de Belgrano, Cambaceres y San Miguel, dejó el profesionalismo a los 22 años. La presión, la inestabilidad y la pérdida del disfrute pesaron más que la posibilidad de insistir en el fútbol. Primero trabajó repartiendo garrafas y luego se incorporó al negocio familiar de distribución de verduras.

Su recorrido muestra el contraste entre la formación de elite y la realidad de quienes no logran consolidarse. Haber disputado un Mundial juvenil y convivido con figuras de la Selección no garantizó una carrera larga, pero sí dejó una historia singular de reinvención fuera de la cancha.",https://www.tycsports.com/al-angulo/jugo-con-messi-y-maradona-compartio-seleccion-argentina-con-dibu-y-ahora-vende-verduras-id764126.html,https://media.tycsports.com/files/2026/10/02/992460/gonzalo-olid-apaza_416x234.webp?v=1,TyC Sports,https://www.tycsports.com/al-angulo/jugo-con-messi-y-maradona-compartio-seleccion-argentina-con-dibu-y-ahora-vende-verduras-id764126.html,https://x.com/Argentina/status/2101366284768174308,Joern Pollex - FIFA/FIFA via Getty Images,BAJA,,OK,EXACTA,,FALSE,
SI,03/10/2026,06:19,FÓRMULA 1,VERSTAPPEN HIZO LA POLE EN MALASIA Y COLAPINTO LARGARÁ 21° PESE A CLASIFICAR 15°,"Max Verstappen consiguió su primera pole position de la temporada 2026 en la clasificación del Gran Premio de Malasia. El neerlandés superó por casi tres décimas a Lewis Hamilton y encabezará la grilla en Sepang, con Kimi Antonelli tercero tras la sanción que hizo retroceder a Isack Hadjar.

Franco Colapinto logró avanzar a la Q2 después de ubicarse décimo en el primer corte, pero terminó 15°. En su último intento salió con neumáticos usados y abortó la vuelta cuando quedaban pocos segundos. El argentino había mostrado una mejora respecto de las prácticas, aunque no pudo ingresar a la Q3.

Las penalizaciones acumuladas —cinco puestos por la sanción del Gran Premio anterior y otros diez por modificaciones aplicadas en Malasia— lo enviarán al 21° lugar de largada. Partirá anteúltimo, por delante de Arvid Lindblad, que recibió una sanción mayor.",https://www.tycsports.com/automovilismo/f1-hora-y-donde-ver-en-vivo-la-clasificacion-de-colapinto-en-el-gp-de-malasia-id763611.html,https://media.tycsports.com/files/2026/10/03/992524/colapinto_416x234.webp?v=1,TyC Sports,https://www.tycsports.com/automovilismo/f1-hora-y-donde-ver-en-vivo-la-clasificacion-de-colapinto-en-el-gp-de-malasia-id763611.html,https://www.youtube.com/watch?v=56jF73GYgW4,TyC Sports / Alpine F1 Team,ALTA,,OK,Imagen específica de Franco Colapinto durante la clasificación en Sepang.,,FALSE,
SI,03/10/2026,01:25,BOCA,"BOCA GOLEÓ 3-0 A UNIÓN, LLEGÓ A 16 PARTIDOS INVICTO Y QUEDÓ A DOS PUNTOS DE LA CIMA ANUAL","Boca venció 3-0 a Unión en La Bombonera por la fecha 11 del Torneo Clausura. Lautaro Di Lollo abrió el partido a los 22 minutos del primer tiempo con un cabezazo tras un tiro libre de Leandro Paredes, y Leonel Flores selló la goleada con dos derechazos en los minutos finales.

El equipo de Rodolfo Arruabarrena estiró a 16 encuentros su racha sin derrotas. Con 20 puntos quedó segundo en la Zona A, a cinco de Instituto, y en la tabla anual alcanzó las 50 unidades: está a dos de Independiente Rivadavia en la pelea por la clasificación a las copas de 2027.

Flores ingresó en el complemento y marcó sus primeros goles en La Bombonera pocos días después de debutar en la Selección Argentina. Boca visitará a Instituto en la próxima fecha, mientras que Unión recibirá a Defensa y Justicia.",https://www.tycsports.com/liga-profesional-de-futbol/boca-vs-union-torneo-clausura-2026-en-vivo-id763700.html,https://media.tycsports.com/files/2026/10/02/992489/la-formacion-de-boca-vs-union_416x234.webp,TyC Sports,https://www.tycsports.com/liga-profesional-de-futbol/boca-vs-union-torneo-clausura-2026-en-vivo-id763700.html,https://x.com/BocaJrsOficial/status/2043814339337932911,TyC Sports / Fotobaires,ALTA,,OK,Imagen específica del partido Boca-Unión publicada por la fuente.,,FALSE,
SI,03/10/2026,01:16,BOCA,ALARMA EN BOCA: VELASCO SUFRIÓ UN PINCHAZO Y ARRUABARRENA ANTICIPÓ UN POSIBLE DESGARRO,"Alan Velasco encendió la alarma en Boca durante la goleada ante Unión. El atacante sintió un pinchazo y fue reemplazado a los 15 minutos del segundo tiempo; Rodolfo Arruabarrena anticipó en conferencia que podría tratarse de un pequeño desgarro, a la espera de los estudios que determinen el diagnóstico y los plazos.

La lesión aparece cuando el futbolista de 24 años se había afirmado como titular y atravesaba su mejor momento desde que llegó al club. El entrenador mencionó a Carlos Palacios, Sebastián Villa y Ángel Romero como alternativas para ocupar su lugar, y también adelantó que evaluará subir juveniles desde Boca Predio.

Arruabarrena además estimó que Tomás Belmonte, operado por una rotura de meniscos, podría volver dentro de aproximadamente un mes. Boca afronta un calendario cargado y deberá administrar dos bajas en una zona sensible del plantel.",https://www.tycsports.com/boca-juniors/rodolfo-arruabarrena-del-lamento-por-la-lesion-de-alan-velasco-a-la-buena-noticia-sobre-tomas-belmonte-en-boca-id764154.html,https://media.tycsports.com/files/2026/10/03/992494/alan-velasco-boca_416x234.webp?v=1,TyC Sports,https://www.tycsports.com/boca-juniors/rodolfo-arruabarrena-del-lamento-por-la-lesion-de-alan-velasco-a-la-buena-noticia-sobre-tomas-belmonte-en-boca-id764154.html,https://x.com/BocaJrsEN_/status/2105373039139430408,TyC Sports / Marcelo Endelli-Getty Images,ALTA,,OK,Imagen específica de Alan Velasco tras salir lesionado ante Unión.,,FALSE,
SI,03/10/2026,01:11,BOCA,ARRUABARRENA PIDIÓ CUIDAR A FLORES Y QUE SE MUDE PARA REDUCIR SUS VIAJES,"Rodolfo Arruabarrena puso el foco en el cuidado de Leonel Flores después del doblete del juvenil en el 3-0 de Boca sobre Unión. El entrenador contó que el atacante vive en Beccar y demora alrededor de una hora y media para llegar a los entrenamientos, por lo que pidió que se instale más cerca del predio y pueda descansar mejor.

El Vasco también reveló que habló con el representante del futbolista para protegerlo en un momento de fuerte exposición, marcado por sus primeros goles en La Bombonera y su reciente debut en la Selección. Valoró que Flores mantiene los pies sobre la tierra, el respaldo de su familia y el hambre para seguir creciendo.

Arruabarrena, sin embargo, bajó el tono de la euforia por la racha positiva de Boca. Remarcó que el equipo todavía no ganó títulos, que debe mejorar y que la ilusión de los hinchas no puede alterar el equilibrio interno en una etapa con varias competencias abiertas.",https://www.tycsports.com/boca-juniors/arruabarrena-boca-conferencia-de-prensa-union-torneo-clausura-liga-profesional-2026--id764153.html,https://media.tycsports.com/files/2026/10/03/992493/rodolfo-arruabarrena-boca_416x234.webp?v=1,TyC Sports,https://www.tycsports.com/boca-juniors/arruabarrena-boca-conferencia-de-prensa-union-torneo-clausura-liga-profesional-2026--id764153.html,https://x.com/BocaJrsOficial/status/2043814339337932911,Fotobaires,MEDIA,,OK,Imagen específica de Arruabarrena en la conferencia posterior a Boca-Unión.,,FALSE,
SI,03/10/2026,00:49,FÚTBOL ARGENTINO,PREOCUPACIÓN POR MAXI SALAS: SALIÓ ENTRE LÁGRIMAS Y LE HARÁN ESTUDIOS EN LA RODILLA IZQUIERDA,"Maximiliano Salas terminó con fuertes gestos de dolor el empate 1-1 entre Independiente Rivadavia y Gimnasia. En una de las últimas acciones chocó su pierna izquierda con Renzo Giampaoli, quedó tendido sobre la línea de fondo y debió ser retirado en el carrito cuando el partido ya había finalizado.

El delantero pudo ponerse de pie después de la atención médica, pero casi no lograba apoyar. Fue trasladado para realizarse estudios y determinar el grado de la lesión; en Mendoza existe preocupación porque el problema podría comprometer los ligamentos de la rodilla izquierda.

Salas había sido protagonista del 1-0 al asistir a Juan Manuel Elordi a los cinco minutos. Su eventual ausencia sería sensible para Independiente Rivadavia, líder de la tabla anual y uno de los equipos más regulares de la temporada.",https://www.tycsports.com/liga-profesional-de-futbol/independiente-rivadavia-salas-lesion-rodilla-gimnasia-fecha-11-torneo-clausura-id764152.html,https://media.tycsports.com/files/2026/10/03/992492/maxi-salas-lesion-independiente-rivdavia_416x234.webp?v=1,TyC Sports,https://www.tycsports.com/liga-profesional-de-futbol/independiente-rivadavia-salas-lesion-rodilla-gimnasia-fecha-11-torneo-clausura-id764152.html,https://www.youtube.com/watch?v=z9d9AyPFD8Y,TyC Sports,ALTA,,OK,Imagen específica de Maxi Salas lesionado al cierre del partido.,,FALSE,
SI,03/10/2026,00:11,BOCA,GIGNAC CUMPLIÓ SU DESEO Y VIO A BOCA EN LA BOMBONERA CON LA CAMISETA XENEIZE,"André-Pierre Gignac estuvo en uno de los palcos de La Bombonera para presenciar el 3-0 de Boca sobre Unión por el Torneo Clausura. El exdelantero francés siguió el partido con la camiseta azul y oro, una imagen que llamó la atención durante la transmisión.

La presencia tuvo un componente especial porque Gignac había reconocido en 2019 que simpatiza con Boca desde chico y que encontraba similitudes entre la pasión xeneize y la de Olympique de Marsella. También se habían difundido imágenes suyas jugando con una camiseta número 10 de Juan Román Riquelme.

Retirado recientemente después de once años en Tigres de México, el francés conocía de cerca al fútbol argentino: enfrentó a River en la final de la Copa Libertadores 2015 y luego admitió que aquella derrota le dolió mucho. En su carrera internacional disputó 36 partidos con Francia y jugó el Mundial de Sudáfrica 2010.",https://www.tycsports.com/boca-juniors/boca-union-bombonera-andre-pierre-gignac-francia-tigres-id764127.html,https://media.tycsports.com/files/2026/10/02/992464/andre-pierre-gignac-en-la-bombonera_416x234.webp?v=1,TyC Sports,https://www.tycsports.com/boca-juniors/boca-union-bombonera-andre-pierre-gignac-francia-tigres-id764127.html,https://x.com/BocaJrsOficial/status/2043814339337932911,TyC Sports,BAJA,,OK,Captura específica de Gignac en un palco de La Bombonera.,,FALSE,
SI,02/10/2026,23:44,INDEPENDIENTE,SILBIDOS Y “QUE SE VAYAN TODOS”: LA GENTE DE INDEPENDIENTE EXPLOTÓ TRAS LA GOLEADA,"La derrota 4-1 ante Instituto terminó con un fuerte repudio de los hinchas de Independiente en el Libertadores de América. Los futbolistas fueron despedidos con silbidos y desde las tribunas bajó el canto “el Rojo va a salir campeón, el día que se vayan todos”, dirigido a la conducción del club.

El malestar combinó la fragilidad que mostró el equipo, su falta de regularidad en el Clausura y el clima institucional previo a las elecciones previstas para el 13 de diciembre. El resultado también profundizó la deuda como local: Independiente lleva cinco partidos sin ganar en Avellaneda.

La reacción se produjo después de un encuentro en el que el Rojo recibió cuatro goles y quedó con diez por la expulsión de Maximiliano Meza. El próximo compromiso, ante Talleres en Córdoba, aparece como una prueba inmediata para recuperar respuesta deportiva y bajar la tensión.",https://www.tycsports.com/independiente/independiente-goleada-instituto-exploto-gente--id764130.html,https://media.tycsports.com/files/2026/10/02/992480/independiente_416x234.webp,TyC Sports,https://www.tycsports.com/independiente/independiente-goleada-instituto-exploto-gente--id764130.html,https://www.youtube.com/watch?v=WR9XcN3g82w,TyC Sports / Foto Baires,ALTA,,OK,Imagen específica de los jugadores de Independiente frente a sus hinchas tras el 1-4.,,FALSE,
SI,02/10/2026,23:30,FÚTBOL ARGENTINO,"GIMNASIA RESCATÓ UN 1-1 ANTE INDEPENDIENTE RIVADAVIA, QUE SIGUE LÍDER DE LA TABLA ANUAL","Independiente Rivadavia y Gimnasia empataron 1-1 en el Bautista Gargantini por la fecha 11 del Torneo Clausura. La Lepra mendocina se adelantó a los cinco minutos: Maximiliano Salas asistió a Juan Manuel Elordi, que definió para el 1-0.

Gimnasia creció en el segundo tiempo y alcanzó la igualdad a cinco minutos del final por medio de Agustín Colazo. El VAR revisó una posible posición adelantada y terminó convalidando el gol que le permitió al Lobo llevarse un punto de Mendoza.

Los dos equipos quedaron con 18 puntos en la Zona B. Independiente Rivadavia mantiene además el liderazgo de la tabla anual con 52 unidades y en la próxima fecha visitará a Rosario Central; Gimnasia, séptimo en la acumulada con 44, recibirá a Atlético Tucumán.",https://www.infobae.com/deportes/2026/10/02/independiente-recibira-al-lider-instituto-en-el-inicio-de-la-fecha-11-del-torneo-clausura-hora-tv-y-formaciones/,https://media.tycsports.com/files/2026/10/03/992492/maxi-salas-lesion-independiente-rivdavia_416x234.webp?v=1,Infobae,https://www.infobae.com/deportes/2026/10/02/independiente-recibira-al-lider-instituto-en-el-inicio-de-la-fecha-11-del-torneo-clausura-hora-tv-y-formaciones/,https://www.youtube.com/watch?v=z9d9AyPFD8Y,TyC Sports,MEDIA,,OK,"Imagen específica del partido Independiente Rivadavia-Gimnasia, utilizada como apoyo del resultado.",,FALSE,
SI,02/10/2026,23:01,FÚTBOL INTERNACIONAL,PARAGUAY VENCIÓ 1-0 A COLOMBIA EN NUEVA YORK EN EL DUELO DE TÉCNICOS ARGENTINOS,"Paraguay derrotó 1-0 a Colombia en el amistoso disputado en Nueva York. Hugo Adrián Benítez convirtió el único gol del encuentro y le dio la victoria al equipo dirigido por Gustavo Alfaro.

El partido tuvo un atractivo adicional por el cruce de entrenadores argentinos: Alfaro condujo a la Albirroja y Néstor Lorenzo estuvo al frente del seleccionado colombiano. Paraguay sostuvo la ventaja mínima y cerró una presentación positiva en esta fecha internacional.

El resultado también tuvo valor para el ciclo de Alfaro, quien había confirmado que dejará el cargo cuando finalice su vínculo con la federación paraguaya. La selección guaraní aprovechó su ocasión decisiva y se impuso ante un rival sudamericano de jerarquía.",https://www.tycsports.com/amistosos-de-selecciones/amistosos-internacionales-masc-2026-colombia-vs-paraguay-amistosos-id763697.html,https://media.tycsports.com/files/2026/10/02/992461/paraguay_416x234.webp,TyC Sports,https://www.tycsports.com/amistosos-de-selecciones/amistosos-internacionales-masc-2026-colombia-vs-paraguay-amistosos-id763697.html,https://x.com/FCFSeleccionCol/status/2106154787033014544,TyC Sports,MEDIA,,OK,Imagen específica del amistoso Colombia-Paraguay publicada por la fuente.,,FALSE,
SI,02/10/2026,22:41,INDEPENDIENTE,VIERA ASUMIÓ LA FRAGILIDAD DE INDEPENDIENTE TRAS EL 1-4: “NOS LLEGAN Y ES GOL”,"Jadson Viera dio la cara después de la derrota 4-1 de Independiente ante Instituto en Avellaneda y centró su autocrítica en la fragilidad defensiva. El entrenador remarcó que el equipo había preparado durante la semana la jugada que terminó en el primer gol y admitió que el tanto recibido al comienzo del segundo tiempo desordenó el plan elaborado en el descanso.

Sobre la expulsión de Maximiliano Meza, Viera evitó usarla como única explicación y planteó que el equipo también se condicionó por sus propios errores. El Rojo terminó con diez jugadores y sufrió una goleada que interrumpió una racha positiva justo cuando tenía la posibilidad de acercarse a los líderes.

El técnico señaló la irregularidad como el principal aspecto a corregir y dejó abierta la opción de cambiar el sistema, especialmente en los partidos como local. Independiente visitará a Talleres en Córdoba en la próxima fecha.",https://www.tycsports.com/independiente/aautocritica-viera-goleada-instituto-independiente-avellaneda-id764128.html,https://media.tycsports.com/files/2026/10/02/992463/jadson-viera_416x234.webp,TyC Sports,https://www.tycsports.com/independiente/aautocritica-viera-goleada-instituto-independiente-avellaneda-id764128.html,https://www.youtube.com/watch?v=WR9XcN3g82w,TyC Sports / Foto Baires,ALTA,,OK,Imagen específica de Jadson Viera en el partido ante Instituto.,,FALSE,
SI,02/10/2026,22:15,BOCA JUNIORS,PAREDES ASISTIÓ Y DI LOLLO PUSO DE CABEZA EL 1-0 DE BOCA ANTE UNIÓN,"Boca destrabó el partido ante Unión en la Bombonera con una fórmula que ya se volvió habitual. Leandro Paredes ejecutó un centro preciso desde la derecha y Lautaro Di Lollo ganó en el área para marcar de cabeza el 1-0 por la fecha 11 del Torneo Clausura.

El defensor llegó así a seis goles en Primera División y todos fueron de cabeza. Además, fue la segunda asistencia de Paredes para un tanto suyo: la anterior había sido contra Deportivo Riestra, en la primera fecha del Torneo Apertura.

La pelota parada volvió a darle una ventaja al equipo de Rodolfo Arruabarrena. Con el gol de Di Lollo, Boca alcanzó siete tantos de cabeza sobre los 30 que había convertido en el semestre hasta ese momento. La nota registra la apertura del marcador; el partido continuaba en juego al cierre de la ventana.",https://www.tycsports.com/boca-juniors/boca-gol-de-cabeza-di-lollo-union--id764123.html,https://a.espncdn.com/combiner/i?img=%2Fphoto%2F2025%2F0719%2Fr1520803_1296x729_16-9.jpg,TyC Sports,https://www.tycsports.com/boca-juniors/boca-gol-de-cabeza-di-lollo-union--id764123.html,https://x.com/BocaJrsOficial/status/2043814339337932911,ESPN,ALTA,,TEMPORAL,Archivo pertinente del mismo duelo y de la misma combinación Paredes-Di Lollo; reemplazar por una imagen exacta del partido actual si aparece.,,FALSE,
SI,02/10/2026,21:36,INDEPENDIENTE,INSTITUTO GOLEÓ 4-1 A INDEPENDIENTE Y AFIRMÓ SU LIDERAZGO EN LA ZONA A,"Instituto dio un golpe contundente en Avellaneda: venció 4-1 a Independiente por la fecha 11 del Torneo Clausura. Jeremías Lázaro abrió el marcador a los 15 minutos y Maximiliano Meza empató seis minutos después, pero el partido cambió en el cierre del primer tiempo cuando el propio Meza fue expulsado por doble amarilla.

Con superioridad numérica, el equipo de Diego Flores dominó el complemento. Hernán De La Fuente marcó el 2-1 a los cinco minutos, Matías Gallardo amplió la ventaja a los 19 y Alex Luna, exjugador del Rojo, selló la goleada a los 34 y pidió disculpas por el festejo. La derrota terminó acompañada por silbidos y cantos de los hinchas de Independiente contra la dirigencia.

La victoria dejó a Instituto como líder de la Zona A con 25 puntos, mientras Independiente quedó sexto con 17. En la próxima fecha, el conjunto de Avellaneda visitará a Talleres el domingo 11 de octubre; la Gloria recibirá a Boca el viernes 9.",https://www.tycsports.com/liga-profesional-de-futbol/argentina-torneo-clausura-2026-independiente-vs-instituto-fecha-11-id763686.html,https://radiomitre.cienradios.com/resizer/v2/LASD37BWXRF4PDDEX5Y5BMUTUM.png?auth=d0c8c78f4ce0687fc8cf13103f2d4d64a469b997714329f9617edcbebabc7393&height=450&width=800,TyC Sports,https://www.tycsports.com/liga-profesional-de-futbol/argentina-torneo-clausura-2026-independiente-vs-instituto-fecha-11-id763686.html,https://tn.com.ar/deportes/futbol/2026/10/02/independiente-vs-instituto-en-vivo-por-la-fase-de-grupos-de-la-liga-profesional-hora-donde-ver-y-formaciones/,Radio Mitre,ALTA,,OK,Imagen específica del partido Independiente-Instituto publicada por Radio Mitre.,,FALSE,
SI,02/10/2026,21:00,FÓRMULA 1,EL ASFALTO DE SEPANG ABRE UNA OPORTUNIDAD ESTRATÉGICA PARA COLAPINTO,"El regreso de Sepang expuso un asfalto abrasivo, polvoriento y con poco agarre que disparó la degradación de los neumáticos. En el paddock calculan que la carrera podría exigir dos o hasta tres detenciones, una variable capaz de alterar por completo las simulaciones previas.

La situación puede darle una oportunidad a Franco Colapinto, condicionado por una penalización de 15 puestos y obligado a largar desde el fondo. Una prueba con múltiples paradas, estrategias cruzadas y posibles ingresos del auto de seguridad ampliaría sus opciones de avanzar, aunque también aumentará la exigencia para cuidar las cubiertas.

Los equipos reservaron compuestos duros y la amenaza de tormentas agrega otra capa de incertidumbre. En un fin de semana adverso para el argentino, la gestión del desgaste aparece como uno de los pocos factores que puede romper el orden esperado.",https://www.infobae.com/deportes/2026/10/02/el-inesperado-problema-que-tendra-la-formula-1-en-malasia-y-podria-darle-un-guino-a-colapinto-es-como-un-papel-de-lija/,https://www.infobae.com/resizer/v2/CP7GNBJARBFGRBEOQ43KK65CDI.JPG?auth=aa4721e62622ad3ee793842fad6eef02ddb2322bb9d3054342a3303fe7472a8e&height=214&quality=85&smart=true&width=350,Infobae,https://www.infobae.com/deportes/2026/10/02/el-inesperado-problema-que-tendra-la-formula-1-en-malasia-y-podria-darle-un-guino-a-colapinto-es-como-un-papel-de-lija/,https://www.youtube.com/watch?v=56jF73GYgW4,Reuters/Annice Lyn,MEDIA,,OK,PERTINENTE,,FALSE,
SI,02/10/2026,20:35,SELECCIÓN ARGENTINA,CUTI ROMERO CONTÓ QUE MESSI LO ELIGIÓ COMO CAPITÁN Y REVELÓ SU MAYOR ARREPENTIMIENTO,"Cristian Romero habló sobre el vacío que siente la Selección Argentina ante la ausencia de Lionel Messi y destacó la forma en que el rosarino ejerció el liderazgo durante su ciclo. El defensor remarcó que el capitán nunca se colocó por encima del grupo y recordó la ovación posterior al triunfo ante Inglaterra, cuando Messi señaló al resto del equipo para compartir el reconocimiento.

El Cuti también reveló que Messi participó de la decisión que lo ubicó como primera opción para llevar la cinta, por delante de Emiliano Martínez y Lautaro Martínez, de acuerdo con el orden mencionado por el zaguero. Para Romero, asumir ese rol representa una responsabilidad especial después de seis o siete años de aprendizaje junto al número 10.

En el tramo más personal, el cordobés contó que construyó una amistad muy fuerte con Messi y admitió que se arrepiente de no haberle demostrado con mayor claridad el cariño que siempre sintió por él. La declaración se produjo en la previa de una nueva presentación de la Selección y en medio de los homenajes al histórico capitán.",https://www.tycsports.com/seleccion-argentina/cuti-romero-y-la-revelacion-sobre-su-capitania-en-la-seleccion-argentina-messi-me-eligio-id764119.html,https://media.tycsports.com/files/2026/07/16/970666/messi-y-romero_416x234.webp?v=1,TyC Sports,https://www.tycsports.com/seleccion-argentina/cuti-romero-y-la-revelacion-sobre-su-capitania-en-la-seleccion-argentina-messi-me-eligio-id764119.html,https://x.com/Argentina/status/2101366284768174308,TyC Sports,ALTA,,TEMPORAL,Imagen de archivo pertinente de Messi y Romero con la Selección Argentina.,,FALSE,
SI,02/10/2026,20:00,FÚTBOL ARGENTINO,GOOGLE CAPACITÓ A LOS CLUBES ARGENTINOS PARA APLICAR IA EN GESTIÓN Y DEPORTE,"Representantes de los clubes de la Liga Profesional participaron en las oficinas de Google en Buenos Aires de una capacitación sobre Gemini y aplicaciones de inteligencia artificial. La jornada abordó usos concretos en gestión institucional, marketing, comunicación, generación de contenidos y redes sociales.

El encuentro también abrió la discusión sobre herramientas para el trabajo deportivo y los cuerpos técnicos. Leandro Petersen, impulsor del acuerdo entre Google y la AFA, explicó que el objetivo es extender a los clubes la relación que comenzó con la Selección Argentina y facilitar una línea directa para detectar necesidades y formar equipos de trabajo.

La iniciativa se suma a una capacitación reciente para el Comité Olímpico Argentino y busca trasladar al deporte nacional experiencias que la compañía desarrolla con organizaciones como la NBA y la Fórmula 1.",https://www.infobae.com/deportes/2026/10/02/google-reunio-a-los-clubes-del-futbol-argentino-para-capacitarlos-en-inteligencia-artificial/,https://www.infobae.com/resizer/v2/HAIFSRLD4VGRRMLFZZBTDOGV34.jpg?auth=9cddb55723f07ee071415f1e0ae6a19ab5cf2f72842e70d3089a6b343b1ca147&height=197&quality=85&smart=true&width=350,Infobae Deportes,https://www.infobae.com/deportes/2026/10/02/google-reunio-a-los-clubes-del-futbol-argentino-para-capacitarlos-en-inteligencia-artificial/,https://x.com/afa/status/2029546604810625160,Infobae,BAJA,,OK,EXACTA,,FALSE,
SI,02/10/2026,19:12,FÚTBOL INTERNACIONAL,RUI PINTO PIDIÓ MANTENER SU PROTECCIÓN TRAS LAS FILTRACIONES DEL CASO MANCHESTER CITY,"Rui Pinto, denunciante de Football Leaks y responsable de filtraciones vinculadas al Manchester City, reclamó a las autoridades de Portugal que mantengan su esquema de protección. Sus abogados sostienen que su situación de seguridad continúa siendo crítica.

El plan vigente prevé que abandone el 10 de octubre la vivienda protegida que utiliza desde 2020. Sus representantes recordaron que Pinto fue agredido en Lisboa en abril y pidieron que se reconsidere la decisión.",https://www.tycsports.com/premier-league/rui-pinto-el-denunciante-de-football-leaks-reclama-a-portugal-que-mantenga-su-proteccion-por-temor-a-su-seguridad-id764109.html,https://media.tycsports.com/files/2026/10/02/992406/rui-pinto_416x234.webp,TyC Sports,https://www.tycsports.com/premier-league/rui-pinto-el-denunciante-de-football-leaks-reclama-a-portugal-que-mantenga-su-proteccion-por-temor-a-su-seguridad-id764109.html,https://x.com/AdamJoseph____/status/1804817288128024733,TyC Sports,ALTA,,OK,Imagen específica de Rui Pinto publicada por la fuente.,,FALSE,
SI,02/10/2026,19:00,BOCA,UN INCENDIO EN LA CASA DE PAREDES FUE CONTROLADO SIN HERIDOS,"La vivienda de Leandro Paredes en el country Saint Thomas Este-Oeste, en la zona de Canning, sufrió un incendio que fue controlado por los Bomberos Voluntarios de Esteban Echeverría. El fuego se originó en un entrepiso donde funcionaba una caldera.

La intervención evitó que las llamas se propagaran a otros sectores de la propiedad y no se registraron heridos. El destacamento que participó del operativo no pudo precisar qué integrantes de la familia se encontraban en la casa al momento del episodio.

El hecho no tuvo consecuencias personales y quedó circunscripto al sector en el que comenzó. Paredes, capitán de Boca y referente de la Selección, venía de ser protagonista deportivo en la goleada del Xeneize sobre Unión.",https://www.clarin.com/deportes/susto-casa-leandro-paredes-incendio-vivienda-canning_0_ScmEB2jgIh.html,https://www.clarin.com/img/2026/10/01/D576rVG-6A_1256x620__2.jpg,Clarín,https://www.clarin.com/deportes/susto-casa-leandro-paredes-incendio-vivienda-canning_0_ScmEB2jgIh.html,https://x.com/BocaJrsOficial/status/2043814339337932911,Instagram de Leandro Paredes / Clarín,MEDIA,,OK,Imagen familiar difundida por Paredes y utilizada por la fuente para informar el episodio.,,FALSE,
SI,02/10/2026,18:51,SELECCIÓN ARGENTINA,SCALONI PROBÓ LA BASE DEL EQUIPO PARA ENFRENTAR A BURKINA FASO,"La Selección Argentina realizó en Ezeiza la última práctica antes del amistoso del sábado contra Burkina Faso en el Monumental. En los primeros ejercicios aparecieron varios futbolistas con pechera que se perfilan para sostener una base similar a la que viene de golear a Bolivia.

Entre los nombres probados estuvieron Agustín Giay, Facundo Medina, Giuliano Simeone, Alexis Mac Allister, Enzo Fernández, Nico Paz, Julián Álvarez y Lautaro Martínez. Facundo Medina aparece como el cambio más firme en relación con el último once.",https://www.tycsports.com/seleccion-argentina/seleccion-argentina-entrenamiento-probable-equipo-cambios-id764101.html,https://assets1.afa.com.ar/2026/Lau/AFA---1-OCT--120.jpeg,TyC Sports,https://www.tycsports.com/seleccion-argentina/seleccion-argentina-entrenamiento-probable-equipo-cambios-id764101.html,https://x.com/Argentina/status/2101366284768174308,AFA,ALTA,,TEMPORAL,Foto oficial reciente de entrenamiento en Ezeiza; fallback para la práctica previa a Burkina Faso.,,FALSE,
SI,02/10/2026,18:30,SELECCIÓN ARGENTINA,INSUA PROPUSO UNA MOVILIZACIÓN PARA QUE MESSI SIGA EN LA SELECCIÓN HASTA 2030,"Rubén Darío Insúa lanzó una propuesta inesperada en la conferencia previa de San Lorenzo: convocar una movilización generalizada de hinchas y del mundo del fútbol para intentar convencer a Lionel Messi de que continúe en la Selección hasta el Mundial 2030.

El entrenador sostuvo que el nivel que el capitán mostró en la última Copa del Mundo permite imaginar una extensión de su ciclo y aseguró que, cuando observa a Inter Miami, todavía ve al mismo futbolista decisivo de años anteriores. Su deseo es que Messi pueda retirarse de la actividad como campeón del mundo.

La declaración aparece en la antesala de la despedida anunciada por el rosarino, que llegó al país y tiene previsto jugar su último partido con la camiseta argentina ante Benín en el Monumental. La propuesta de Insúa no modifica la decisión comunicada por Messi, pero suma una voz fuerte del fútbol local al pedido público para que la reconsidere.",https://www.infobae.com/deportes/2026/10/02/la-inesperada-propuesta-de-ruben-insua-para-que-lionel-messi-no-se-retire-de-la-seleccion-argentina-yo-creo-que-se-puede/,https://www.infobae.com/resizer/v2/ADIHAB3ZINCXXMIR5JCFRX7DBE.JPG?auth=ab7205e6cfbaf17ba64932976c16d5f87ddec74461a71dffa1d84775ee253d4f&height=234&quality=85&smart=true&width=350,Infobae,https://www.infobae.com/deportes/2026/10/02/la-inesperada-propuesta-de-ruben-insua-para-que-lionel-messi-no-se-retire-de-la-seleccion-argentina-yo-creo-que-se-puede/,https://x.com/Argentina/status/2101366284768174308,Fotobaires,MEDIA,,OK,"Imagen de Rubén Darío Insúa, protagonista de la declaración.",,FALSE,
SI,02/10/2026,18:25,BÁSQUET,LA NBA PROYECTA SUMAR A LAS VEGAS Y SEATTLE EN 2028 Y PREPARA UN CAMBIO DE CONFERENCIA,"La NBA avanza en el análisis para pasar de 30 a 32 franquicias en la temporada 2028-29. Seattle aparece como candidata para recuperar un equipo y Las Vegas concentra tres propuestas multimillonarias que compiten por la otra plaza de expansión.

La incorporación de dos conjuntos del Oeste obligaría a trasladar una franquicia actual a la Conferencia Este para mantener el equilibrio de 16 equipos por lado. La liga todavía no adoptó una decisión final, pero ya trabaja sobre la estructura deportiva y comercial que tendría el nuevo mapa.

El proyecto implicaría nuevas tasas de ingreso, mercados y calendarios, además de una redistribución de divisiones. La definición dependerá de la evaluación económica de las propuestas y de la aprobación de los propietarios.",https://www.tycsports.com/estados-unidos/nba/la-nba-avanza-con-su-expansion-las-vegas-seattle-y-el-equipo-que-podria-pasar-al-este-id764103.html,https://media.tycsports.com/files/2026/10/02/992397/nba_416x234.webp,TyC Sports,https://www.tycsports.com/estados-unidos/nba/la-nba-avanza-con-su-expansion-las-vegas-seattle-y-el-equipo-que-podria-pasar-al-este-id764103.html,https://x.com/shamscharania/status/2105028841970295005,TyC Sports,MEDIA,,OK,EXACTA,,FALSE,
SI,02/10/2026,18:24,BOCA,TEVEZ TENDRÁ SU DESPEDIDA EN LA BOMBONERA Y YA HAY DOS FECHAS TENTATIVAS,"Carlos Tevez tendrá su partido despedida en La Bombonera. El anuncio se oficializó con el lanzamiento de la identidad “Adiós Apache” y una cuenta dedicada al evento, que se realizará en diciembre con el estadio cedido por Juan Román Riquelme.

Las fechas que se analizan son los fines de semana del 12 y 13 o del 19 y 20 de diciembre, sujetas al calendario de las finales. La organización proyecta reunir a unas 60 figuras que compartieron equipos o etapas de carrera con el exdelantero; entre los nombres deseados aparecen Lionel Messi y Cristiano Ronaldo, aunque sus presencias todavía no están confirmadas.

Tevez se retiró en 2021 y cerró su paso por Boca con 94 goles en 279 partidos y 11 títulos. El homenaje buscará condensar su recorrido en el club y su trayectoria internacional.",https://www.tycsports.com/boca-juniors/oficial-despedida-carlos-tevez-id764102.html,https://media.tycsports.com/files/2026/10/02/992393/despedida-tevez_416x234.webp,TyC Sports,https://www.tycsports.com/boca-juniors/oficial-despedida-carlos-tevez-id764102.html,https://x.com/BocaJrsOficial/status/2043814339337932911,TyC Sports / Adiós Apache Oficial,MEDIA,,OK,EXACTA,,FALSE,
SI,02/10/2026,18:07,RACING,"PRISIÓN PREVENTIVA PARA EL JEFE DE LA BARRA DE RACING, QUE SIGUE PRÓFUGO","La Justicia procesó con prisión preventiva a Leandro Paredes, señalado como jefe de la barra de Racing, por la agresión a Walter Alagastino ocurrida meses atrás en una platea del Cilindro. El juez también ordenó su captura.

Según informó TyC Sports, Paredes permanecía prófugo al cierre de la nota, mientras que otros integrantes involucrados fueron procesados sin prisión preventiva. La causa contempla lesiones y amenazas agravadas por haberse producido en un espectáculo deportivo.",https://www.tycsports.com/racing-club/barra-racing-prision-preventiva-id764100.html,https://media.tycsports.com/files/2026/10/02/992387/barra-racing_416x234.webp,TyC Sports,https://www.tycsports.com/racing-club/barra-racing-prision-preventiva-id764100.html,https://www.youtube.com/watch?v=G1HUlzlPT4s,TyC Sports,ALTA,,OK,Imagen del episodio investigado publicada por la fuente.,,FALSE,
SI,02/10/2026,17:42,RIVER,RIVER JUGARÁ UN AMISTOSO ANTE ATLÉTICO ESCOBAR POR LA POSTERGACIÓN CON SARMIENTO,"River disputará este sábado un amistoso ante Atlético Escobar, equipo del Federal A, en el predio de Ezeiza. La decisión se tomó después de la postergación del partido frente a Sarmiento, que dejó al Millonario sin competencia oficial este fin de semana.

Leonardo Ponzio busca que el plantel no pierda ritmo antes del próximo compromiso. Todavía no está definido si utilizará mayoría de titulares o un equipo mixto.",https://www.tycsports.com/river-plate/river-amistoso-atletico-escobar-id764091.html,https://media.tycsports.com/files/2026/09/11/986870/leonardo-ponzio_416x234.webp?v=1,TyC Sports,https://www.tycsports.com/river-plate/river-amistoso-atletico-escobar-id764091.html,https://www.youtube.com/watch?v=LgYQQ6Uqj8Y,TyC Sports,ALTA,,OK,Foto reciente de Leonardo Ponzio utilizada por la nota fuente.,,FALSE,
SI,02/10/2026,17:37,F1,ALPINE EXPLICÓ POR QUÉ CAMBIÓ EL MOTOR DE COLAPINTO PESE A LA SANCIÓN,"Alpine explicó por qué decidió cambiar componentes de la unidad de potencia de Franco Colapinto en el Gran Premio de Malasia, una medida que sumó diez puestos de penalización a los cinco que ya arrastraba por el accidente de Bakú.

Steve Nielsen señaló que el equipo eligió asumir la sanción en Sepang porque considera que el circuito ofrece oportunidades de sobrepaso. Colapinto trabajó con mucha carga de combustible en las prácticas y enfocó su preparación en el ritmo de carrera del domingo.",https://www.tycsports.com/automovilismo/alpine-explico-por-que-decidio-tocar-el-motor-y-que-colapinto-sea-sancionado-id764083.html,https://media.tycsports.com/files/2026/09/26/990872/franco-colapinto_416x234.webp?v=1,TyC Sports,https://www.tycsports.com/automovilismo/alpine-explico-por-que-decidio-tocar-el-motor-y-que-colapinto-sea-sancionado-id764083.html,https://www.youtube.com/watch?v=56jF73GYgW4,TyC Sports,ALTA,,OK,Foto reciente de Franco Colapinto utilizada por la nota fuente.,,FALSE,
SI,02/10/2026,17:33,SELECCIÓN ARGENTINA,EL MONUMENTAL QUEDÓ IMPECABLE Y YA ESPERA A LA SELECCIÓN,"El campo de juego del Monumental quedó en óptimas condiciones para recibir a la Selección Argentina frente a Burkina Faso. Desde River aseguran que el césped está “10 puntos” después del recital de Lali.

El operativo posterior al show permitió recuperar rápidamente el terreno, que había generado preocupación por antecedentes de otros recitales. Argentina jugará allí este sábado.",https://www.tycsports.com/seleccion-argentina/estadio-monumental-campo-de-juego-recital-lali-amistoso-seleccion-argentina-id764089.html,https://media.tycsports.com/files/2026/09/18/988813/monumental_416x234.webp?v=1,TyC Sports,https://www.tycsports.com/seleccion-argentina/estadio-monumental-campo-de-juego-recital-lali-amistoso-seleccion-argentina-id764089.html,https://x.com/Argentina/status/2101366284768174308,TyC Sports,ALTA,,TEMPORAL,Imagen reciente del Monumental usada por la fuente; fallback pertinente para el estado del campo.,,FALSE,
SI,02/10/2026,17:30,SAN LORENZO,"SAN LORENZO VISITA A DEFENSA Y JUSTICIA: HORA, TV Y CÓMO VERLO","San Lorenzo visitará a Defensa y Justicia este sábado desde las 14:45 por la fecha 11 del Torneo Clausura 2026. El partido se jugará en el estadio Tito Tomaghello.

El encuentro será televisado por ESPN Premium para quienes tengan contratado el Pack Fútbol y también podrá seguirse online mediante Flow, D GO y Telecentro Play.",https://www.tycsports.com/liga-profesional-de-futbol/defensa-y-justicia-vs-san-lorenzo-en-vivo-donde-ver-por-tv-y-online-id763546.html,https://media.tycsports.com/files/2026/07/13/969706/san-lorenzo-en-vivo_416x234.webp,TyC Sports,https://www.tycsports.com/liga-profesional-de-futbol/defensa-y-justicia-vs-san-lorenzo-en-vivo-donde-ver-por-tv-y-online-id763546.html,https://x.com/LigaAFA/status/2102102889191920044,TyC Sports,ALTA,,TEMPORAL,Imagen pertinente de San Lorenzo usada por la fuente; no corresponde al partido exacto.,,FALSE,
SI,02/10/2026,17:19,POLIDEPORTIVO,UFC 332: ESTEBAN RIBOVICS PELEA ANTE KING GREEN EN LA CARTELERA PRINCIPAL,"Esteban Ribovics volverá al octágono este sábado 3 de octubre ante King Green en el UFC 332, que se disputará en el Delta Center de Salt Lake City. El argentino será parte de la cartelera principal en un combate de peso ligero.

La jornada central comenzará a las 21:00 de Argentina y la pelea de Ribovics está prevista para alrededor de las 22:30, aunque el horario puede variar según la duración de los combates anteriores. En Argentina podrá verse por Paramount+.",https://www.tycsports.com/polideportivo/esteban-ribovics-vs-king-green-en-vivo-donde-ver-por-tv-y-online-id763875.html,https://media.tycsports.com/files/2026/10/01/992100/natalia-silva-y-wang-cong-se-enfrentan-por-el-titulo-mosca-femenino-en-salt-lake-city-conoce-la-cartelera-completa-de-ufc-332-los-horarios-para-la-argentina-y-como-ver-en-vivo-el-evento-de-este-sabado_416x234.webp?v=1,TyC Sports,https://www.tycsports.com/polideportivo/esteban-ribovics-vs-king-green-en-vivo-donde-ver-por-tv-y-online-id763875.html,https://x.com/UFConParamount/status/2088801377765958125,TyC Sports,ALTA,,TEMPORAL,Imagen del evento UFC 332; reemplazar si aparece una foto exacta de Ribovics-Green.,,FALSE,
SI,02/10/2026,17:02,BOCA,BOCA PODRÍA JUGAR 16 PARTIDOS HASTA FIN DE AÑO SI LLEGA A TODAS LAS FINALES,"Boca afrontará al menos nueve partidos en el cierre de 2026, pero el calendario podría estirarse a 16 si alcanza las finales del Clausura, la Copa Argentina y la Sudamericana. El recorrido incluiría dos partidos contra Vasco da Gama, la semifinal ante Banfield y una eventual definición del Trofeo de Campeones frente a Belgrano.",https://www.tycsports.com/boca-juniors/como-seria-el-calendario-de-boca-si-llega-a-la-final-de-todos-los-torneos-id764082.html,https://media.tycsports.com/files/2026/09/20/989646/rodolfo-arruabarrena-durante-el-triunfo-de-boca-sobre-san-lorenzo_416x234.webp,TyC Sports,https://www.tycsports.com/boca-juniors/como-seria-el-calendario-de-boca-si-llega-a-la-final-de-todos-los-torneos-id764082.html,https://x.com/BocaJrsOficial/status/2043814339337932911,TyC Sports,ALTA,,OK,Boca proyecta un cierre de año con hasta 16 partidos si alcanza todas las finales.,,FALSE,
SI,02/10/2026,17:00,INDEPENDIENTE,CUATRO CANDIDATOS Y UNA ELECCIÓN CLAVE POR EL FUTURO DE INDEPENDIENTE,"Independiente elegirá presidente el 13 de diciembre y la carrera tiene cuatro figuras lanzadas: Gastón Gaudio, Daniel Bertoni, Luciano Nakis y Enrique Sacco. La disputa cruza a ídolos del club, dirigentes de la AFA, empresarios y apoyos provenientes de la política nacional.

Gaudio suma el respaldo de Ricardo Bochini y promete un patrocinio internacional; Bertoni plantea una refundación apoyada en la identidad del Rojo y mayor transparencia en la relación con representantes; Nakis propone obras en el estadio y proyecta a Enzo Trossero y Sergio Agüero en funciones específicas; Sacco impulsa un director deportivo, más juveniles y una estructura profesional con CEO.

La elección llega con un pasivo superior a 52 mil millones de pesos y una deuda estimada entre 34 y 35 millones de dólares. Con el oficialismo fuera de competencia, el próximo gobierno deberá combinar reconstrucción deportiva, generación de ingresos y orden institucional.",https://www.clarin.com/deportes/pelea-poder-independiente-idolos-famosos-fuertes-vinculos-politicos-detras-candidatos_0_GeSvMv9RJq.html,https://www.clarin.com/img/2026/10/01/lm9ObvDSg_1256x620__2.jpg,Clarín,https://www.clarin.com/deportes/pelea-poder-independiente-idolos-famosos-fuertes-vinculos-politicos-detras-candidatos_0_GeSvMv9RJq.html,https://www.youtube.com/watch?v=cLviXJcSsWU,Clarín,ALTA,,OK,EXACTA,,FALSE,
SI,02/10/2026,16:48,F1,VERSTAPPEN AGRADECIÓ LOS ELOGIOS DE COLAPINTO TRAS EL CHOQUE DE BAKÚ,Max Verstappen valoró que Franco Colapinto destacara su trato con los pilotos jóvenes después del accidente en Bakú. El tetracampeón explicó que respeta a quienes lo respetan y que no considera enemigos a todos sus rivales de la Fórmula 1.,https://www.tycsports.com/automovilismo/verstappen-agradecio-los-elogios-de-colapinto-tras-su-accidente-en-baku-los-que-compiten-en-f1-no-son-mis-enemigos-id764060.html,https://media.tycsports.com/files/2026/10/02/992362/verstappen_416x234.webp?v=1,TyC Sports,https://www.tycsports.com/automovilismo/verstappen-agradecio-los-elogios-de-colapinto-tras-su-accidente-en-baku-los-que-compiten-en-f1-no-son-mis-enemigos-id764060.html,https://www.youtube.com/watch?v=56jF73GYgW4,Redes sociales,ALTA,,OK,Verstappen respondió a Colapinto y reivindicó su trato con los pilotos jóvenes.,,FALSE,
SI,02/10/2026,16:48,PERLITA,ARTIME RECORDÓ EL DÍA QUE MARADONA JUGÓ PARA QUE COBRARAN EN BELGRANO,"Luis Artime contó que en 1995 gestionó la presencia de Diego Maradona en Córdoba para que la recaudación de Belgrano-Boca permitiera pagar seis meses de deuda al plantel local. Diego aceptó viajar y le respondió: “Si fuera para que ustedes cobren, vengo todos los domingos”.",https://www.tycsports.com/libero/artime-maradona-boca-belgrano-cordoba-libero-versus-id764071.html,https://media.tycsports.com/files/2026/10/02/992364/maradona-artime_416x555.webp?v=1,TyC Sports,https://www.tycsports.com/libero/artime-maradona-boca-belgrano-cordoba-libero-versus-id764071.html,https://x.com/LigaAFA/status/2102102889191920044,TyC Sports,ALTA,,OK,Artime reveló la gestión solidaria de Maradona para ayudar a cobrar al plantel de Belgrano.,EMBED EXACTO PRIORITARIO,FALSE,
SI,02/10/2026,16:40,FÚTBOL ARGENTINO,ARTIME LE PUSO FECHA AL POSIBLE REGRESO DE CUTI ROMERO A BELGRANO,"Luis Artime aseguró que Cristian Romero podría volver a Belgrano cuando termine su contrato con Atlético de Madrid: “En cinco años vuelve, o capaz que menos”. El presidente del Pirata también contó que el defensor ya había pedido a su representante explorar un regreso después del Mundial 2026.",https://www.tycsports.com/liga-profesional-de-futbol/artime-se-animo-a-ponerle-fecha-al-posible-regreso-de-cuti-romero-a-belgrano-id764069.html,https://media.tycsports.com/files/2026/04/03/937468/cuti-romero-luifa-artime_416x555.webp,TyC Sports,https://www.tycsports.com/liga-profesional-de-futbol/artime-se-animo-a-ponerle-fecha-al-posible-regreso-de-cuti-romero-a-belgrano-id764069.html,https://x.com/Argentina/status/2101366284768174308,TyC Sports,ALTA,,OK,Artime proyectó el regreso de Cuti Romero a Belgrano al final de su vínculo europeo.,EMBED EXACTO PRIORITARIO,FALSE,
SI,02/10/2026,15:35,FÚTBOL ARGENTINO,BELGRANO CALIENTA EL CLÁSICO CON TALLERES: “NOS JUGAMOS TODO”,"Lisandro López palpitó el clásico cordobés del domingo y aseguró que en estos partidos no importa cómo llega cada equipo. Belgrano, quinto en su zona con 16 puntos, visitará a Talleres en el Kempes con el objetivo de sostenerse en puestos de playoffs.",https://www.tycsports.com/liga-profesional-de-futbol/belgrano-prepara-el-clasico-ante-talleres-con-el-recuerdo-del-apertura-id764007.html,https://media.tycsports.com/files/2026/10/02/992351/lopez_416x234.webp?v=1,TyC Sports,https://www.tycsports.com/liga-profesional-de-futbol/belgrano-prepara-el-clasico-ante-talleres-con-el-recuerdo-del-apertura-id764007.html,https://x.com/LigaAFA/status/2102102889191920044,Redes sociales,ALTA,,OK,Lisandro López anticipó el clásico cordobés y remarcó que Belgrano se juega todo.,,FALSE,
SI,02/10/2026,15:29,COPA ARGENTINA,PALERMO Y UNA POSIBLE FINAL ANTE BOCA: “PREFERÍS QUE SEA OTRO EQUIPO”,"Tras clasificar a Platense a las semifinales de la Copa Argentina, Martín Palermo admitió que preferiría no cruzarse con Boca en una eventual final por la carga emocional. El Calamar enfrentará primero a Atlético Tucumán el 28 de octubre; Boca jugará la otra semifinal ante Banfield.",https://www.tycsports.com/boca-juniors/palermo-boca-platense-final-copa-argentina-id764042.html,https://media.tycsports.com/files/2026/10/01/992185/platense-1-0-estudiantes-lp-copa-argentina-2026-cuartos-de-final_416x234.webp,TyC Sports,https://www.tycsports.com/boca-juniors/palermo-boca-platense-final-copa-argentina-id764042.html,https://x.com/TyCSports/status/2105840952367571338,TyC Sports,ALTA,,TEMPORAL,Palermo reconoció que preferiría evitar a Boca en una eventual final de Copa Argentina.,EMBED EXACTO PRIORITARIO,FALSE,
SI,02/10/2026,14:48,SELECCIÓN ARGENTINA,BURKINA FASO SIGUE VARADA Y LLEGARÍA SOBRE LA HORA PARA ENFRENTAR A ARGENTINA,"La Federación Burkinesa informó que una cancelación sin aviso del vuelo chárter dejó al plantel varado en Casablanca. Burkina Faso aún no había iniciado el viaje y trabajaba para aterrizar en Buenos Aires el sábado cerca de las 13, pocas horas antes del amistoso ante la Selección Argentina.",https://www.tycsports.com/seleccion-argentina/amistoso-seleccion-argentina-burkina-faso-problemas-viaje-comunicado-oficial-id764017.html,https://media.tycsports.com/files/2026/09/15/988015/seleccion-de-burkina-faso_416x234.webp,TyC Sports,https://www.tycsports.com/seleccion-argentina/amistoso-seleccion-argentina-burkina-faso-problemas-viaje-comunicado-oficial-id764017.html,https://x.com/Argentina/status/2101366284768174308,TyC Sports,ALTA,,OK,Problemas con el chárter obligan a Burkina Faso a viajar contrarreloj para el amistoso.,,FALSE,
SI,02/10/2026,14:42,FÚTBOL INTERNACIONAL,EL CASO MANCHESTER CITY ESCALÓ A UN CONFLICTO DIPLOMÁTICO,"La resolución que declaró responsable al Manchester City en 114 de 115 cargos por irregularidades financieras abrió un frente político. Según medios ingleses, Emiratos Árabes Unidos advirtió al Reino Unido que una sanción severa al club podría afectar futuras inversiones millonarias.",https://www.tycsports.com/premier-league/coletazos-por-el-caso-manchester-city-emiratos-arabes-advirtio-al-reino-unido-por-las-consecuencias-de-una-sancion-id764019.html,https://media.tycsports.com/files/2026/09/30/991752/estadio-manchester-city_416x234.webp,TyC Sports,https://www.tycsports.com/premier-league/coletazos-por-el-caso-manchester-city-emiratos-arabes-advirtio-al-reino-unido-por-las-consecuencias-de-una-sancion-id764019.html,https://x.com/PepTeam/status/2105269081276350584,Molly Darlington/Getty Images,ALTA,,OK,Emiratos advirtió al Reino Unido por el impacto económico de una eventual sanción al City.,,FALSE,
SI,02/10/2026,14:28,INTERÉS GENERAL,"MURIÓ RICARDO SOULÉ, EXARQUERO DE QUILMES Y FUNDADOR DE VOX DEI","Ricardo Soulé murió a los 76 años. Antes de convertirse en una figura central del rock argentino con Vox Dei, fue arquero de la Reserva de Quilmes y llegó a entrenarse con la Primera en la época en que comenzaba a destacarse Ubaldo Fillol.",https://www.tycsports.com/al-angulo/murio-ricardo-soule-el-musico-que-paso-de-la-reserva-de-quilmes-a-hacer-historia-con-vox-dei-id764010.html,https://media.tycsports.com/files/2026/10/02/992328/ricardo-soule-portada_416x234.webp,TyC Sports,https://www.tycsports.com/al-angulo/murio-ricardo-soule-el-musico-que-paso-de-la-reserva-de-quilmes-a-hacer-historia-con-vox-dei-id764010.html,https://www.youtube.com/watch?v=q6JYlUKAEUc,TyC Sports,ALTA,,OK,"El fundador de Vox Dei, con pasado en la Reserva de Quilmes, falleció a los 76 años.",,FALSE,
SI,02/10/2026,14:04,POLIDEPORTIVO,"RIBOVICS NO DIO EL PESO, PERDERÁ EL 20% DE SU BOLSA Y PELEARÁ IGUAL EN UFC 332","Esteban Ribovics fue el único peleador de UFC 332 que no cumplió con el límite de su categoría. El argentino registró 156,5 libras, media libra por encima del máximo permitido para un combate de peso ligero sin título, mientras que King Green marcó 155,5.

La pelea seguirá adelante, pero se realizará en peso pactado y Ribovics deberá ceder el 20 por ciento de su bolsa a su rival. La sanción económica se suma a una preparación exigente para el representante argentino, que igualmente conservará su lugar en la cartelera principal del evento en Salt Lake City.

El combate está programado para este sábado. La novedad modifica las condiciones de la pelea ya anunciada, aunque no altera el cruce ni la presencia de Ribovics en UFC 332.",https://www.mmafighting.com/ufc/513759/ufc-332-weigh-in-results-1-main-card-fighter-misses-weight,https://hermes.media.static.aol.com/media/2026/08/15/f3837fef-7868-326c-bca3-2022863318e6/4371bfa4-ac71-4003-8c6f-caba7be1bb7a.jpg,MMA Fighting,https://www.mmafighting.com/ufc/513759/ufc-332-weigh-in-results-1-main-card-fighter-misses-weight,https://x.com/UFConParamount/status/2088801377765958125,MMA Junkie,MEDIA,,TEMPORAL,ARCHIVO,,FALSE,
SI,02/10/2026,13:53,BOCA,BOCA-BANFIELD: CONFIRMARON LA FECHA DE LA SEMIFINAL DE COPA ARGENTINA,"Boca y Banfield jugarán la semifinal de la Copa Argentina el sábado 14 de noviembre, en plena fecha FIFA, con horario y sede todavía por definir. La otra llave, Atlético Tucumán-Platense, quedó programada para el 28 de noviembre y la final para el 2 de diciembre.",https://www.tycsports.com/boca-juniors/boca-vs-banfield-con-fecha-confirmada-para-la-semifinal-de-la-copa-argentina-id764009.html,https://media.tycsports.com/files/2026/09/28/991337/boca_416x234.webp?v=1,TyC Sports,https://www.tycsports.com/boca-juniors/boca-vs-banfield-con-fecha-confirmada-para-la-semifinal-de-la-copa-argentina-id764009.html,https://x.com/BocaJrsOficial/status/2043814339337932911,Fotobaires,ALTA,,OK,Boca y Banfield disputarán su semifinal de Copa Argentina el 14 de noviembre.,,FALSE,
SI,02/10/2026,13:34,RACING,RACING: EL POSIBLE ONCE PARA EL DEBUT DE CHIROLA ROMERO Y AUED,"Racing prepara la visita del domingo a Estudiantes de Río Cuarto con el estreno de la dupla interina Sebastián Romero-Luciano Aued. Marcos Rojo no estará por su conflicto con la dirigencia; Mateo Martínez y Gonzalo Escudero formarían la zaga, mientras Ezequiel Cannavo volvería al equipo y Matías Zaracho es baja por una distensión.",https://www.tycsports.com/racing-club/sin-rojo-el-posible-equipo-de-racing-para-el-debut-de-la-dupla-tecnica-id764005.html,https://media.tycsports.com/files/2026/10/02/992326/chirola-romero_416x234.webp?v=2,TyC Sports,https://www.tycsports.com/racing-club/sin-rojo-el-posible-equipo-de-racing-para-el-debut-de-la-dupla-tecnica-id764005.html,https://www.youtube.com/watch?v=G1HUlzlPT4s,Racing,ALTA,,OK,Romero y Aued perfilan el equipo de Racing sin Rojo para visitar a Estudiantes de Río Cuarto.,,FALSE,
SI,02/10/2026,12:48,BOCA,BOCA: VILLA SE PERFILA COMO TITULAR ANTE UNIÓN,"Sebastián Villa se perfila para integrar el ataque de Boca ante Unión, este viernes a las 21:30 en la Bombonera. Rodolfo Arruabarrena evalúa preservar a Leonel Flores, quien regresó sobre la hora después de debutar con la Selección Argentina y podría comenzar en el banco.

La otra novedad es la recuperación de Facundo Herrera, que sería titular pese a la molestia sufrida ante Racing. Leandro Brey reemplazará al convocado Álvaro Montero y el mediocampo mantendría a Santiago Ascacíbar, Leandro Paredes y Milton Delgado. Boca buscará extender su invicto de 15 partidos.",https://www.tycsports.com/boca-juniors/la-formacion-de-boca-vs-union-por-el-torneo-apertura-id763764.html,https://media.tycsports.com/files/2026/08/15/978946/la-formacion-de-boca-vasco-arruabarrena_416x234.webp,TyC Sports,https://www.tycsports.com/boca-juniors/la-formacion-de-boca-vs-union-por-el-torneo-apertura-id763764.html,https://x.com/BocaJrsOficial/status/2043814339337932911,TyC Sports,ALTA,,TEMPORAL,Arruabarrena piensa guardar a Flores y sostener la base del equipo que viene utilizando.,,FALSE,
SI,02/10/2026,12:04,SAN LORENZO,INSUA PROBÓ DOS CAMBIOS Y MANTIENE EL MISTERIO EN SAN LORENZO,"Rubén Darío Insua aseguró que todavía no definió el equipo de San Lorenzo para visitar a Defensa y Justicia este sábado a las 14:45. El entrenador explicó que dos futbolistas no pudieron trabajar con normalidad durante los últimos tres días, aunque evitó revelar sus nombres.

En la práctica abierta, Mauricio Cardillo y el juvenil Franco Lorenzon aparecieron entre los titulares. Cardillo reemplazaría al suspendido Manuel Insaurralde y Lorenzon podría ingresar por Emiliano Amor. Insua también confirmó que utiliza a Facundo Farías como enganche y descartó ubicarlo como doble cinco.",https://www.tycsports.com/san-lorenzo/insua-palpito-la-visita-de-san-lorenzo-a-defensa-y-jugo-al-misterio-con-el-equipo-id763997.html,https://media.tycsports.com/files/2026/09/20/989628/ruben-dario-insua-san-lorenzo_w862.webp,TyC Sports,https://www.tycsports.com/san-lorenzo/insua-palpito-la-visita-de-san-lorenzo-a-defensa-y-jugo-al-misterio-con-el-equipo-id763997.html,https://x.com/LigaAFA/status/2102102889191920044,Fotobaires / TyC Sports,ALTA,,TEMPORAL,"Cardillo y Lorenzon fueron titulares en la práctica, pero el entrenador aún no confirmó el once.",,FALSE,
SI,02/10/2026,12:01,FÓRMULA 1,BRIATORE ENGAÑÓ AL PADDOCK CON UNA HOJA EN BLANCO,"Flavio Briatore apareció en la conferencia de jefes de equipo del Gran Premio de Malasia con una hoja doblada y despertó la expectativa de los periodistas. El antecedente era una rueda de prensa en la que el directivo de Alpine había utilizado otro papel para lanzar una fuerte denuncia contra McLaren.

Esta vez no hubo revelación: al terminar la conferencia dejó la hoja sobre el asiento y el periodista Jon Noble comprobó que estaba completamente en blanco. La maniobra fue una distracción del italiano, quien durante la charla se limitó a pedir que Alpine deje atrás el accidente de Franco Colapinto y Pierre Gasly en Bakú.",https://www.tycsports.com/automovilismo/desopilante-jugada-de-briatore-engano-a-todos-los-periodistas-de-la-f1-con-una-hoja-en-blanco-id763998.html,https://media.tycsports.com/files/2026/10/02/992300/briatore_416x234.webp?v=3,TyC Sports,https://www.tycsports.com/automovilismo/desopilante-jugada-de-briatore-engano-a-todos-los-periodistas-de-la-f1-con-una-hoja-en-blanco-id763998.html,https://www.youtube.com/watch?v=56jF73GYgW4,AFP vía Getty Images / TyC Sports,ALTA,,OK,El jefe de Alpine generó expectativa con un papel que finalmente no tenía ninguna inscripción.,EMBED EXACTO PRIORITARIO,FALSE,
SI,02/10/2026,11:46,RIVER,JUAN SOLARI SE ROMPIÓ LOS LIGAMENTOS Y ESTARÁ HASTA NUEVE MESES AFUERA,"Juan Solari, extremo de 19 años de las inferiores de River y hermano de Pablo Solari, sufrió la rotura del ligamento cruzado anterior. La lesión se produjo durante el partido de Cuarta División ante Defensa y Justicia y fue confirmada luego de los estudios médicos.

El juvenil afrontará una recuperación estimada entre ocho y nueve meses, por lo que su regreso se proyecta para mediados de 2027. En la temporada llevaba 21 partidos, 1.050 minutos y tres goles con su categoría.",https://www.tycsports.com/river-plate/dura-lesion-en-river-rotura-de-ligamentos-y-baja-hasta-2027-id763988.html,https://media.tycsports.com/files/2026/10/02/992293/juan-solari_416x234.webp?v=1,TyC Sports,https://www.tycsports.com/river-plate/dura-lesion-en-river-rotura-de-ligamentos-y-baja-hasta-2027-id763988.html,https://www.youtube.com/watch?v=LgYQQ6Uqj8Y,TyC Sports,ALTA,,OK,El juvenil se lesionó en Cuarta División y deberá afrontar una recuperación de ocho a nueve meses.,,FALSE,
SI,02/10/2026,11:20,RACING,MILITO SE PLANTÓ Y SE ESTANCÓ EL REGRESO DE MARCOS ROJO A ESTUDIANTES,"La negociación por Marcos Rojo dio un giro en Racing. Aunque Sebastián Saja y parte de la dirigencia aceptaban conversar con Estudiantes, Diego Milito no quiere liberar al defensor y el pase quedó frenado. El jugador volvió a ausentarse del entrenamiento y mantiene su intención de regresar a La Plata.

El nuevo escenario modifica el panorama informado horas antes, cuando la Academia había fijado condiciones para negociar. Estudiantes necesita reforzarse antes del 9 de octubre para la semifinal de la Copa Libertadores, pero Racing niega haber recibido una oferta formal y sostiene que no existe una deuda salarial con Rojo.",https://www.tycsports.com/racing-club/milito-no-quiere-liberar-a-marcos-rojo-en-racing-y-se-enfria-su-vuelta-a-estudiantes-id763989.html,https://media.tycsports.com/files/2026/10/02/992291/marcos-rojo_416x234.webp,TyC Sports,https://www.tycsports.com/racing-club/milito-no-quiere-liberar-a-marcos-rojo-en-racing-y-se-enfria-su-vuelta-a-estudiantes-id763989.html,https://www.youtube.com/watch?v=SWnIsRL6RwU,TyC Sports,ALTA,,OK,El presidente de Racing frenó una operación que tenía el visto bueno de otros dirigentes.,,FALSE,
SI,02/10/2026,11:04,ASCENSO,PRIMERA NACIONAL: FERRO Y TRISTÁN SUÁREZ LIDERAN LA CARRERA POR EL ASCENSO,"La Primera Nacional entró en sus últimas cinco fechas con Ferro al frente de la Zona A, con 61 puntos, y Tristán Suárez como líder de la Zona B, con 57. Si mantienen sus posiciones disputarán en cancha neutral la final por el primer ascenso a la Liga Profesional.

Morón y Gimnasia de Jujuy aparecen como principales perseguidores, mientras numerosos equipos pelean por ingresar al Reducido. En la zona baja, Acassuso y San Miguel están hoy en descenso en el Grupo A; Güemes y Chacarita ocupan esos lugares en el Grupo B. Los dos últimos de cada zona perderán la categoría.",https://www.tycsports.com/primera-nacional/primera-nacional-ascensos-descensos-definicion-id763982.html,https://media.tycsports.com/files/2026/10/02/992286/primera-nacional_416x234.webp,TyC Sports,https://www.tycsports.com/primera-nacional/primera-nacional-ascensos-descensos-definicion-id763982.html,https://x.com/SomosFerro/status/2104320745778094186,TyC Sports,ALTA,,OK,Quedan cinco fechas: los líderes jugarían la final y cuatro equipos perderían la categoría.,,FALSE,
SI,02/10/2026,09:24,SELECCIÓN ARGENTINA,LEONEL FLORES ROMPIÓ UN RÉCORD CON SU DEBUT EN LA SELECCIÓN,"Leonel Flores se convirtió en el futbolista que menos tiempo necesitó para debutar en la Selección Argentina después de estrenarse en la Primera de su club. El delantero de Boca ingresó ante Bolivia apenas 76 días después de su primera aparición oficial con el Xeneize.

El atacante de 19 años ya acumulaba 17 partidos entre el Torneo Clausura, la Copa Sudamericana y la Copa Argentina. Su registro quedó por delante de los tiempos que necesitaron otras figuras surgidas en el fútbol argentino, entre ellas Diego Maradona y Lionel Messi.",https://www.tycsports.com/seleccion-argentina/el-record-que-alcanzo-leonel-flores-con-su-debut-en-la-seleccion-argentina-id763969.html,https://media.tycsports.com/files/2026/10/02/992255/leonel-flores_416x234.webp?v=1,TyC Sports,https://www.tycsports.com/seleccion-argentina/el-record-que-alcanzo-leonel-flores-con-su-debut-en-la-seleccion-argentina-id763969.html,https://x.com/Argentina/status/2101366284768174308,TyC Sports,ALTA,,OK,El delantero de Boca llegó a la Mayor sólo 76 días después de debutar en Primera.,,FALSE,
SI,02/10/2026,07:52,AUTOMOVILISMO,SCALONI RECIBIÓ UN TRAJE DE TC Y UNA INVITACIÓN PARA SUBIRSE A UN AUTO,"Lionel Scaloni recibió en el predio de la AFA a Gastón Mazzacane y a Juan Antonio y Juan Bautista De Benedictis, referentes del automovilismo argentino. La visita se produjo después del triunfo de la Selección ante Bolivia y terminó con varios obsequios para el entrenador.

La ACTC le entregó un traje de competición personalizado con su nombre, el número 18 y un diseño inspirado en una camiseta histórica de Argentina. Scaloni, reconocido fanático del Turismo Carretera y de Ford, también recibió una invitación para vivir un fin de semana completo de la categoría y girar en pista.",https://www.tycsports.com/automovilismo/scaloni-se-junto-con-un-piloto-argentino-y-recibio-un-regalo-especial-se-sube-a-un-tc-id763883.html,https://media.tycsports.com/files/2026/10/01/992138/lionel-scaloni_416x234.webp,TyC Sports,https://www.tycsports.com/automovilismo/scaloni-se-junto-con-un-piloto-argentino-y-recibio-un-regalo-especial-se-sube-a-un-tc-id763883.html,https://x.com/Argentina/status/2101366284768174308,ACTC / TyC Sports,ALTA,,OK,El DT campeón del mundo recibió un traje personalizado y una invitación para vivir un fin de semana de Turismo Carretera.,,FALSE,
SI,02/10/2026,07:37,SELECCIÓN ARGENTINA,MESSI LLEGÓ AL PAÍS PARA SU DESPEDIDA DE LA SELECCIÓN,"Lionel Messi llegó a Rosario este viernes por la mañana en un vuelo privado junto a Antonela Roccuzzo, sus hijos y su madre, Celia. El capitán descansará en Funes y luego se sumará a la concentración de la Selección Argentina, después del partido del sábado ante Burkina Faso.

La llegada se adelantó respecto de lo previsto por Lionel Scaloni. Messi tendría un solo entrenamiento antes de su despedida con la camiseta albiceleste, programada para el martes 6 de octubre a las 20 frente a Benín en el Monumental, con entradas agotadas.",https://artear-tn-prod.web.arc-cdn.net/deportes/futbol/2026/10/02/lionel-messi-llego-a-la-argentina-para-su-partido-despedida-de-la-seleccion/,https://tn.com.ar/resizer/v2/lionel-messi-se-despedira-de-la-seleccion-argentina-ante-benin-foto-reuters-LSOUC6SQOFGAXKVRCONCXH4RZE.jpg?auth=49bd0c710457ce200386d282bb165b8a13355edfdf43921c94d7695f8f0b73a8&width=767,TN,https://artear-tn-prod.web.arc-cdn.net/deportes/futbol/2026/10/02/lionel-messi-llego-a-la-argentina-para-su-partido-despedida-de-la-seleccion/,https://x.com/Argentina/status/2101366284768174308,Reuters / TN,ALTA,,TEMPORAL,El capitán arribó a Rosario y se incorporará al plantel antes del amistoso con Benín.,,FALSE,
SI,02/10/2026,07:05,RIVER,RIVER ESPERA POR TRES REGRESOS CLAVE PARA LA RECTA FINAL,"River aguarda por la recuperación de Thiago Almada, Tobías Andrada y Aníbal Moreno para la recta final del Torneo Clausura. Andrada, que sufrió un traumatismo en el muslo derecho, podría volver el 10 de octubre ante Estudiantes de Río Cuarto en el Monumental.

Almada se recupera de un desgarro en el cuádriceps izquierdo y apunta al partido del 14 de octubre frente a Sarmiento, aunque no será arriesgado. La evolución de Aníbal Moreno sigue siendo incierta por una lumbalgia que le impide completar una semana de trabajo con el grupo. Juan Carlos Portillo, operado de ligamentos, recién sería esperado para la próxima pretemporada.",https://www.tycsports.com/river-plate/panorama-lesionados-river-cuando-podrian-volver-id763907.html,https://media.tycsports.com/files/2026/09/19/989351/thiago-almada_416x234.webp?v=1,TyC Sports,https://www.tycsports.com/river-plate/panorama-lesionados-river-cuando-podrian-volver-id763907.html,https://www.youtube.com/watch?v=LgYQQ6Uqj8Y,@Rodrigo Valle/Getty Images / TyC Sports,ALTA,,OK,"Andrada podría volver el 10 de octubre, Almada apunta al 14 y Moreno sigue condicionado por una lumbalgia.",,FALSE,
SI,02/10/2026,07:03,BOCA,BELMONTE AFUERA: TRES VOLANTES DE BOCA DEBERÁN DAR UN PASO AL FRENTE,"La lesión de Tomás Belmonte, quien sufrió una rotura de meniscos y se perderá la recta final de 2026, obliga a Boca a ampliar sus variantes en la mitad de la cancha. Camilo Rey Domenech volvió a ser convocado tras recuperarse de un desgarro, Williams Alarcón aparece como alternativa luego de su buen partido ante Central Córdoba y Rodrigo Battaglia se entrena a la par después de una extensa recuperación por una operación en el tendón de Aquiles.

El cuerpo técnico todavía administra los tiempos de Battaglia, que no juega oficialmente en 2026, mientras que Rey Domenech y Alarcón podrían ganar minutos en la rotación. Boca afrontará seis fechas del Clausura, las semifinales de la Copa Sudamericana ante Vasco da Gama y la semifinal de la Copa Argentina frente a Banfield.",https://www.tycsports.com/boca-juniors/tres-jugadores-de-boca-paso-al-frente-lesion-tomas-belmonte-id763874.html,https://media.tycsports.com/files/2026/10/01/992103/williams-alarcon_416x234.webp?v=1,TyC Sports,https://www.tycsports.com/boca-juniors/tres-jugadores-de-boca-paso-al-frente-lesion-tomas-belmonte-id763874.html,https://x.com/BocaJrsOficial/status/2043814339337932911,TyC Sports,ALTA,,OK,"Rey Domenech, Alarcón y Battaglia ganan protagonismo tras la lesión de Belmonte.",,FALSE,
SI,02/10/2026,06:15,FÓRMULA 1,COLAPINTO FUE ÚLTIMO EN LA FP2 PERO PRIORIZÓ EL RITMO DE CARRERA,"Franco Colapinto terminó 22° y último en la segunda práctica libre del Gran Premio de Bahréin disputado en Sepang. Marcó 1m43s391 y completó 31 vueltas, pero Alpine destinó toda la tanda al ritmo de carrera y el argentino no utilizó neumáticos blandos para buscar un tiempo de clasificación, condicionado por la penalización de 15 puestos que deberá cumplir el domingo.

Charles Leclerc lideró la FP2 con 1m37s528, seguido por Isack Hadjar y Lando Norris. Pierre Gasly, compañero de Colapinto, cerró el top 10. La sesión se disputó en seco y terminó con Auto de Seguridad Virtual por un problema técnico en el Audi de Gabriel Bortoleto.",https://lat.motorsport.com/f1/news/leclerc-lidera-fp2-bahrein-malasia-resultados-colapinto-checo-perez/10860921/,https://cdn.motorsport.com/images/mgl/YMXb7Nn2/s1000/franco-colapinto-alpine.jpg,Motorsport.com,https://lat.motorsport.com/f1/news/leclerc-lidera-fp2-bahrein-malasia-resultados-colapinto-checo-perez/10860921/,https://www.youtube.com/watch?v=56jF73GYgW4,Srinivasa Krishnan / Motorsport.com,ALTA,,OK,"El argentino quedó 22°, pero Alpine no buscó una vuelta rápida y concentró sus 31 giros en el ritmo de carrera.",,FALSE,
SI,02/10/2026,03:32,FÓRMULA 1,COLAPINTO FUE 19° EN LA FP1 Y RECIBIÓ 15 PUESTOS DE SANCIÓN,"Franco Colapinto terminó 19° en la primera práctica libre del Gran Premio de Baréin disputado en Sepang. El argentino perdió casi la mitad de la sesión por un problema en su Alpine y fue el último piloto en salir a pista. Max Verstappen marcó el mejor tiempo y Pierre Gasly, compañero de Franco, finalizó séptimo.

Además, la FIA le aplicó diez puestos de penalización por exceder el límite de motores de combustión interna. Esa sanción se suma a los cinco lugares que arrastraba por el accidente de Bakú, por lo que afrontará un total de 15 posiciones de castigo en la grilla. La segunda práctica comenzará este viernes a las 5:00 de Argentina.",https://www.reuters.com/sports/formula1/verstappen-sets-pace-opening-practice-sepang-2026-10-02/,https://media.bolavip.com/wp-content/uploads/sites/18/2026/10/02021617/Colapinto-Franco-Malasia-740x416.webp,Reuters / Bolavip,https://bolavip.com/ar/formula-1/colapinto-no-tuvo-un-buen-debut-en-sepang-resultado-de-la-practica-libre-1-del-gp-de-barein-en-malasia,https://www.youtube.com/watch?v=56jF73GYgW4,Getty Images / Bolavip,ALTA,,OK,"El argentino perdió casi media sesión, quedó 19° y acumulará 15 lugares de penalización en Sepang.",,FALSE,
SI,02/10/2026,01:15,INDEPENDIENTE,INDEPENDIENTE RECIBE AL LÍDER INSTITUTO CON DUDAS EN EL ONCE,"Independiente recibirá este viernes a Instituto desde las 19:15 en el estadio Libertadores de América-Ricardo Enrique Bochini, por la fecha 11 del Torneo Clausura. El Rojo acumula tres partidos sin perder y viene de vencer 2-1 a Unión; Nahuel Banegas se sumó esta semana al plantel y podría aparecer entre las variantes.

Instituto lidera la Zona A con 22 puntos, producto de siete triunfos, un empate y dos derrotas, pero no contará con Fernando Alarcón por cinco amarillas. En Independiente siguen abiertas las disputas Zabala-Martino, Ávila-Morales y Palais-Abaldo. Hernán Mastrángelo será el árbitro, José Carreras estará en el VAR y televisará ESPN Premium.",https://www.tycsports.com/liga-profesional-de-futbol/argentina-torneo-clausura-2026-independiente-vs-instituto-fecha-11-id763686.html,https://media.tycsports.com/files/2026/10/01/991948/independiente-vs-instituto_416x234.webp,TyC Sports,https://www.tycsports.com/liga-profesional-de-futbol/argentina-torneo-clausura-2026-independiente-vs-instituto-fecha-11-id763686.html,https://x.com/LigaAFA/status/2102102889191920044,TyC Sports,ALTA,,OK,El Rojo recibe al puntero de la Zona A este viernes a las 19:15 con varias dudas en la formación.,,FALSE,
SI,02/10/2026,00:04,FÚTBOL ARGENTINO,INDEPENDIENTE RIVADAVIA DEFIENDE LA PUNTA ANUAL ANTE GIMNASIA,"Independiente Rivadavia recibirá este viernes a Gimnasia y Esgrima La Plata desde las 21:30 en el estadio Bautista Gargantini, por la fecha 11 del Torneo Clausura. La Lepra mendocina lidera la tabla anual con 51 puntos, tres más que Vélez, y está tercera en la Zona B con 17 unidades.

Gimnasia también suma 17 puntos y ocupa el cuarto puesto de la zona por diferencia de gol. El partido será televisado por TNT Sports Premium, con arbitraje de Bryan Ferreyra y Lucas Novelli en el VAR.",https://www.tycsports.com/liga-profesional-de-futbol/argentina-torneo-clausura-2026-independiente-riv-m-vs-gimnasia-fecha-11-id763701.html,https://media.tycsports.com/files/2026/10/01/991947/independiente-rivadavia-vs-gimnasia_416x234.webp?v=1,TyC Sports,https://www.tycsports.com/liga-profesional-de-futbol/argentina-torneo-clausura-2026-independiente-riv-m-vs-gimnasia-fecha-11-id763701.html,https://www.youtube.com/watch?v=z9d9AyPFD8Y,TyC Sports,ALTA,,TEMPORAL,La Lepra mendocina recibe al Lobo este viernes a las 21:30 por la fecha 11.,,FALSE,
SI,02/10/2026,00:03,FÚTBOL INTERNACIONAL,FRANCIA–ITALIA Y BÉLGICA–TURQUÍA ABREN LA JORNADA DE LA NATIONS LEAGUE,"La Nations League 2026/27 continúa este viernes con dos partidos de la Liga A. Francia recibirá a Italia en el Stade de France, mientras que Bélgica será local ante Turquía en el Stade Maurice Dufrasne.

Ambos encuentros comenzarán a las 15:45 de Argentina. Francia–Italia será televisado por ESPN y Bélgica–Turquía estará disponible por Disney+ Premium.",https://www.tycsports.com/uefa-nations-league/partidos-de-la-nations-league-de-hoy-viernes-2-de-octubre-hora-donde-ver-en-vivo-y-resultados-id763768.html,https://media.tycsports.com/files/2026/09/28/991377/olise_416x234.webp?v=1,TyC Sports,https://www.tycsports.com/uefa-nations-league/partidos-de-la-nations-league-de-hoy-viernes-2-de-octubre-hora-donde-ver-en-vivo-y-resultados-id763768.html,https://www.youtube.com/watch?v=K2gUPwRtotM,@equipedefrance / TyC Sports,ALTA,,TEMPORAL,Los dos partidos de la Liga A se jugarán este viernes a las 15:45 de Argentina.,,FALSE,
SI,01/10/2026,23:57,RACING,RACING PUSO TRES CONDICIONES PARA LIBERAR A MARCOS ROJO A ESTUDIANTES,"Racing flexibilizó su postura y aceptaría negociar la salida de Marcos Rojo, quien sigue sin entrenarse y pretende regresar a Estudiantes. La dirigencia encabezada por Diego Milito exige que el Pincha compense económicamente los tres meses de contrato restantes, asuma la deuda salarial con el defensor y pague un bonus importante por cada partido que dispute en la Copa Libertadores.

La oferta ya estaría en manos de Estudiantes, que debe responder y necesita cerrar una incorporación antes del 9 de octubre para la semifinal continental. Rojo mantiene su decisión de no volver al plantel de Racing mientras su representante espera una respuesta definitiva.",https://www.tycsports.com/racing-club/las-condiciones-que-le-puso-racing-a-estudiantes-para-liberar-a-marcos-rojo-id763849.html,https://media.tycsports.com/files/2026/10/01/992071/marcos-rojo_416x234.webp,TyC Sports,https://www.tycsports.com/racing-club/las-condiciones-que-le-puso-racing-a-estudiantes-para-liberar-a-marcos-rojo-id763849.html,https://www.youtube.com/watch?v=SWnIsRL6RwU,Fotobaires / TyC Sports,ALTA,,OK,"La Academia pide resarcimiento, asumir la deuda salarial y un bonus por cada partido de Libertadores.",,FALSE,
SI,01/10/2026,23:40,BOCA,BOCA PODRÍA LIBERAR DOS CUPOS INTERNACIONALES SI GANA LA COPA ARGENTINA,"La eliminación de Estudiantes ante Platense dejó a Boca como el único semifinalista de la Copa Argentina que puede liberar lugares en las copas internacionales mediante la tabla anual. El Xeneize está tercero y hoy obtiene su boleto a la Libertadores 2027 por esa vía; si además conquista el torneo federal, abrirá un cupo adicional para la Libertadores y otro para la Sudamericana.

Argentinos, Rosario Central, Instituto, Gimnasia, River y Belgrano están actualmente en zona de Sudamericana, mientras que Estudiantes, Independiente, Lanús y Huracán aparecen entre los principales perseguidores. Boca enfrentará a Banfield en semifinales; Platense jugará contra Atlético Tucumán.",https://www.tycsports.com/copa-argentina/por-que-muchos-equipos-van-a-hinchar-por-boca-en-la-copa-argentina-id763925.html,https://statics.eleconomista.com.ar/2025/12/crop/692dd247114be__950x512.webp?v=1771854929,TyC Sports,https://www.tycsports.com/copa-argentina/por-que-muchos-equipos-van-a-hinchar-por-boca-en-la-copa-argentina-id763925.html,https://x.com/BocaJrsOficial/status/2043814339337932911,Archivo / El Economista,ALTA,,TEMPORAL,La clasificación de Platense dejó al Xeneize como el único semifinalista capaz de ampliar los cupos por tabla anual.,,FALSE,
SI,01/10/2026,23:05,FÚTBOL INTERNACIONAL,UN AMIGO DE CRISTIANO REVELÓ LA PROMESA QUE HABRÍA ROTO JORGE JESÚS,"Edu Aguirre, periodista de El Chiringuito y amigo cercano de Cristiano Ronaldo, aseguró que el delantero abandonó la concentración de Portugal porque se sintió traicionado por Jorge Jesús. Según su relato, el entrenador le pidió disculpas en privado por hacerlo entrar en calor durante 30 minutos sin utilizarlo y prometió repetirlas públicamente.

Aguirre sostuvo que el técnico luego eligió remarcar ante la prensa que tenía el control del vestuario, en lugar de cumplir ese compromiso. Esa versión agrega un motivo concreto y una nueva dimensión al conflicto que ya había sido explicado públicamente por Jorge Jesús.",https://www.tycsports.com/futbol-internacional/traicion-un-intimo-amigo-de-cristiano-ronaldo-revelo-el-motivo-detras-del-escandalo-id763902.html,https://tn.com.ar/resizer/v2/el-amigo-de-cristiano-ronaldo-senalo-que-el-jugador-se-siente-traicionado-por-el-dt-jorge-jesus-reuters-G7HYAE234JLXT2H54FTPDGKPPU.jpg?auth=385429e6a67da4042d4d23150677342442e02e66c1c0dd6bef0ca677ebc6f8ee&width=767,TyC Sports,https://www.tycsports.com/futbol-internacional/traicion-un-intimo-amigo-de-cristiano-ronaldo-revelo-el-motivo-detras-del-escandalo-id763902.html,https://x.com/TeamCRonaldo/status/2035132446644076773,Reuters / TN,ALTA,,OK,Edu Aguirre afirmó que el portugués se sintió traicionado por una disculpa pública que nunca llegó.,,FALSE,
SI,01/10/2026,23:04,FÚTBOL ARGENTINO,PLATENSE VENCIÓ A ESTUDIANTES Y ES SEMIFINALISTA DE LA COPA ARGENTINA,"Platense venció 1-0 a Estudiantes en el estadio Norberto Tomaghello y se clasificó a las semifinales de la Copa Argentina. Gonzalo Lencina, que había ingresado desde el banco, marcó de cabeza a los 83 minutos el único gol de un partido cerrado que parecía encaminarse a los penales.

La clasificación confirma la actualización del gol publicada minutos antes. El equipo de Martín Palermo enfrentará a Atlético Tucumán por un lugar en la final; la otra semifinal será Boca contra Banfield.",https://www.tycsports.com/copa-argentina/argentina-copa-argentina-2026-platense-vs-estudiantes-llave-4-id763556.html,https://media.tycsports.com/files/2026/10/01/992185/platense-1-0-estudiantes-lp-copa-argentina-2026-cuartos-de-final_416x234.webp,TyC Sports,https://www.tycsports.com/copa-argentina/argentina-copa-argentina-2026-platense-vs-estudiantes-llave-4-id763556.html,https://x.com/TyCSports/status/2105840952367571338,Fotobaires / TyC Sports,ALTA,,OK,El Calamar ganó 1-0 con gol de Lencina y jugará la semifinal ante Atlético Tucumán.,,FALSE,
SI,01/10/2026,23:00,SELECCIÓN ARGENTINA,DIBU MARTÍNEZ POSTULÓ A NICO PAZ PARA HEREDAR LA 10 DE MESSI,"Emiliano Martínez sorprendió en las redes al comentar “¿Nuevo número 10?” en una publicación de Nico Paz después de su actuación con la Selección Argentina. El mensaje del arquero campeón del mundo se sumó al debate sobre quién heredará la camiseta de Lionel Messi.

Lionel Scaloni había señalado que la definición sobre el futuro dueño de la 10 se tomaría después de la despedida de Messi. La intervención del Dibu aporta un respaldo público y novedoso a Paz dentro de una discusión que ya venía instalada.",https://www.tycsports.com/seleccion-argentina/nuevo-numero-10-el-comentario-de-dibu-martinez-que-sorprendio-en-las-redes-id763916.html,https://www.lanacion.com.ar/resizer/v2/emiliano-dibu-martinez-seria-uno-de-los-pocos-IXBSAAICUNATTGS7XY33OL5DWI.JPG?auth=7ca75fe4d6c9cdc1953d5e6b4cda20eb7f8b3f229b45dc3850eab2d2aa2fc916&height=800&quality=70&smart=true&width=1200,TyC Sports,https://www.tycsports.com/seleccion-argentina/nuevo-numero-10-el-comentario-de-dibu-martinez-que-sorprendio-en-las-redes-id763916.html,https://x.com/Argentina/status/2101366284768174308,Archivo / LA NACION,ALTA,,TEMPORAL,El arquero comentó “¿Nuevo número 10?” en un posteo de Nico Paz y encendió el debate.,EMBED EXACTO PRIORITARIO,FALSE,
SI,01/10/2026,22:52,FÚTBOL ARGENTINO,LENCINA PUSO A PLATENSE 1-0 ANTE ESTUDIANTES EN EL CIERRE DEL PARTIDO,"Platense encontró la ventaja ante Estudiantes a los 37 minutos del segundo tiempo por los cuartos de final de la Copa Argentina. Gonzalo Lencina, que había ingresado apenas dos minutos antes, apareció solo en el área y conectó de cabeza un centro de Tomás Silva para vencer a Fernando Muslera.

El gol dejó al Calamar 1-0 arriba en Florencio Varela en el tramo decisivo del encuentro que define al último semifinalista. Hasta ese momento había sido un partido cerrado, con pocas situaciones claras y mayor insistencia de Platense.",https://www.tycsports.com/copa-argentina/argentina-copa-argentina-2026-platense-vs-estudiantes-llave-4-id763556.html,https://media.tycsports.com/files/2026/10/01/992153/estudiantes-vs-platense_416x234.webp?v=2,TyC Sports,https://www.tycsports.com/copa-argentina/argentina-copa-argentina-2026-platense-vs-estudiantes-llave-4-id763556.html,https://x.com/TyCSports/status/2105840952367571338,Fotobaires / TyC Sports,ALTA,,OK,Gonzalo Lencina entró desde el banco y marcó de cabeza el 1-0 de Platense sobre Estudiantes en el cierre.,EMBED EXACTO PRIORITARIO,FALSE,
SI,01/10/2026,21:25,INDEPENDIENTE,BOCHINI APOYARÁ A GAUDIO EN LAS ELECCIONES DE INDEPENDIENTE,"Ricardo Bochini confirmó que acompañará a Gastón Gaudio en las elecciones presidenciales de Independiente previstas para el 13 de diciembre. El máximo ídolo del Rojo explicó que conversó con distintas agrupaciones antes de decidirse y definió al extenista como una persona sincera y honesta.

Bochini sostuvo que quiere volver a colaborar en el área de fútbol junto con otras glorias del club. También destacó el proyecto de patrocinio que impulsa Gaudio, al que presentó como un acuerdo publicitario de gran magnitud para la institución.",https://www.tycsports.com/independiente/bochini-confirmo-que-estara-con-gaudio-en-las-elecciones-de-independiente-id763901.html,https://media.tycsports.com/files/2024/03/12/689296/bochini-independiente_1440x810.webp,TyC Sports,https://www.tycsports.com/independiente/bochini-confirmo-que-estara-con-gaudio-en-las-elecciones-de-independiente-id763901.html,https://x.com/TNTSportsAR/status/2100342265524748692,TyC Sports,ALTA,,TEMPORAL,El Bocha oficializó su apoyo a Gaudio y se sumará al proyecto electoral del Rojo.,,FALSE,
SI,01/10/2026,20:25,FÚTBOL ARGENTINO,AFA SUSPENDIÓ PROVISORIAMENTE A SÁNDEZ E IACOVICH POR CENTRAL-ESTUDIANTES,"El Tribunal de Disciplina de la AFA tomó su primera medida por los graves incidentes posteriores a la final de la Supercopa Internacional entre Rosario Central y Estudiantes. Agustín Sández, del Canalla, y Fabricio Iacovich, del Pincha, fueron suspendidos provisionalmente y quedaron habilitados para presentar sus descargos.

Los dos clubes disponen de cinco días para responder. Además, el Tribunal pidió al delegado de la Liga Profesional un informe específico sobre los enfrentamientos en los vestuarios, episodios que no habían sido incluidos por Darío Herrera en su informe arbitral.",https://www.tycsports.com/liga-profesional-de-futbol/supercopa-internacional-estudiantes-rosario-central-primera-decision-tribunal-de-disciplina-id763891.html,https://media.tycsports.com/files/2026/10/01/992130/estudiantes-vs-central_1440x810.webp?v=1,TyC Sports,https://www.tycsports.com/liga-profesional-de-futbol/supercopa-internacional-estudiantes-rosario-central-primera-decision-tribunal-de-disciplina-id763891.html,https://www.youtube.com/watch?v=LNvUr1puc_U,TyC Sports,ALTA,,OK,El Tribunal suspendió provisionalmente a Sández e Iacovich y pidió un informe sobre los incidentes en los vestuarios.,,FALSE,
SI,01/10/2026,20:08,BOCA,RIQUELME LES PIDIÓ A LOS FORMADORES DE BOCA PRIORIZAR JUGADORES SOBRE RESULTADOS,"Mariano Herrón, Blas Giunta y Diego Soñora revelaron detalles del trabajo en las inferiores de Boca y el objetivo que les fijó Juan Román Riquelme: formar futbolistas por encima de ganar campeonatos juveniles. Soñora explicó que el presidente remarcó esa prioridad desde el comienzo del proyecto.

Los entrenadores destacaron la infraestructura y la asistencia diaria para cerca de 300 chicos en el predio de Ezeiza. Desde 2019 debutaron 51 juveniles, entre ellos Tomás Aranda, Leonel Flores y Facundo Herrera, hoy asentados en Primera.",https://www.tycsports.com/boca-juniors/entrenadores-boca-predio-revelaron-secretos-que-les-pidio-riquelme-id763890.html,https://media.tycsports.com/files/2026/10/01/992126/riquelme-y-herron_1440x810.webp,TyC Sports,https://www.tycsports.com/boca-juniors/entrenadores-boca-predio-revelaron-secretos-que-les-pidio-riquelme-id763890.html,https://x.com/BocaJrsOficial/status/2043814339337932911,TyC Sports,ALTA,,OK,Los responsables de Boca Predio contaron que Riquelme les exigió priorizar la formación de jugadores por encima de los resultados.,,FALSE,
SI,01/10/2026,20:06,FÓRMULA 1,GASLY ACEPTÓ LAS DISCULPAS DE COLAPINTO Y PIDIÓ UNIDAD EN ALPINE,"Pierre Gasly dio por superado el choque con Franco Colapinto en el Gran Premio de Azerbaiyán. El francés confirmó que el argentino se acercó a disculparse, calificó la maniobra como un error lamentable y explicó que, después de la frustración inicial, ambos volvieron a alinearse como equipo. “Está todo bien”, resumió Gasly, quien remarcó que Alpine necesita a sus dos pilotos para pelear el quinto puesto del campeonato y también de cara a la próxima temporada. Colapinto volverá a pista este viernes 2 de octubre en el Gran Premio de Baréin y deberá cumplir una penalización de cinco puestos en la grilla.",https://www.tntsports.com.ar/formula-1/nos-necesitamos-para-terminar-quintos-el-ano-la-frase-de-un-piloto-sobre-colapinto-20261001-0020.html,https://assets.tntsports.com.ar/__export/1790898842533/sites/tntsports/img/2026/10/01/gyrassqxcaananb.jpeg_1232058964.jpeg,TNT Sports Argentina,https://www.tntsports.com.ar/formula-1/nos-necesitamos-para-terminar-quintos-el-ano-la-frase-de-un-piloto-sobre-colapinto-20261001-0020.html,https://www.instagram.com/p/Dd-C10ADKM2/,@FranColapinto / TNT Sports Argentina,ALTA,,OK,Gasly dejó atrás el choque con Colapinto y destacó que Alpine necesita a sus dos pilotos para cumplir sus objetivos.,,FALSE,
SI,01/10/2026,18:30,RIVER,RIVER EVALÚA A BONO Y AGUSTÍN ROSSI ANTE UNA POSIBLE SALIDA DE BELTRÁN,"River comenzó a anticiparse a una posible venta de Santiago Beltrán, seguido por clubes europeos después de afirmarse en el arco y debutar en la Selección Argentina. Mientras negocia extender su contrato hasta diciembre de 2030 y elevar la cláusula, la dirigencia ya tiene en carpeta a Yassine Bono y Agustín Rossi como alternativas.

El club solo evaluaría una salida de Beltrán por una oferta de al menos 15 millones de dólares. Bono, hincha confeso de River, tiene contrato con Al-Hilal hasta julio de 2028; Rossi es figura de Flamengo y su vínculo vence a fines de 2027, una situación que podría facilitar una negociación.",https://www.tycsports.com/river-plate/river-buscaria-rossi-bono-posible-partida-santiago-beltran-europa-id763869.html,https://media.tycsports.com/files/2026/08/22/980751/santiago-beltran_1440x810.webp,TyC Sports,https://www.tycsports.com/river-plate/river-buscaria-rossi-bono-posible-partida-santiago-beltran-europa-id763869.html,https://www.youtube.com/watch?v=LgYQQ6Uqj8Y,TyC Sports,ALTA,,OK,River negocia renovar a Beltrán y ya analiza a Bono y Rossi como posibles reemplazantes.,,FALSE,
SI,01/10/2026,17:58,FÚTBOL INTERNACIONAL,REAL MADRID PRESENTÓ NUEVOS DOCUMENTOS ANTE UEFA POR EL CASO NEGREIRA,"El caso Negreira sumó un nuevo capítulo: Real Madrid entregó a la UEFA nueva documentación sobre los pagos que Barcelona realizó al exvicepresidente del comité de árbitros español entre 2001 y 2018. El club merengue pidió que se acelere la investigación y sostuvo que las pruebas afectan la integridad de la competencia.

La UEFA confirmó que sus inspectores de Ética y Disciplina recibieron el material y lo evaluarán dentro de la revisión en curso. Según la información publicada en España, la presentación incluiría unas 50.000 páginas con documentos y testimonios; Barcelona respondió mientras continúa el proceso.",https://www.tycsports.com/espana/la-liga/escandalo-espana-caso-negreira-real-madrid-uefa-documentos-barcelona-id763859.html,https://media.tycsports.com/files/2026/10/01/992088/florentino-perez-y-joan-laporta_416x234.webp,TyC Sports,https://www.tycsports.com/espana/la-liga/escandalo-espana-caso-negreira-real-madrid-uefa-documentos-barcelona-id763859.html,https://x.com/MadridSports_/status/2060708806758387788,NurPhoto / TyC Sports,ALTA,,OK,Real Madrid llevó nuevos documentos a la UEFA y reclamó acelerar el caso Negreira.,,FALSE,
SI,01/10/2026,17:21,SELECCIÓN ARGENTINA,SCALONI PERFILA LA FORMACIÓN DE ARGENTINA PARA ENFRENTAR A BURKINA FASO,"Lionel Scaloni prepara la formación de la Selección Argentina para el amistoso del sábado a las 21 ante Burkina Faso en el Monumental. El entrenador mantendría la base del equipo que goleó 4-0 a Bolivia, aunque evalúa cambios en defensa y el mediocampo para probar alternativas.

Román Vega compite con Facundo Medina por el lateral izquierdo; Gianluca Prestianni podría dejar su lugar a Matías Soulé o Valentín Barco, mientras Franco Mastantuono pelea por ingresar por Nicolás Paz. Julián Álvarez y Lautaro Martínez continuarían como dupla de ataque.",https://www.tycsports.com/seleccion-argentina/la-formacion-de-la-seleccion-argentina-vs-burkina-faso-id763806.html,https://media.tycsports.com/files/2025/09/03/879113/placa-scaloni-formacion-argentina_416x234.webp,TyC Sports,https://www.tycsports.com/seleccion-argentina/la-formacion-de-la-seleccion-argentina-vs-burkina-faso-id763806.html,https://x.com/Argentina/status/2101366284768174308,TyC Sports,ALTA,,OK,Scaloni evalúa cambios en tres sectores para el amistoso ante Burkina Faso.,,FALSE,
SI,01/10/2026,17:06,FÚTBOL INTERNACIONAL,JORGE JESÚS ROMPIÓ EL SILENCIO TRAS LA SALIDA DE CRISTIANO DE PORTUGAL,"Jorge Jesús habló por primera vez después de que Cristiano Ronaldo abandonara la concentración de Portugal. El entrenador aseguró que está tranquilo con su decisión futbolística, negó haber provocado la salida del delantero y afirmó que retomará públicamente el conflicto después del partido contra Noruega.

El técnico sostuvo que Cristiano está bien físicamente y remarcó que nadie puede discutir lo que representa para la selección. El delantero, suplente y sin minutos ante Noruega, había anticipado que contará su versión sobre los motivos de su salida.",https://www.tycsports.com/uefa-nations-league/jorge-jesus-desafiante-salida-cristiano-portugal-id763858.html,https://media.tycsports.com/files/2026/09/28/991282/jorge-jesus_416x234.webp?v=1,TyC Sports,https://www.tycsports.com/uefa-nations-league/jorge-jesus-desafiante-salida-cristiano-portugal-id763858.html,https://x.com/selecaoportugal/status/2100913877282132383,TyC Sports,ALTA,,OK,Jorge Jesús negó haber provocado la salida de Cristiano y prometió volver a hablar tras la fecha FIFA.,,FALSE,
SI,01/10/2026,16:59,RIVER,RIVER BLINDÓ A DOS JUVENILES CON SU PRIMER CONTRATO PROFESIONAL,"River firmó los primeros contratos profesionales de Román Fernández y Cirilo Pereyra, ambos categoría 2008 e integrantes de la Reserva. Los dos quedaron vinculados con el club hasta diciembre de 2028 en una decisión destinada a asegurar la continuidad de dos proyectos de las inferiores.

Fernández es volante ofensivo y ya suma experiencia en la categoría; Pereyra es zurdo y puede actuar como defensor central o lateral izquierdo. El zaguero llegó desde Newell's en 2023 y acumuló 17 partidos y un gol en Reserva.",https://www.tycsports.com/river-plate/roman-fernandez-cirilo-pereyra-primer-contrato-profesional-river-id763853.html,https://media.tycsports.com/files/2026/10/01/992076/roman-fernandez_416x234.webp,TyC Sports,https://www.tycsports.com/river-plate/roman-fernandez-cirilo-pereyra-primer-contrato-profesional-river-id763853.html,https://x.com/HisDeInferiores/status/2105711615836340639,Prensa River Plate / TyC Sports,MEDIA,,OK,Román Fernández firmó su primer contrato profesional con River hasta diciembre de 2028.,,FALSE,
SI,01/10/2026,16:08,FÚTBOL ARGENTINO,DOMÍNGUEZ ÁVILA VOLVIÓ A ESTUDIANTES EN MEDIO DE LA POLÉMICA POR ROSARIO CENTRAL,"Franco Domínguez Ávila regresó al Country de City Bell después de la controversia por una foto junto a su hermano Gastón durante los festejos de Rosario Central. El juvenil de Estudiantes observó de civil el triunfo 2-0 de la Reserva ante Defensa y Justicia, mientras el club analiza si aplicará una sanción.

La situación sumó otro capítulo cuando Gastón Ávila apareció en la celebración del Canalla con una remera contra Juan Sebastián Verón. Estudiantes todavía no comunicó una medida oficial, pero el episodio generó fuerte malestar interno y entre los hinchas.",https://www.tycsports.com/liga-profesional-de-futbol/polemica-estudiantes-franco-dominguez-avila-y-su-hermano-id763848.html,https://media.tycsports.com/files/2026/10/01/992066/franco_416x234.webp?v=1,TyC Sports,https://www.tycsports.com/liga-profesional-de-futbol/polemica-estudiantes-franco-dominguez-avila-y-su-hermano-id763848.html,https://www.youtube.com/watch?v=LNvUr1puc_U,TyC Sports,MEDIA,,OK,Franco Domínguez Ávila volvió al predio de Estudiantes tras la foto polémica.,EMBED EXACTO PRIORITARIO,FALSE,
SI,01/10/2026,16:06,INDEPENDIENTE,BANEGAS FUE PRESENTADO EN INDEPENDIENTE Y PODRÍA DEBUTAR ANTE INSTITUTO,"Independiente oficializó a Nahuel Banegas como último refuerzo del mercado de pases. El lateral izquierdo llegó a préstamo desde Tigre hasta diciembre de 2027, ya se entrenó con el plantel y aseguró que no dudó cuando apareció la posibilidad de jugar en el Rojo.

Banegas usará la camiseta número 5 y podría debutar este viernes a las 19.15 contra Instituto en Avellaneda. Su ingreso desde el inicio gana posibilidades porque Facundo Zabala arrastra una pequeña fractura en el dedo gordo del pie; la otra alternativa es Ramiro Martino.",https://www.tycsports.com/independiente/nahuel-banegas-fue-presentado-y-hablo-como-refuerzo-de-independiente-id763812.html,https://media.tycsports.com/files/2026/10/01/992026/nahuel-banegas_416x234.webp?v=1,TyC Sports,https://www.tycsports.com/independiente/nahuel-banegas-fue-presentado-y-hablo-como-refuerzo-de-independiente-id763812.html,https://www.youtube.com/watch?v=XNwCa8gv7LI,Prensa Independiente / TyC Sports,ALTA,,OK,Nahuel Banegas fue presentado como nuevo refuerzo de Independiente.,,FALSE,
SI,01/10/2026,15:57,RACING,RACING LE PUSO CONDICIONES A ESTUDIANTES PARA LIBERAR A MARCOS ROJO,"Racing aceptaría negociar la salida de Marcos Rojo, quien dejó de entrenarse con el plantel y busca regresar a Estudiantes para disputar la semifinal de la Copa Libertadores. La dirigencia que encabeza Diego Milito flexibilizó su postura, aunque fijó requisitos económicos para abrirle la puerta.

Estudiantes debería resarcir a Racing por los tres meses de contrato restantes, asumir la deuda salarial con el defensor y pagar un bonus por cada partido que dispute en la Libertadores. Rojo, mientras tanto, mantiene su decisión de no reincorporarse hasta que avance la negociación.",https://www.tycsports.com/racing-club/las-condiciones-que-le-puso-racing-a-estudiantes-para-liberar-a-marcos-rojo-id763849.html,https://media.tycsports.com/files/2026/10/01/992071/marcos-rojo_416x234.webp,TyC Sports,https://www.tycsports.com/racing-club/las-condiciones-que-le-puso-racing-a-estudiantes-para-liberar-a-marcos-rojo-id763849.html,https://x.com/DSportsAR/status/2015240549209411596,Fotobaires / TyC Sports,ALTA,,OK,Marcos Rojo presiona para salir de Racing y regresar a Estudiantes.,,FALSE,
SI,01/10/2026,15:49,SELECCIÓN ARGENTINA,LA SELECCIÓN VOLVIÓ A ENTRENARSE Y YA PREPARA EL PARTIDO CON BURKINA FASO,"La Selección Argentina regresó a Buenos Aires después del 4-0 ante Bolivia y retomó los entrenamientos en el Predio Lionel Andrés Messi. Lionel Scaloni comenzó a preparar el amistoso del sábado a las 21 frente a Burkina Faso en el Monumental.

El plantel terminó el último partido sin lesionados y trabajó con todos sus convocados, salvo Leonel Flores, liberado para reincorporarse a Boca. El martes a las 20 la Albiceleste también enfrentará a Benín en el estadio de River.",https://www.tycsports.com/seleccion-argentina/entrenamiento-seleccion-argentina-burkina-faso-id763847.html,https://media.tycsports.com/files/2026/09/29/991563/seleccion-argentina_416x234.webp,TyC Sports,https://www.tycsports.com/seleccion-argentina/entrenamiento-seleccion-argentina-burkina-faso-id763847.html,https://x.com/Argentina/status/2101366284768174308,Prensa AFA / TyC Sports,ALTA,,OK,La Selección Argentina retomó los entrenamientos tras la goleada ante Bolivia.,,FALSE,
SI,01/10/2026,15:22,ARGENTINOS EN EL EXTERIOR,MESSI COMPRÓ AL ELDENSE Y SE CONVIRTIÓ EN DUEÑO DE UN CLUB ESPAÑOL,"Lionel Messi se convirtió en el nuevo propietario del Club Deportivo Eldense, recientemente ascendido a la Segunda División de España. La institución anunció oficialmente la operación y señaló que inicia un proyecto de largo plazo para impulsar su crecimiento deportivo, institucional y social.

La transacción todavía debe recibir la autorización del Consejo Superior de Deportes. La compra amplía la participación empresarial de Messi en el fútbol, donde ya está vinculado con Cornellà, Leones de Rosario, Deportivo LSM e Inter Miami.",https://www.tycsports.com/espana/la-liga/lionel-messi-compro-eldense-segunda-division-espana-id763843.html,https://media.tycsports.com/files/2026/10/01/992062/eldense_416x234.webp,TyC Sports,https://www.tycsports.com/espana/la-liga/lionel-messi-compro-eldense-segunda-division-espana-id763843.html,https://www.youtube.com/watch?v=YxVjP3XwYfA,TyC Sports,ALTA,,OK,Lionel Messi se convirtió en el nuevo propietario del Club Deportivo Eldense.,,FALSE,
SI,01/10/2026,15:03,BOCA,SE FILTRÓ LA IMAGEN DEL PROYECTO DE RIQUELME PARA AMPLIAR LA BOMBONERA,"Boca presentó a grupos de socios avances del Master Plan impulsado por Juan Román Riquelme para remodelar la Bombonera. El proyecto contempla una cuarta bandeja, la transformación de tribunas y palcos, un techo y una pantalla LED de 360 grados.

La obra buscaría elevar la capacidad del estadio desde unos 57.000 espectadores a más de 80.000. El club ya obtuvo aprobaciones de la CNRT y Ferrosur para convivir con el paso del tren, aunque todavía necesita autorizaciones urbanísticas antes de comenzar.",https://www.tycsports.com/boca-juniors/boca-filtracion-imagen-proyecto-bombonera-riquelme-id763813.html,https://media.tycsports.com/files/2026/10/01/992029/el-proyecto-bombonera-que-riquelme-presento-ante-socios-y-periodistas_416x234.webp?v=1,TyC Sports,https://www.tycsports.com/boca-juniors/boca-filtracion-imagen-proyecto-bombonera-riquelme-id763813.html,https://x.com/futbolanal/status/2033210744557215983,Planeta Boca / TyC Sports,ALTA,,OK,El proyecto de ampliación de la Bombonera presentado por la dirigencia de Boca.,,FALSE,
SI,01/10/2026,14:52,BOCA,BELMONTE SE ROMPIÓ LOS MENISCOS Y BOCA LO PIERDE HASTA 2027,"Tomás Belmonte sufrió una rotura de meniscos durante un entrenamiento de Boca y deberá ser operado. El mediocampista chocó con un compañero, completó la práctica, pero el dolor persistió y los estudios confirmaron la lesión.

La recuperación lo dejará afuera durante el resto de 2026. Si la evolución es normal, podrá comenzar la próxima pretemporada, mientras Rodolfo Arruabarrena recupera a Rodrigo Battaglia como alternativa para el mediocampo.",https://www.tycsports.com/boca-juniors/boca-ausencia-lista-de-convocados-tomas-belmonte-golpe-rodilla-estudios-id763822.html,https://media.tycsports.com/files/2026/10/01/992039/belmonte-se-realiza-estudios-en-una-de-sus-rodillas-y-no-estara-ante-union_416x234.webp?v=1,TyC Sports,https://www.tycsports.com/boca-juniors/boca-ausencia-lista-de-convocados-tomas-belmonte-golpe-rodilla-estudios-id763822.html,https://x.com/BocaJrsOficial/status/2043814339337932911,TyC Sports,ALTA,,OK,Tomás Belmonte sufrió una rotura de meniscos y deberá ser operado.,,FALSE,
SI,01/10/2026,14:28,FÚTBOL INTERNACIONAL,PORTUGAL PERDIÓ MÁS DE 700 MIL SEGUIDORES TRAS LA SALIDA DE CRISTIANO,"La cuenta oficial de la selección de Portugal en Instagram perdió más de 700.000 seguidores en poco más de 24 horas después de conocerse la salida de Cristiano Ronaldo de la concentración. El perfil pasó de aproximadamente 24,9 a 24,2 millones de seguidores.

El impacto digital se produjo en medio del conflicto entre el delantero y el entrenador Jorge Jesus. Elma Aveiro, hermana de Cristiano, replicó la noticia en sus historias y volvió a defender públicamente al capitán portugués.",https://www.tycsports.com/futbol-internacional/portugal-perdio-mas-de-700-mil-seguidores--id763820.html,https://media.tycsports.com/files/2026/10/01/992008/posteo-hermana-cristiano_416x555.webp,TyC Sports,https://www.tycsports.com/futbol-internacional/portugal-perdio-mas-de-700-mil-seguidores--id763820.html,https://x.com/TeamCRonaldo/status/2035132446644076773,Instagram Elma Aveiro / TyC Sports,MEDIA,,TEMPORAL,Elma Aveiro reaccionó a la caída de seguidores de la cuenta oficial de Portugal.,EMBED EXACTO PRIORITARIO,FALSE,
SI,01/10/2026,14:18,RIVER,RIVER TIENE DOS CAMINOS PARA ENTRAR A LA LIBERTADORES 2027,"River afronta las últimas seis fechas del Clausura con dos vías para clasificarse a la Copa Libertadores 2027. La primera es consagrarse campeón del torneo; la segunda, escalar en la tabla anual y aprovechar una eventual liberación de cupos.

El equipo de Leonardo Ponzio está octavo en su zona y también octavo en la acumulada. Se encuentra a cinco puntos de Boca, hoy tercero, con 18 unidades todavía en juego, pero también debe superar a Argentinos, Rosario Central, Instituto y Gimnasia.",https://www.tycsports.com/river-plate/river-fin-de-ano-objetivos-torneo-clausura-tabla-anual-clasificacion-copa-sudamericana-libertadores-id763795.html,https://media.tycsports.com/files/2026/10/01/992005/river_416x234.webp?v=1,TyC Sports,https://www.tycsports.com/river-plate/river-fin-de-ano-objetivos-torneo-clausura-tabla-anual-clasificacion-copa-sudamericana-libertadores-id763795.html,https://www.youtube.com/watch?v=LgYQQ6Uqj8Y,Fotobaires / TyC Sports,MEDIA,,OK,River necesita remontar en el Clausura o en la tabla anual para jugar la Libertadores 2027.,,FALSE,
SI,01/10/2026,13:55,RACING,MARCOS ROJO FALTÓ POR SEGUNDO DÍA Y RACING ANALIZA SANCIONARLO,"Marcos Rojo no se presentó por segundo día consecutivo al entrenamiento de Racing y profundizó el conflicto por su intención de pasar a Estudiantes. La dirigencia considera al defensor una pieza importante y hasta el momento se negó a abrir una negociación con el club platense.

Racing analiza aplicarle una sanción por las ausencias, que no estarían relacionadas con la lesión en la rodilla que arrastra. Estudiantes necesita alcanzar un acuerdo antes del 9 de octubre para poder incorporarlo a su lista de la Copa Libertadores.",https://www.tycsports.com/racing-club/rojo-racing-entrenamiento-estudiantes-id763793.html,https://media.tycsports.com/files/2026/09/29/991580/diego-milito-y-marcos-rojo_w862.webp,TyC Sports,https://www.tycsports.com/racing-club/rojo-racing-entrenamiento-estudiantes-id763793.html,https://x.com/DSportsAR/status/2015240549209411596,TyC Sports,ALTA,,TEMPORAL,"Diego Milito y Marcos Rojo, en medio del conflicto por la posible salida del defensor.",,FALSE,
SI,01/10/2026,13:38,FÚTBOL INTERNACIONAL,RAFAEL LEÃO HEREDÓ LA CAMISETA 7 DE CRISTIANO EN PORTUGAL,"Portugal confirmó que Rafael Leão utilizará la camiseta número 7 en los partidos de la Nations League de esta fecha FIFA, después de la salida de Cristiano Ronaldo de la concentración. La UEFA oficializó el cambio de dorsal para el cruce ante Dinamarca.

La medida es, por ahora, puntual para esta ventana internacional y se produce en medio del conflicto entre Cristiano y el entrenador Jorge Jesus. El delantero anunció que explicará más adelante los motivos de su decisión.",https://www.tycsports.com/uefa-nations-league/portugal-definio-heredero-camiseta-cristiano-ronaldo-id763811.html,https://media.tycsports.com/files/2026/10/01/992023/-rafael-leao_416x234.webp?v=1,TyC Sports,https://www.tycsports.com/uefa-nations-league/portugal-definio-heredero-camiseta-cristiano-ronaldo-id763811.html,https://x.com/selecaoportugal/status/2100913877282132383,Ryan Pierse - UEFA/UEFA vía Getty Images / TyC Sports,MEDIA,,OK,Rafael Leão vestirá la camiseta número 7 de Portugal durante esta fecha FIFA.,,FALSE,
SI,01/10/2026,12:51,FÚTBOL ARGENTINO,BARRACAS ACUMULA OCHO PARTIDOS SIN GANAR Y SE ACERCA A SU PEOR RACHA,"Barracas Central acumula ocho partidos sin victorias entre el Torneo Clausura y la Copa Argentina, con cinco derrotas y tres empates. El equipo de Damián Ayude había comenzado el semestre con tres triunfos consecutivos, pero ahora quedó cerca de igualar la peor serie negativa de su historia profesional.

El récord adverso del club es de once encuentros sin ganar, registrado en 2017 cuando competía en la Primera B. Barracas visitará el sábado a Atlético Tucumán con la intención de cortar la racha y volver a acercarse a los puestos de clasificación del Clausura.",https://www.tycsports.com/liga-profesional-de-futbol/barracas-de-uno-de-sus-mejores-arranques-de-temporada-a-una-extensa-mala-racha-id763802.html,https://media.tycsports.com/files/2026/10/01/992010/barracas-central_416x234.webp,TyC Sports,https://www.tycsports.com/liga-profesional-de-futbol/barracas-de-uno-de-sus-mejores-arranques-de-temporada-a-una-extensa-mala-racha-id763802.html,https://www.youtube.com/watch?v=1JZUbxAYv8k,Fotobaires / TyC Sports,MEDIA,,OK,Barracas Central lleva ocho partidos sin victorias entre el Clausura y la Copa Argentina.,,FALSE,
SI,01/10/2026,12:47,INDEPENDIENTE,"INDEPENDIENTE INSCRIBIÓ A MACHUCA EN AFA, PERO TODAVÍA ESPERA DOS HABILITACIONES","Independiente incorporó a Imanol Machuca a la lista de buena fe de AFA y lo registró en el sistema COMET para acelerar su regreso a la competencia. El delantero de 26 años llegó al club a fines de julio y se entrena con el plantel, pero aún no pudo debutar.

La habilitación de AFA ya fue otorgada, aunque todavía faltan el visto bueno del TAS y la autorización de la liga de Malasia para resolver definitivamente la suspensión impuesta por la FIFA. La dirigencia del Rojo continúa las gestiones para que Jadson Viera pueda utilizarlo cuanto antes.",https://www.tycsports.com/independiente/imanol-machuca-esta-habilitado-en-independiente-id763804.html,https://media.tycsports.com/files/2026/10/01/992009/machuca_416x234.webp?v=1,TyC Sports,https://www.tycsports.com/independiente/imanol-machuca-esta-habilitado-en-independiente-id763804.html,https://www.youtube.com/watch?v=XNwCa8gv7LI,TyC Sports,ALTA,,OK,"Imanol Machuca fue inscripto por Independiente, pero aún no está habilitado para debutar.",,FALSE,
SI,01/10/2026,12:20,FÚTBOL INTERNACIONAL,LA HERMANA DE CRISTIANO APUNTÓ CONTRA QUIENES FESTEJARON SU POSIBLE RETIRO,"Elma Aveiro, hermana de Cristiano Ronaldo, reaccionó contra los portugueses que celebraron la posible despedida del delantero de la selección. En sus redes sostuvo que el goleador merecía más respeto y cuestionó con dureza a los detractores del capitán.

La reacción llegó después de que Cristiano abandonara la concentración por diferencias con el entrenador Jorge Jesus. El futbolista anunció que más adelante contará los motivos de su decisión, mientras su hermana cerró su mensaje agradeciéndole por su trayectoria con Portugal.",https://www.tycsports.com/futbol-internacional/hermana-cristiano-exploto-portugueses-festejaron-posible-retiro-seleccion-merecemos-id763799.html,https://media.tycsports.com/files/2026/10/01/992007/cristiano-ronaldo-hermana_416x234.webp,TyC Sports,https://www.tycsports.com/futbol-internacional/hermana-cristiano-exploto-portugueses-festejaron-posible-retiro-seleccion-merecemos-id763799.html,https://x.com/TeamCRonaldo/status/2035132446644076773,TyC Sports,MEDIA,,OK,Elma Aveiro defendió a Cristiano Ronaldo tras su salida de la concentración de Portugal.,EMBED EXACTO PRIORITARIO,FALSE,
SI,01/10/2026,12:10,F1,LINDBLAD TAMBIÉN FUE SANCIONADO Y LARGARÁ ÚLTIMO EN EL GP DE MALASIA,"Arvid Lindblad deberá largar desde el fondo de la parrilla en el Gran Premio de Malasia por exceder el límite permitido de componentes de la unidad de potencia de su RB. El equipo decidió montar un quinto motor de combustión interna, turbocompresor y sistema de escapes.

La sanción se suma a la penalización de cinco posiciones que deberá cumplir Franco Colapinto por el choque del Gran Premio de Azerbaiyán. La actividad en Sepang comenzará el viernes 2 de octubre y la carrera se disputará el domingo desde las 4 de Argentina.",https://www.tycsports.com/automovilismo/ademas-de-franco-colapinto-sancionaron-a-otro-piloto-de-cara-al-gp-de-malasia-id763792.html,https://media.tycsports.com/files/2026/10/01/991999/arvid-lindblad_416x234.webp?v=1,TyC Sports,https://www.tycsports.com/automovilismo/ademas-de-franco-colapinto-sancionaron-a-otro-piloto-de-cara-al-gp-de-malasia-id763792.html,https://www.youtube.com/watch?v=56jF73GYgW4,Getty Images / TyC Sports,MEDIA,,OK,Arvid Lindblad partirá desde el fondo en el Gran Premio de Malasia.,,FALSE,
SI,01/10/2026,11:22,BOCA,FLORES VOLVIÓ A BOCA TRAS SU DEBUT EN LA SELECCIÓN Y ARRUABARRENA DEFINE SI SERÁ TITULAR,"Leonel Flores se reincorporó a los entrenamientos de Boca después de debutar con la Selección Argentina en el 4-0 ante Bolivia. El extremo de 19 años regresó a Buenos Aires y quedó a disposición de Rodolfo Arruabarrena para el partido del viernes contra Unión.

El cuerpo técnico evaluará su estado antes de decidir si mantiene la titularidad o comienza en el banco, con Sebastián Villa como alternativa. Flores ingresó a los 81 minutos con la Selección, por lo que su carga física fue limitada, y luego volverá a la concentración nacional para los amistosos ante Burkina Faso y Benín.",https://www.tycsports.com/boca-juniors/flores-de-debutar-en-la-seleccion-argentina-a-boca-predio-para-jugar-con-union-id763780.html,https://media.tycsports.com/files/2026/10/01/991984/leonel-flores_w862.webp,TyC Sports,https://www.tycsports.com/boca-juniors/flores-de-debutar-en-la-seleccion-argentina-a-boca-predio-para-jugar-con-union-id763780.html,https://x.com/Argentina/status/2101366284768174308,@BocaJrs / TyC Sports,ALTA,,OK,Leonel Flores volvió a Boca Predio tras su debut con la Selección Argentina.,,FALSE,
SI,01/10/2026,11:20,F1,GASLY DIO POR CERRADO EL CHOQUE CON COLAPINTO: “YA ESTÁ TODO BIEN”,"Pierre Gasly aseguró que no quedaron diferencias con Franco Colapinto después del choque que dejó a los dos Alpine fuera del Gran Premio de Azerbaiyán. El francés explicó que la reacción inicial estuvo condicionada por la adrenalina y la frustración, y confirmó que su compañero se acercó a disculparse.

Gasly remarcó que ambos deben trabajar juntos para que Alpine alcance el quinto puesto del Campeonato de Constructores. La escudería está a 15 puntos de Racing Bulls y afronta el tramo final de la temporada con el objetivo de recuperar terreno.",https://www.tycsports.com/automovilismo/gasly-declaraciones-incidente-colapinto-f1--id763788.html,https://media.tycsports.com/files/2026/09/09/986107/colapinto-y-gasly_416x234.webp?v=1,TyC Sports,https://www.tycsports.com/automovilismo/gasly-declaraciones-incidente-colapinto-f1--id763788.html,https://www.youtube.com/watch?v=56jF73GYgW4,Guenther Iby / SEPA.Media / Getty Images / TyC Sports,ALTA,,TEMPORAL,"Pierre Gasly y Franco Colapinto, compañeros en Alpine.",,FALSE,
SI,01/10/2026,10:54,F1,NORRIS ADMITIÓ QUE SE EQUIVOCÓ CON COLAPINTO Y REVELÓ LAS DISCULPAS MUTUAS,"Lando Norris reconoció que algunas de sus declaraciones contra Franco Colapinto después del choque en Azerbaiyán estuvieron mal. El piloto de McLaren contó que le pidió disculpas al argentino y que Colapinto también se disculpó por el incidente que los dejó fuera de carrera.

Norris explicó que decidió hacer pública la rectificación porque sus críticas habían sido televisadas y generado una fuerte repercusión. Además, aseguró que mantiene una buena relación con Colapinto y que ambos dieron por terminado el conflicto.",https://www.tycsports.com/automovilismo/lando-norris-revelo-la-intimidad-de-su-charla-con-franco-colapinto-id763779.html,https://media.tycsports.com/files/2026/10/01/991982/colapinto-y-norris_416x234.webp,TyC Sports,https://www.tycsports.com/automovilismo/lando-norris-revelo-la-intimidad-de-su-charla-con-franco-colapinto-id763779.html,https://www.youtube.com/watch?v=56jF73GYgW4,Getty Images / TyC Sports,ALTA,,OK,Lando Norris y Franco Colapinto intercambiaron disculpas tras el choque de Azerbaiyán.,,FALSE,
SI,01/10/2026,10:47,RIVER,ANÍBAL MORENO VOLVIÓ A ENTRENARSE A LA PAR Y PONZIO EVALÚA SU REGRESO,"Aníbal Moreno volvió a entrenarse a la par del plantel de River mientras atraviesa la etapa final de la recuperación de una discopatía lumbar. El mediocampista no juega desde la eliminación de la Copa Sudamericana ante Independiente Santa Fe y su evolución dependerá de que no reaparezca el dolor.

Si completa otra semana de trabajo sin contratiempos, Leonardo Ponzio podría tenerlo a disposición para el partido del sábado 10 de octubre frente a Estudiantes de Río Cuarto. En principio, su regreso sería desde el banco y abriría la competencia con Fausto Vera por el puesto de volante central.",https://www.tycsports.com/river-plate/river-anibal-moreno-vuelta-discopatia-lumbar-estudiantes-rio-cuarto-id763777.html,https://media.tycsports.com/files/2026/10/01/991980/anibal-moreno_416x234.webp?v=1,TyC Sports,https://www.tycsports.com/river-plate/river-anibal-moreno-vuelta-discopatia-lumbar-estudiantes-rio-cuarto-id763777.html,https://www.youtube.com/watch?v=LgYQQ6Uqj8Y,Fotobaires / TyC Sports,MEDIA,,OK,Aníbal Moreno se entrena con River y apunta a volver ante Estudiantes de Río Cuarto.,,FALSE,
SI,01/10/2026,10:05,F1,COLAPINTO LE RESPONDIÓ A NORRIS Y CUESTIONÓ LOS ATAQUES CONTRA LOS ARGENTINOS,"Franco Colapinto respondió a Lando Norris antes del Gran Premio de Malasia y dijo que le sorprendieron sus críticas tras el choque de Azerbaiyán. El argentino aceptó las disculpas del piloto de McLaren y remarcó que los competidores deben cuidarse con sus declaraciones por el impacto que generan en las redes sociales.

El piloto de Alpine sostuvo que suele señalarse especialmente a los argentinos por su pasión, aunque aclaró que los ataques llegan desde distintos grupos de aficionados. También confirmó que no recibió represalias internas: volvió directamente al simulador, trabajó en la fábrica y el equipo ya dejó atrás el incidente de Bakú.",https://www.tycsports.com/automovilismo/franco-colapinto-le-respondio-a-lando-norris-y-se-quejo-de-los-ataques-en-redes-siempre-se-apunta-a-los-argentinos-id763771.html,https://media.tycsports.com/files/2026/10/01/991963/franco-colapinto_416x234.webp,TyC Sports,https://www.tycsports.com/automovilismo/franco-colapinto-le-respondio-a-lando-norris-y-se-quejo-de-los-ataques-en-redes-siempre-se-apunta-a-los-argentinos-id763771.html,https://www.youtube.com/watch?v=56jF73GYgW4,Getty Images / TyC Sports,ALTA,,OK,Franco Colapinto habló antes del Gran Premio de Malasia.,,FALSE,
SI,01/10/2026,09:34,FÚTBOL ARGENTINO,LA FECHA 11 DEL CLAUSURA ARRANCA CON INDEPENDIENTE E INCLUYE EL CLÁSICO CORDOBÉS,"La undécima fecha del Torneo Clausura comenzará este viernes después del parate por la ventana internacional. Independiente recibirá a Instituto desde las 19:15 y Boca enfrentará a Unión a las 21:30 en La Bombonera.

El sábado jugarán Defensa y Justicia-San Lorenzo, Atlético Tucumán-Barracas y Newell’s-Lanús. El domingo sobresalen Talleres-Belgrano y la visita de Racing a Estudiantes de Río Cuarto, mientras que River afrontará su partido ante Sarmiento el miércoles 14 de octubre por la reprogramación solicitada debido a sus convocados a la Selección.",https://www.tycsports.com/liga-profesional-de-futbol/fecha-11-del-clausura-2026-resultados-y-partidos-de-la-liga-profesional-argentina-id763772.html,https://media.tycsports.com/files/2026/07/24/973221/portada-nota-de-la-fecha_416x234.webp,TyC Sports,https://www.tycsports.com/liga-profesional-de-futbol/fecha-11-del-clausura-2026-resultados-y-partidos-de-la-liga-profesional-argentina-id763772.html,https://x.com/LigaAFA/status/2102102889191920044,TyC Sports,MEDIA,,OK,La fecha 11 del Torneo Clausura comenzará este viernes con tres partidos.,,FALSE,
SI,01/10/2026,09:15,BOCA,BOCA NECESITA AL MENOS 10 DE LOS 18 PUNTOS RESTANTES PARA IR A LA LIBERTADORES 2027,"Boca ocupa el tercer puesto de la tabla anual con 47 puntos y se mantiene en zona de clasificación directa a la Copa Libertadores 2027. Según la referencia de las últimas temporadas, el piso estimado para asegurar esa plaza sería llegar a 57 unidades.

Al equipo de Rodolfo Arruabarrena le quedan seis fechas del Torneo Clausura, por lo que debería obtener al menos 10 de los 18 puntos en juego. Argentinos Juniors tiene la misma cantidad de unidades y peor diferencia de gol; además, el Xeneize conserva las alternativas de clasificarse si conquista el Clausura, la Copa Argentina o la Sudamericana.",https://www.tycsports.com/boca-juniors/cuantos-puntos-necesita-boca-para-clasificar-a-la-copa-libertadores-2027-id763767.html,https://media.tycsports.com/files/2026/08/26/981960/rodolfo-arruabarrena_416x234.webp?v=1,TyC Sports,https://www.tycsports.com/boca-juniors/cuantos-puntos-necesita-boca-para-clasificar-a-la-copa-libertadores-2027-id763767.html,https://x.com/BocaJrsOficial/status/2043814339337932911,TyC Sports,MEDIA,,TEMPORAL,Rodolfo Arruabarrena tiene a Boca en zona de clasificación a la Libertadores 2027.,,FALSE,
SI,01/10/2026,08:47,SELECCIÓN ARGENTINA,NICO PAZ GANÓ LA ENCUESTA PARA HEREDAR LA 10 DE MESSI EN LA SELECCIÓN,"Nicolás Paz fue el elegido por los hinchas para heredar la camiseta número 10 de la Selección Argentina cuando Lionel Messi deje de utilizarla. El futbolista del Como obtuvo el 51,41 por ciento de los 25.293 votos de la encuesta realizada por TyC Sports.

Enzo Fernández terminó segundo con el 15,03 por ciento, mientras que la opción de retirar la camiseta quedó tercera con el 11,86. Lionel Scaloni aclaró que todavía no tomó una decisión y que la intención será entregar el número de manera estable a un futbolista.",https://www.tycsports.com/seleccion-argentina/camiseta-10-seleccion-argentina-messi-nico-paz-id763769.html,https://media.tycsports.com/files/2026/10/01/991961/messi-camiseta-10-dorada-seleccion-argentina_416x234.webp?v=1,TyC Sports,https://www.tycsports.com/seleccion-argentina/camiseta-10-seleccion-argentina-messi-nico-paz-id763769.html,https://x.com/Argentina/status/2101366284768174308,TyC Sports,MEDIA,,OK,La camiseta número 10 de la Selección Argentina que dejará Lionel Messi.,,FALSE,
SI,01/10/2026,08:22,BOCA,ARRUABARRENA TIENE DOS DUDAS PARA ARMAR EL ONCE DE BOCA ANTE UNIÓN,"Rodolfo Arruabarrena mantiene dos incógnitas para definir la formación de Boca frente a Unión por la fecha 11 del Torneo Clausura. Facundo Herrera arrastra una molestia muscular que le impidió completar el partido ante Racing, mientras Leonel Flores volvió de debutar con la Selección Argentina con una alta carga de minutos.

Leandro Brey seguiría en el arco ante la ausencia de Álvaro Montero. En defensa, Ayrton Costa y Marco Pellegrino compiten por un lugar, y Leandro Paredes se perfila para continuar como titular pese a una molestia en el isquiotibial izquierdo.",https://www.tycsports.com/boca-juniors/con-dos-incognitas-el-once-que-piensa-rodolfo-arruabarrena-en-boca-para-recibir-a-union-id763716.html,https://media.tycsports.com/files/2026/09/17/988552/rodolfo-arruabarrena_416x234.webp?v=2,TyC Sports,https://www.tycsports.com/boca-juniors/con-dos-incognitas-el-once-que-piensa-rodolfo-arruabarrena-en-boca-para-recibir-a-union-id763716.html,https://x.com/Argentina/status/2101366284768174308,Prensa Boca / TyC Sports,ALTA,,TEMPORAL,Rodolfo Arruabarrena prepara a Boca para recibir a Unión.,,FALSE,
SI,01/10/2026,08:05,F1,COLAPINTO: HORARIOS Y TV DE LAS PRÁCTICAS DEL GP DE MALASIA,"Franco Colapinto volverá a la pista este fin de semana en Sepang, donde se disputará el Gran Premio de Bahréin en Malasia, 16ª fecha de la temporada 2026 de Fórmula 1.

HORARIOS DE ARGENTINA: viernes 2 de octubre, Práctica Libre 1 a la 01:30 y Práctica Libre 2 a las 05:00; sábado 3, Práctica Libre 3 a la 01:30 y clasificación a las 05:00; domingo 4, carrera a las 04:00, a 56 vueltas.

La actividad podrá verse en Argentina por Fox Sports y, vía streaming, por Disney+ Premium y F1 TV. Colapinto llega con Alpine después del abandono en Azerbaiyán y afrontará por primera vez en Fórmula 1 el exigente circuito de Sepang, marcado por el calor, la humedad y la posibilidad de lluvia.",https://www.tycsports.com/automovilismo/f1-hora-y-donde-ver-en-vivo-la-practica-libre-de-colapinto-en-el-gp-de-malasia-id763660.html,https://media.tycsports.com/files/2026/09/25/990604/franco-colapinto_416x234.webp,TyC Sports,https://www.tycsports.com/automovilismo/f1-hora-y-donde-ver-en-vivo-la-practica-libre-de-colapinto-en-el-gp-de-malasia-id763660.html,https://www.youtube.com/watch?v=56jF73GYgW4,TyC Sports,ALTA,,TEMPORAL,Franco Colapinto afrontará este fin de semana el Gran Premio de Malasia.,,FALSE,
SI,01/10/2026,07:28,FÚTBOL ARGENTINO,"SANTAMARINA, SARMIENTO Y SOL DE MAYO DESCENDIERON DEL FEDERAL A","El Federal A definió sus cuatro descensos y tres clubes históricos perdieron la categoría: Santamarina de Tandil, Sarmiento de Resistencia y Sol de Mayo de Viedma. Tucumán Central completa la nómina de equipos que bajaron.

Santamarina regresará a la cuarta división después de 20 años; Sarmiento dejó la categoría tras doce temporadas consecutivas y Sol de Mayo cayó por penales ante Círculo Deportivo. Los cuatro disputarán en 2027 el nuevo Torneo Argentino del Interior, previsto entre abril y noviembre con seis ascensos al Federal A.",https://www.tycsports.com/al-angulo/los-historicos-que-descendieron-del-federal-a-a-la-cuarta-categoria-del-futbol-argentino-id763549.html,https://media.tycsports.com/files/2026/09/30/991750/santamarina-de-tandil_416x234.webp?v=2,TyC Sports,https://www.tycsports.com/al-angulo/los-historicos-que-descendieron-del-federal-a-a-la-cuarta-categoria-del-futbol-argentino-id763549.html,https://www.youtube.com/watch?v=SafjkYg35Tk,TyC Sports,MEDIA,,OK,Santamarina de Tandil perdió la categoría en el Federal A.,,FALSE,
SI,01/10/2026,07:27,COPA ARGENTINA,PLATENSE Y ESTUDIANTES DEFINEN AL ÚLTIMO SEMIFINALISTA DE LA COPA ARGENTINA,"Platense y Estudiantes se enfrentarán en Florencio Varela por el último lugar disponible en las semifinales de la Copa Argentina. El Calamar buscará aprovechar el juego entre líneas y los movimientos de sus atacantes, mientras el Pincha intentará imponer los duelos individuales y su juego directo.

El ganador avanzará a la instancia siguiente y se medirá con Atlético Tucumán. El cruce también renueva el vínculo especial de Martín Palermo con Estudiantes, el club donde se formó y debutó como profesional.",https://www.tycsports.com/copa-argentina/platense-estudiantes-tactica-copa-argentina-id763622.html,https://media.tycsports.com/files/2026/09/30/991714/platense-vs-estudiantes_416x234.webp,TyC Sports,https://www.tycsports.com/copa-argentina/platense-estudiantes-tactica-copa-argentina-id763622.html,https://x.com/TyCSports/status/2105840952367571338,TyC Sports,ALTA,,OK,Platense y Estudiantes se juegan el pase a semifinales de la Copa Argentina.,,FALSE,
SI,01/10/2026,07:26,SELECCIÓN ARGENTINA,"SCALONI ELOGIÓ AL CUTI ROMERO, PERO LE EXIGIÓ CONDUCTA EJEMPLAR COMO CAPITÁN","Lionel Scaloni calificó a Cristian Romero como uno de los mejores defensores del mundo cuando está en plenitud, aunque le marcó una responsabilidad adicional tras asumir la capitanía de la Selección Argentina. El entrenador señaló que el cordobés debe corregir las entradas en las que se excede y mantener un comportamiento ejemplar.

El Cuti estrenó la cinta principal en el 4-0 sobre Bolivia y convirtió de cabeza el tercer gol. Scaloni también destacó su pase y el plus competitivo que aporta, incluso cuando no se encuentra al ciento por ciento desde lo físico.",https://www.tycsports.com/seleccion-argentina/elogios-y-advertencia-de-lionel-scaloni-a-cristian-romero-capitan-de-la-seleccion-argentina-id763740.html,https://media.tycsports.com/files/2026/10/01/991879/cuti-romero_416x555.webp,TyC Sports,https://www.tycsports.com/seleccion-argentina/elogios-y-advertencia-de-lionel-scaloni-a-cristian-romero-capitan-de-la-seleccion-argentina-id763740.html,https://x.com/Argentina/status/2101366284768174308,TyC Sports,ALTA,,TEMPORAL,Cristian Romero estrenó la capitanía principal de la Selección ante Bolivia.,,FALSE,
SI,01/10/2026,07:15,RIVER,RIVER ESTARÁ 21 DÍAS SIN JUGAR POR LA FECHA FIFA Y UNA REPROGRAMACIÓN,"River atravesará un inusual período de 21 días sin partidos oficiales. Su última presentación fue la derrota 2-1 ante Huracán del 19 de septiembre y volverá a competir el sábado 10 de octubre frente a Estudiantes de Río Cuarto, por la fecha 12 del Torneo Clausura.

La pausa se extendió por la fecha FIFA y por la reprogramación del encuentro ante Sarmiento, que fue trasladado al 14 de octubre debido a la cantidad de futbolistas del Millonario afectados a la Selección Argentina. Leonardo Ponzio tendrá tres semanas para trabajar en la recuperación y puesta a punto del plantel.",https://www.tycsports.com/river-plate/el-inedito-tiempo-que-river-estara-sin-jugar-id763659.html,https://media.tycsports.com/files/2026/09/19/989411/leonardo-ponzio_416x234.webp?v=1,TyC Sports,https://www.tycsports.com/river-plate/el-inedito-tiempo-que-river-estara-sin-jugar-id763659.html,https://www.youtube.com/watch?v=LgYQQ6Uqj8Y,TyC Sports,MEDIA,,TEMPORAL,Leonardo Ponzio tendrá tres semanas de trabajo antes del regreso de River.,,FALSE,
SI,01/10/2026,00:54,FÚTBOL INTERNACIONAL,NATIONS LEAGUE: CUATRO PARTIDOS ABREN LA JORNADA DE ESTE JUEVES,"La Liga A de la Nations League 2026/27 continúa este jueves con cuatro encuentros, todos programados para las 15:45 de Argentina. Dinamarca recibirá a Portugal en Copenhague, Alemania jugará ante Serbia en Múnich, Grecia será local frente a Países Bajos y Gales enfrentará a Noruega en Cardiff. El cruce entre daneses y portugueses aparece como el partido central de la fecha.",https://www.tycsports.com/uefa-nations-league/partidos-de-la-nations-league-de-hoy-jueves-1-de-octubre-hora-donde-ver-en-vivo-y-resultados-id763664.html,https://media.tycsports.com/files/2026/09/27/991172/goncalo-ramos-y-joao-felix-los-goleadores-de-portugal_416x234.webp,TyC Sports,https://www.tycsports.com/uefa-nations-league/partidos-de-la-nations-league-de-hoy-jueves-1-de-octubre-hora-donde-ver-en-vivo-y-resultados-id763664.html,https://x.com/selecaoportugal/status/2100913877282132383,TyC Sports,MEDIA,,TEMPORAL,"Gonçalo Ramos y João Félix, figuras de Portugal, uno de los seleccionados que juega este jueves.",,FALSE,
SI,01/10/2026,00:38,Selección Argentina,MASTANTUONO CONTÓ EL DOLOR DE QUEDAR AFUERA DEL MUNDIAL Y DESTACÓ LA LIBERTAD QUE LE DA SCALONI,"Franco Mastantuono habló después de sumar minutos en el 4-0 de la Selección Argentina ante Bolivia. El futbolista de Fiorentina admitió que fue difícil quedar fuera de la lista del Mundial 2026, aunque aseguró que acompañó al plantel, y valoró la libertad que Lionel Scaloni le concede para jugar. También afirmó que el cambio a Italia le permitió sentirse mejor y encarar con ilusión el nuevo ciclo.",https://www.tycsports.com/seleccion-argentina/mastantuno-agradecio-la-libertad-que-le-da-scaloni-y-se-confeso-es-feo-quedar-afuera-de-la-lista-del-mundial-id763741.html,https://media.tycsports.com/files/2026/10/01/991878/franco-mastantuono-seleccion-argentina-_1440x810.webp?v=1,TyC Sports,https://www.tycsports.com/seleccion-argentina/mastantuno-agradecio-la-libertad-que-le-da-scaloni-y-se-confeso-es-feo-quedar-afuera-de-la-lista-del-mundial-id763741.html,https://x.com/Argentina/status/2101366284768174308,TyC Sports,ALTA,,OK,Franco Mastantuono regresó a la Selección Argentina en la goleada ante Bolivia.,,FALSE,
SI,01/10/2026,00:36,SELECCIÓN ARGENTINA,SCALONI REVELÓ LA CHARLA DEL REENCUENTRO Y EL DESAFÍO DE JUGAR SIN MESSI,"Después del 4-0 ante Bolivia, Lionel Scaloni contó cómo fue la primera conversación con el plantel tras la derrota frente a España en la final del Mundial. El entrenador repitió el mensaje de seguir compitiendo con la misma exigencia y les dejó a los futbolistas libertad para decir si no querían continuar en el proceso.

Scaloni sostuvo que Lionel Messi es irremplazable, pero remarcó que la Selección debe conservar su identidad basada en la posesión, la asociación y el respeto por la camiseta. También anticipó que priorizará probar jugadores por encima de cambiar sistemas y valoró disponer de muchas opciones para futuras convocatorias.",https://www.tycsports.com/seleccion-argentina/scaloni-seleccion-argentina-conferencia-bolivia-messi-id763718.html,https://media.tycsports.com/files/2026/09/30/991866/scaloni-en-argentina-vs-bolivia-en-cordoba_1440x810.webp?v=1,TyC Sports,https://www.tycsports.com/seleccion-argentina/scaloni-seleccion-argentina-conferencia-bolivia-messi-id763718.html,https://x.com/Argentina/status/2101366284768174308,TyC Sports,ALTA,,OK,Lionel Scaloni habló tras la goleada ante Bolivia.,,FALSE,
SI,01/10/2026,00:09,BOCA,LEONEL FLORES DEBUTÓ EN LA SELECCIÓN CON UN CAÑO Y UNA JUGADA DE GOL,"Leonel Flores tuvo su estreno con la Selección Argentina en el 4-0 sobre Bolivia. El juvenil de Boca ingresó a los 81 minutos, inició con un caño la acción del último gol de José Manuel López y, en la última jugada, estuvo cerca de convertir de volea.

El atacante de 19 años dijo que juega con personalidad y sin mirar quién tiene enfrente. Scaloni pidió cuidarlo y explicó que la intención es que replique lo que hace en Boca; además, lo liberó para que pueda disputar con el Xeneize el cruce de Copa Argentina ante Racing y el partido frente a Unión.",https://www.tycsports.com/boca-juniors/made-in-boca-leonel-flores-debuto-en-la-seleccion-argentina-con-un-jugadon-que-termino-en-gol-id763710.html,https://media.tycsports.com/files/2026/09/30/991853/leonel-flores-en-su-debut-con-la-seleccion-argentina_1440x810.webp,TyC Sports,https://www.tycsports.com/boca-juniors/made-in-boca-leonel-flores-debuto-en-la-seleccion-argentina-con-un-jugadon-que-termino-en-gol-id763710.html,https://x.com/Argentina/status/2101366284768174308,TyC Sports,ALTA,,OK,Leonel Flores durante su debut con la Selección Argentina.,,FALSE,FALSE
SI,30/09/2026,23:59,SELECCIÓN ARGENTINA,"GIAY, VEGA Y SIMÓN ABRIERON LA RENOVACIÓN DE LOS LATERALES EN LA SELECCIÓN","Lionel Scaloni utilizó tres alternativas jóvenes en los laterales durante el 4-0 frente a Bolivia: Agustín Giay y Román Vega fueron titulares, mientras Santiago Simón ingresó en el complemento. Vega completó los 90 minutos, inició con una recuperación la jugada del segundo gol y generó dos situaciones ofensivas claras.

El entrenador afirmó que el puesto derecho está cubierto entre Giay, Simón, Nahuel Molina y Gonzalo Montiel. En la izquierda destacó la oportunidad que se abre para Vega, junto con Nicolás Tagliafico y Facundo Medina, y aseguró que cuenta con futbolistas en quienes confiar.",https://www.tycsports.com/seleccion-argentina/renovacion-lateral-asi-salio-la-primera-prueba-en-un-puesto-sensible-para-la-nueva-seleccion-argentina-id763720.html,https://media.tycsports.com/files/2026/09/30/991864/santiago-simon_1440x810.webp?v=1,TyC Sports,https://www.tycsports.com/seleccion-argentina/renovacion-lateral-asi-salio-la-primera-prueba-en-un-puesto-sensible-para-la-nueva-seleccion-argentina-id763720.html,https://x.com/Argentina/status/2101366284768174308,TyC Sports,MEDIA,,OK,Santiago Simón ingresó en la prueba de laterales ante Bolivia.,,FALSE,
SI,30/09/2026,23:58,SELECCIÓN ARGENTINA,"FLACO LÓPEZ, EMOCIONADO TRAS SU PRIMER GOL EN LA SELECCIÓN: “UN DÍA INOLVIDABLE”","José Manuel López convirtió su primer gol con la Selección Argentina en el 4-0 ante Bolivia y describió la noche como un sueño. El delantero de Palmeiras recordó que nunca imaginó llegar a la Albiceleste y mucho menos estrenarse en la red, después de un recorrido que incluyó el fútbol amateur de Tres Arroyos.

Lionel Scaloni también lo elogió: destacó su capacidad para presionar, su aporte en pelota parada y la posibilidad de utilizarlo como punta, segunda punta o falso extremo. El técnico lo definió como una aparición completa para el nuevo ciclo.",https://www.tycsports.com/seleccion-argentina/flaco-lopez-a-corazon-abierto-nunca-imagine-jugar-en-la-seleccion-y-mucho-menos-hacer-un-gol-id763719.html,https://media.tycsports.com/files/2026/09/30/991854/jose-manuel-lopez-seleccion-argentina-festejo-de-gol_1440x810.webp?v=1,TyC Sports,https://www.tycsports.com/seleccion-argentina/flaco-lopez-a-corazon-abierto-nunca-imagine-jugar-en-la-seleccion-y-mucho-menos-hacer-un-gol-id763719.html,https://x.com/Argentina/status/2101366284768174308,TyC Sports,ALTA,,OK,José Manuel López celebra su primer gol con la Selección Argentina.,,FALSE,
SI,30/09/2026,23:58,SELECCIÓN ARGENTINA,LAUTARO Y JULIÁN SUPERARON LA PRUEBA DEL DOBLE NUEVE EN LA ERA POST-MESSI,"Lionel Scaloni probó a Lautaro Martínez y Julián Álvarez juntos desde el inicio en el 4-0 ante Bolivia. Lautaro actuó más cerca del área y abrió el marcador, mientras Julián retrocedió para asociarse y ambos coordinaron movimientos para no superponerse.

Tras el partido, Scaloni explicó que la principal condición para sostener la dupla es conservar el equilibrio del equipo. El entrenador reconoció que muchas veces debió elegir entre ambos por esa razón, aunque la prueba en Córdoba mostró que pueden convivir en un ataque con movilidad.",https://www.tycsports.com/seleccion-argentina/como-funciono-la-dupla-julian-alvarez-lautaro-martinez-el-doble-nueve-post-messi-id763711.html,https://media.tycsports.com/files/2026/09/30/991865/lautaro-martinez-y-julian-alvarez_1440x810.webp?v=1,TyC Sports,https://www.tycsports.com/seleccion-argentina/como-funciono-la-dupla-julian-alvarez-lautaro-martinez-el-doble-nueve-post-messi-id763711.html,https://x.com/Argentina/status/2101366284768174308,TyC Sports,MEDIA,,OK,Lautaro Martínez y Julián Álvarez ante Bolivia.,,FALSE,
SI,30/09/2026,23:58,SELECCIÓN ARGENTINA,"CUTI ROMERO: CAPITÁN, GOLEADOR Y PROFETA EN SU TIERRA","Cristian Romero vivió una noche especial en Córdoba: fue el principal capitán de la Selección Argentina por primera vez y marcó de cabeza el tercer gol del 4-0 sobre Bolivia. Su familia acompañó el partido en el Kempes y uno de sus tíos había anticipado antes del encuentro que convertiría por esa vía.

El defensor recordó que diez años atrás había debutado allí con Belgrano y aseguró sentirse preparado para la responsabilidad. También señaló que el plantel extrañará a Lionel Messi, pero que debe sostener el legado recibido para volver a llevar a Argentina a lo más alto.",https://www.tycsports.com/seleccion-argentina/la-emotiva-noche-de-cuti-romero-capitan-en-su-tierra-el-orgullo-de-su-mama-y-la-premonicion-del-tio-id763712.html,https://media.tycsports.com/files/2026/09/30/991835/cuti-marco-el-tercero-vs-bolivia_1440x810.webp,TyC Sports,https://www.tycsports.com/seleccion-argentina/la-emotiva-noche-de-cuti-romero-capitan-en-su-tierra-el-orgullo-de-su-mama-y-la-premonicion-del-tio-id763712.html,https://x.com/Argentina/status/2101366284768174308,TyC Sports,MEDIA,,OK,Cuti Romero marcó de cabeza ante Bolivia en Córdoba.,,FALSE,
SI,30/09/2026,23:46,BÁSQUET,INSTITUTO VENCIÓ A SAN MARTÍN Y SUMÓ SU SEGUNDO TRIUNFO COMO VISITANTE,"Instituto derrotó 81-73 a San Martín de Corrientes y consiguió su segunda victoria fuera de casa en la temporada de la Liga Nacional. La Gloria afrontó el partido sin Sebastián González ni Vicente Garello, pero logró sostenerse con una rotación corta y tomar el control en la segunda mitad.

Xavier Carreras encabezó al equipo cordobés con 19 puntos, seguido por Juan Pablo Corbalán con 14 y Federico Aguerre con 12. En el local se destacó Lautaro Berra, autor de 16 tantos y cuatro rebotes.",https://www.tycsports.com/basquet/victoria-de-instituto-en-el-inicio-de-la-gira-por-corrientes-id763717.html,https://media.tycsports.com/files/2026/09/30/991863/san-martin-vs-instituto_1440x810.webp,TyC Sports,https://www.tycsports.com/basquet/victoria-de-instituto-en-el-inicio-de-la-gira-por-corrientes-id763717.html,https://www.youtube.com/watch?v=4NhemXTFmQM,Prensa San Martín / TyC Sports,MEDIA,,OK,Instituto venció a San Martín en Corrientes.,,FALSE,
SI,30/09/2026,23:44,BÁSQUET,ARGENTINO DE JUNÍN DEBUTÓ CON TRIUNFO ANTE FERRO EN LA LIGA NACIONAL,"Argentino de Junín comenzó la temporada 2026/27 con una victoria por 76-69 sobre Ferro en el Fortín de las Morochas. El equipo de Adrián Capelli controló el ritmo, limitó al rival a 8/38 en triples y definió el partido con una defensa dominante en el último cuarto.

Joaquín Fernández fue la figura con 16 puntos y siete rebotes; Santiago Pérez Douhat aportó 12 y Dylan Smith, 11. Ferro pasó los últimos seis minutos sin conversiones de campo y no pudo responder al parcial decisivo del conjunto local.",https://www.tycsports.com/basquet/argentino-se-quedo-con-un-triunfazo-en-junin-vencio-a-ferro-id763715.html,https://media.tycsports.com/files/2026/09/30/991861/argentino-vs-ferro-_862x485.webp,TyC Sports,https://www.tycsports.com/basquet/argentino-se-quedo-con-un-triunfazo-en-junin-vencio-a-ferro-id763715.html,,Prensa Argentino / TyC Sports,MEDIA,,OK,Argentino superó a Ferro por 76-69 en Junín.,,FALSE,
SI,30/09/2026,23:43,FÚTBOL ARGENTINO,NEWELL'S DENUNCIÓ PROVOCACIONES Y UN OPERATIVO POLICIAL DESMEDIDO EN EL COLOSO,"Ignacio Boero fijó la posición institucional de Newell's tras los incidentes registrados en las inmediaciones del Coloso Marcelo Bielsa. El presidente sostuvo que la violencia llegó “de afuera hacia adentro”, cuestionó el ingreso de las fuerzas de seguridad al club y calificó el procedimiento como desmedido y desproporcionado.

Boero confirmó que la dirigencia se reunió con el fiscal regional y que acompañará la investigación judicial para determinar responsabilidades. También informó que hubo 12 hinchas rojinegros detenidos y pidió que lo ocurrido no desvíe al club de su objetivo deportivo.",https://www.tycsports.com/liga-profesional-de-futbol/ignacio-boero-tras-los-incidentes-en-el-coloso-la-violencia-fue-de-afuera-hacia-adentro-id763714.html,https://media.tycsports.com/files/2026/09/30/991844/boero-apunto-contra-central-y-la-policia-por-los-incidentes-en-el-coloso_416x234.webp,TyC Sports,https://www.tycsports.com/liga-profesional-de-futbol/ignacio-boero-tras-los-incidentes-en-el-coloso-la-violencia-fue-de-afuera-hacia-adentro-id763714.html,https://x.com/Newells/status/2105131113454752119,TyC Sports,ALTA,,OK,Ignacio Boero durante la conferencia de prensa de Newell's.,,FALSE,
SI,30/09/2026,23:35,Selección Argentina,LA SELECCIÓN YA TIENE FECHA PARA SUS PRÓXIMOS DOS AMISTOSOS,"Tras el 4-0 sobre Bolivia, la Selección Argentina volverá a jugar el sábado 3 de octubre ante Burkina Faso y cerrará la ventana internacional el martes 6 frente a Benín. El segundo encuentro está previsto como la despedida de Lionel Messi del seleccionado, según la agenda informada por TyC Sports.",https://www.tycsports.com/seleccion-argentina/cuando-vuelve-a-jugar-la-seleccion-argentina-y-que-se-sabe-de-una-posible-despedida-de-lionel-messi-id758245.html,https://media.tycsports.com/files/2026/09/18/988813/monumental_862x485.webp?v=1,TyC Sports,https://www.tycsports.com/seleccion-argentina/cuando-vuelve-a-jugar-la-seleccion-argentina-y-que-se-sabe-de-una-posible-despedida-de-lionel-messi-id758245.html,https://x.com/Argentina/status/2101366284768174308,TyC Sports,ALTA,,TEMPORAL,"El Monumental, uno de los escenarios ligados a la fecha FIFA de la Selección Argentina.",,FALSE,
SI,30/09/2026,23:19,SELECCIÓN ARGENTINA,SCALONI DESTACÓ LA IDENTIDAD DE ARGENTINA TRAS EL 4-0 ANTE BOLIVIA,"Lionel Scaloni valoró la actuación de la Selección Argentina después de la goleada 4-0 frente a Bolivia en Córdoba. El entrenador sostuvo que el equipo mantiene una identidad definida más allá de los nombres y aseguró que será respetada juegue quien juegue.

El técnico consideró que sus futbolistas disputaron un partido muy completo y destacó la manera en que los debutantes asumieron la responsabilidad de vestir la camiseta nacional. También contó que se emocionó durante el himno al observar la presencia de muchos chicos en las tribunas del Mario Alberto Kempes.

Argentina inició con una victoria su serie de amistosos posterior al Mundial 2026. El próximo compromiso será ante Burkina Faso y Scaloni seguirá utilizando estos partidos para evaluar variantes y consolidar el recambio del plantel.",https://www.directvsports.com/futbol/scaloni-tras-la-goleada-argentina-en-cordoba-el-equipo-tiene-una-identidad-y-juegue-quien-juegue-la-vamos-a-respetar-20260930-0078.html,https://assets.directvsports.com/__export/1790077620617/sites/dsports/img/2026/09/22/whatsapp_image_2026-09-22_at_08_39_29.jpeg_1627473810.jpeg,DSports,https://www.directvsports.com/futbol/scaloni-tras-la-goleada-argentina-en-cordoba-el-equipo-tiene-una-identidad-y-juegue-quien-juegue-la-vamos-a-respetar-20260930-0078.html,https://x.com/Argentina/status/2101366284768174308,DSports,ALTA,,TEMPORAL,Imagen de archivo pertinente de Lionel Scaloni; reemplazar si aparece una foto de la conferencia en Córdoba.,,FALSE,
SI,30/09/2026,22:48,SELECCIÓN ARGENTINA,ARGENTINA GOLEÓ 4-0 A BOLIVIA EN EL INICIO DE LA ERA POST-MESSI,"La Selección Argentina venció 4-0 a Bolivia en el estadio Mario Alberto Kempes de Córdoba, en su primera presentación después del subcampeonato en el Mundial 2026 y en el comienzo de una nueva etapa sin Lionel Messi.

Lautaro Martínez y Nicolás Paz marcaron en el primer tiempo. Cristian Romero amplió de cabeza al inicio del complemento y José Manuel López cerró la cuenta sobre el final con su primer gol en la mayor.

El equipo de Lionel Scaloni dominó el partido y además sumó cinco debutantes: Román Vega, Ezequiel Fernández, Santiago Simón, Valentín Gómez y Leonel Flores. Los próximos amistosos de la Albiceleste serán ante Burkina Faso y Benín.",https://www.tycsports.com/amistosos-de-selecciones/amistosos-internacionales-masc-2026-argentina-vs-bolivia-amistosos-id763413.html,https://media.tycsports.com/files/2026/09/30/991830/nico-paz_1440x810.webp,TyC Sports,https://www.tycsports.com/amistosos-de-selecciones/amistosos-internacionales-masc-2026-argentina-vs-bolivia-amistosos-id763413.html,https://x.com/Argentina/status/2101366284768174308,TyC Sports,ALTA,,OK,Argentina cerró con un 4-0 su primer amistoso después del Mundial 2026.,,FALSE,
SI,30/09/2026,22:40,SELECCIÓN ARGENTINA,JOSÉ MANUEL LÓPEZ HIZO SU PRIMER GOL EN LA SELECCIÓN PARA EL 4-0,"José Manuel López convirtió su primer gol con la Selección Argentina y selló el 4-0 frente a Bolivia a los 40 minutos del segundo tiempo. El delantero aprovechó una serie de rebotes dentro del área y definió de puntín ante Guillermo Viscarra.

La jugada nació con una acción individual de Leonel Flores, quien también tuvo participación decisiva poco después de ingresar para su debut absoluto. El Flaco López había reemplazado a Lautaro Martínez a los 29 minutos del complemento.

El tanto completó la goleada iniciada por Lautaro, Nico Paz y Cristian Romero. Además, le permitió al atacante estrenar su cuenta con la camiseta mayor en el primer amistoso argentino posterior al Mundial 2026.",https://www.tycsports.com/seleccion-argentina/goles-seleccion-argentina-bolivia-amistoso-id763699.html,https://media.tycsports.com/files/2026/09/30/991842/jugadon-de-flores-y-golazo-del-flaco-lopez-para-argentina-ante-bolivia_416x234.webp,TyC Sports,https://www.tycsports.com/seleccion-argentina/goles-seleccion-argentina-bolivia-amistoso-id763699.html,https://x.com/Argentina/status/2101366284768174308,TyC Sports,ALTA,,OK,José Manuel López definió de puntín y marcó su primer gol con la Selección.,EMBED EXACTO PRIORITARIO,FALSE,
SI,30/09/2026,22:35,SELECCIÓN ARGENTINA,CINCO JUGADORES DEBUTARON EN LA SELECCIÓN Y SCALONI LLEGÓ A 70 ESTRENOS,"Román Vega, Ezequiel Fernández, Santiago Simón, Valentín Gómez y Leonel Flores disputaron su primer partido con la Selección Argentina en la goleada frente a Bolivia. Con esos cinco estrenos, la lista de debutantes durante el ciclo de Lionel Scaloni llegó a 70 futbolistas.

Vega fue titular como lateral izquierdo. Fernández y Simón ingresaron durante el segundo tiempo, mientras que Gómez y Flores saltaron a la cancha a los 35 minutos del complemento para completar la nómina de nuevos internacionales.

El amistoso en Córdoba abrió una etapa de recambio después del Mundial 2026. Scaloni utilizó el partido para ampliar alternativas en defensa, mediocampo y ataque de cara a los próximos compromisos ante Burkina Faso y Benín.",https://www.tycsports.com/seleccion-argentina/roman-vega-lista-debutantes-scaloni-seleccion-argentina-id763685.html,https://media.tycsports.com/files/2026/09/30/991838/leonel-flores-y-valentin-gomez-debutaron-en-la-seleccion-argentina-_862x485.webp,TyC Sports,https://www.tycsports.com/seleccion-argentina/roman-vega-lista-debutantes-scaloni-seleccion-argentina-id763685.html,https://x.com/Argentina/status/2101366284768174308,TyC Sports,MEDIA,,OK,Leonel Flores y Valentín Gómez fueron dos de los cinco debutantes ante Bolivia.,,FALSE,
SI,30/09/2026,22:08,SELECCIÓN ARGENTINA,CUTI ROMERO MARCÓ DE CABEZA EL 3-0 DE ARGENTINA ANTE BOLIVIA,"Cristian Romero amplió la ventaja de la Selección Argentina a los ocho minutos del segundo tiempo ante Bolivia. El defensor cordobés apareció sin marca en el área y conectó de cabeza un centro de Nicolás Paz para establecer el 3-0 en el estadio Mario Alberto Kempes.

El gol tuvo un significado especial para el zaguero: fue su primera presentación como capitán principal de la Albiceleste y llegó en su provincia natal. Romero celebró con emoción mientras el equipo de Lionel Scaloni transformaba la victoria en goleada.

Argentina ya se había ido al descanso dos tantos arriba por las definiciones de Lautaro Martínez y Nico Paz. El cabezazo del Cuti confirmó el dominio local en el comienzo del complemento.",https://www.tycsports.com/seleccion-argentina/goles-seleccion-argentina-bolivia-amistoso-id763699.html,https://media.tycsports.com/files/2026/09/30/991832/cuti-romero-decreto-la-goleada-de-argentina-sobre-bolivib_416x555.webp,TyC Sports,https://www.tycsports.com/seleccion-argentina/goles-seleccion-argentina-bolivia-amistoso-id763699.html,https://x.com/Argentina/status/2101366284768174308,TyC Sports,ALTA,,OK,Cristian Romero convirtió de cabeza el tercer gol argentino ante Bolivia.,EMBED EXACTO PRIORITARIO,FALSE,
SI,30/09/2026,22:05,BOCA,BOCA LANZÓ SUS CUENTAS EN INGLÉS Y LOS SALUDOS DEL PLANTEL SE VOLVIERON VIRALES,"Boca presentó perfiles oficiales en inglés para ampliar su alcance entre los hinchas que no hablan español. El lanzamiento fue acompañado por un video de 27 segundos en el que participaron futbolistas y el cuerpo técnico con saludos y frases breves en ese idioma.

Enner Valencia, Sebastián Villa, Lautaro Di Lollo, Santiago Ascacibar, Rodrigo Battaglia, Alan Velasco, Rodolfo Arruabarrena y Ander Herrera estuvieron entre los protagonistas. Las intervenciones generaron una ola de memes, especialmente por los saludos de Di Lollo y Herrera.

El video acumuló 4,6 millones de visualizaciones, 229 mil me gusta y diez mil comentarios en pocas horas. Las nuevas cuentas ya reunían 81 mil seguidores en Instagram y 10.700 en X.",https://www.tycsports.com/boca-juniors/boca-lanzo-su-cuenta-en-ingles-hizo-hablar-a-los-jugadores-y-estallaron-los-memes-id763693.html,https://media.tycsports.com/files/2026/09/30/991809/lautaro-di-lollo-facundo-herrera-y-alan-velasco-en-el-video-publicado-por-boca_1440x810.webp,TyC Sports,https://www.tycsports.com/boca-juniors/boca-lanzo-su-cuenta-en-ingles-hizo-hablar-a-los-jugadores-y-estallaron-los-memes-id763693.html,https://x.com/BocaJrsEN_/status/2105373039139430408,Boca Juniors / TyC Sports,MEDIA,,OK,Los jugadores de Boca protagonizaron el video de lanzamiento de las cuentas en inglés.,EMBED EXACTO PRIORITARIO,FALSE,
SI,30/09/2026,22:00,FÚTBOL ARGENTINO,PLATENSE PODRÁ RECIBIR A ARGENTINOS CON PÚBLICO PESE A LA SANCIÓN DE APREVIDE,"Platense confirmó que podrá disputar con público el clásico ante Argentinos Juniors del domingo 11 de octubre en el estadio Ciudad de Vicente López. La autorización llegó pese a que Aprevide había aplicado una suspensión de dos partidos como local sin hinchas.

El castigo se originó por los incidentes posteriores al encuentro con Fluminense por la Copa Libertadores, cuando integrantes de la barra local invadieron el campo y fueron hacia el sector visitante. El Calamar cumplió una fecha a puertas cerradas en la derrota 1-0 ante Newell’s.

El club agradeció las gestiones de su comisión directiva, de Aprevide, de la AFA y del Ministerio de Seguridad bonaerense. El regreso del público será ante el líder de la Zona B del Clausura.",https://www.tycsports.com/liga-profesional-de-futbol/platense-afrontara-el-clasico-ante-argentinos-juniors-con-publico-en-vicente-lopez-id763694.html,https://media.tycsports.com/files/2026/09/30/991814/platense-_1440x810.webp?v=1,TyC Sports,https://www.tycsports.com/liga-profesional-de-futbol/platense-afrontara-el-clasico-ante-argentinos-juniors-con-publico-en-vicente-lopez-id763694.html,https://x.com/LigaAFA/status/2102102889191920044,Prensa Platense,ALTA,,OK,Platense confirmó que recibirá a Argentinos con público en Vicente López.,,FALSE,
SI,30/09/2026,21:51,SELECCIÓN ARGENTINA,ARGENTINA DEJÓ EL PARCHE DE CAMPEÓN MUNDIAL Y VOLVIÓ A USAR EL DE LA COPA AMÉRICA,"La Selección Argentina presentó un cambio visible en su camiseta durante el amistoso ante Bolivia. Después de perder la final del Mundial 2026 frente a España, el equipo dejó de utilizar el parche dorado de campeón del mundo que llevaba desde Qatar 2022.

En su lugar reapareció el distintivo correspondiente a la Copa América 2024, título obtenido en Estados Unidos tras vencer 1-0 a Colombia con un gol de Lautaro Martínez en el tiempo suplementario.

La modificación responde al protocolo de la FIFA: el parche mundialista pertenece al campeón vigente y ahora quedó en manos de España. Argentina conservará en el pecho la insignia de su último título continental.",https://www.tycsports.com/seleccion-argentina/que-cambio-en-la-camiseta-de-la-seleccion-argentina-que-uso-ante-bolivia-id763707.html,https://media.tycsports.com/files/2026/09/30/991825/argentina_1440x810.webp?v=1,TyC Sports,https://www.tycsports.com/seleccion-argentina/que-cambio-en-la-camiseta-de-la-seleccion-argentina-que-uso-ante-bolivia-id763707.html,https://x.com/Argentina/status/2101366284768174308,Hernán Cortez/Getty Images,MEDIA,,OK,La camiseta argentina volvió a lucir el parche de campeón de América.,,FALSE,
SI,30/09/2026,21:28,SELECCIÓN ARGENTINA,LAUTARO MARTÍNEZ Y NICO PAZ PUSIERON 2-0 A ARGENTINA ANTE BOLIVIA,"La Selección Argentina se fue al descanso 2-0 arriba frente a Bolivia en el estadio Mario Alberto Kempes. Lautaro Martínez abrió el marcador a los 19 minutos después de una habilitación de Alexis Mac Allister y definió cruzado ante Guillermo Viscarra.

A los 28, Exequiel Palacios filtró un pase para Nicolás Paz y el mediapunta del Como resolvió con un toque por encima del arquero para ampliar la ventaja. Fue el segundo gol del jugador surgido en Real Madrid con la camiseta mayor.

El equipo de Lionel Scaloni controló la primera parte con el doble nueve formado por Lautaro y Julián Álvarez, mientras que Bolivia realizó un cambio obligado antes del entretiempo.",https://www.tycsports.com/seleccion-argentina/goles-seleccion-argentina-bolivia-amistoso-id763699.html,https://media.tycsports.com/files/2026/09/30/991823/seleccion-argentina-festejo-de-gol-lautaro-martinez_1440x810.webp,TyC Sports,https://www.tycsports.com/seleccion-argentina/goles-seleccion-argentina-bolivia-amistoso-id763699.html,https://x.com/Argentina/status/2101366284768174308,TyC Sports,ALTA,,OK,Lautaro Martínez y Nico Paz marcaron los dos goles argentinos del primer tiempo.,EMBED EXACTO PRIORITARIO,FALSE,
SI,30/09/2026,21:19,SELECCIÓN ARGENTINA,LAPORTE ACUSÓ A LA SELECCIÓN ARGENTINA DE PRACTICAR “ANTIFÚTBOL” EN EL MUNDIAL,"Aymeric Laporte volvió sobre la final del Mundial 2026 y cuestionó con dureza el estilo de la Selección Argentina. El defensor campeón con España sostuvo que durante el torneo a la Albiceleste se le permitieron acciones que, a su entender, excedieron la intensidad habitual.

El zaguero calificó esa conducta como “antifútbol” y afirmó que le molestaron los empujones y la agresividad que observó en varios partidos. Al referirse a Nicolás Otamendi, aclaró que lo conoce de Manchester City y que fuera de la cancha mantiene una buena relación con él.

Laporte también indicó que no proyecta disputar el Mundial 2030 y valoró la dimensión de haber conseguido el título con España en Estados Unidos, México y Canadá.",https://www.tycsports.com/seleccion-argentina/aymeric-laporte-apunto-contra-argentina-por-el-mundial-y-la-trato-de-antifutbol-id763698.html,https://media.tycsports.com/files/2026/09/30/991808/aymeric-laporte_1440x810.webp,TyC Sports,https://www.tycsports.com/seleccion-argentina/aymeric-laporte-apunto-contra-argentina-por-el-mundial-y-la-trato-de-antifutbol-id763698.html,https://x.com/Argentina/status/2101366284768174308,TyC Sports,MEDIA,,OK,Aymeric Laporte cuestionó el estilo de Argentina durante el Mundial 2026.,,FALSE,
SI,30/09/2026,21:03,SELECCIÓN ARGENTINA,ROMÁN VEGA DEBUTÓ EN LA SELECCIÓN Y FUE EL ESTRENO NÚMERO 66 DEL CICLO SCALONI,"Román Vega disputó su primer partido con la Selección Argentina al ser titular frente a Bolivia en Córdoba. El lateral izquierdo del Zenit se convirtió en el futbolista número 66 que debuta durante el ciclo de Lionel Scaloni.

El jugador de 22 años completó la defensa junto a Agustín Giay, Cristian Romero y Lisandro Martínez. Su aparición representa una alternativa para un puesto en el que el cuerpo técnico busca ampliar las opciones de recambio.

Vega, surgido en Argentinos Juniors, había sido una de las sorpresas de la convocatoria. El amistoso fue su primera prueba después de que Scaloni lo incluyera por primera vez en una lista de la Selección mayor.",https://www.tycsports.com/seleccion-argentina/roman-vega-lista-debutantes-scaloni-seleccion-argentina-id763685.html,https://media.tycsports.com/files/2026/09/30/991768/vega_862x485.webp,TyC Sports,https://www.tycsports.com/seleccion-argentina/roman-vega-lista-debutantes-scaloni-seleccion-argentina-id763685.html,https://x.com/Argentina/status/2101366284768174308,TyC Sports,ALTA,,OK,Román Vega debutó como titular en la Selección Argentina.,,FALSE,
SI,30/09/2026,20:59,SELECCIÓN ARGENTINA,LA NUEVA ETAPA DE LA SELECCIÓN COMENZÓ SIN LA CÁBALA DE LOS CARAMELOS,"El primer partido de la Selección Argentina después del Mundial marcó el final, al menos por ahora, de la tradicional cábala de los caramelos. La ausencia simultánea de Rodrigo De Paul y Leandro Paredes dejó sin protagonistas al ritual previo a los encuentros.

La costumbre había comenzado junto a Alejandro Gómez durante la Copa América 2021 y continuó en los torneos siguientes. Paredes contó que comía siete caramelos antes de cada partido, mientras que De Paul elegía catorce.

Paredes no integra esta ventana por su sanción y De Paul solamente se sumará para la despedida de Lionel Messi ante Benín. Por eso, el rito podría reaparecer una última vez en ese encuentro.",https://www.tycsports.com/seleccion-argentina/el-nuevo-ciclo-de-scaloni-arranco-sin-una-de-las-costumbres-de-la-seleccion-id763696.html,https://media.tycsports.com/files/2026/09/30/991804/rodrigo-de-paul-leandro-paredes-cabala-caramelos_862x485.webp,TyC Sports,https://www.tycsports.com/seleccion-argentina/el-nuevo-ciclo-de-scaloni-arranco-sin-una-de-las-costumbres-de-la-seleccion-id763696.html,https://x.com/Argentina/status/2101366284768174308,TyC Sports,MEDIA,,OK,La ausencia de De Paul y Paredes interrumpió la cábala de los caramelos.,,FALSE,
SI,30/09/2026,20:45,SELECCIÓN ARGENTINA,"ARGENTINA CONFIRMÓ EL ONCE CON PRESTIANNI, NICO PAZ Y ROMÁN VEGA ANTE BOLIVIA","Lionel Scaloni confirmó la formación de la Selección Argentina para el amistoso ante Bolivia en el estadio Mario Alberto Kempes. Gianluca Prestianni, Nicolás Paz y Román Vega quedaron entre los titulares en el comienzo de la nueva etapa del equipo.

El once quedó integrado por Emiliano Martínez; Agustín Giay, Cristian Romero, Lisandro Martínez y Vega; Paz, Exequiel Palacios, Alexis Mac Allister y Prestianni; Julián Álvarez y Lautaro Martínez. El Cuti Romero fue designado capitán.

Vega realizó su debut absoluto y Prestianni ganó la pulseada por el último lugar que permanecía abierto. El partido comenzó a las 21 con arbitraje del colombiano Jhon Ospina.",https://www.tycsports.com/amistosos-de-selecciones/amistosos-internacionales-masc-2026-argentina-vs-bolivia-amistosos-id763413.html,https://media.tycsports.com/files/2026/09/30/991807/argentina_1440x810.webp?v=1,TyC Sports,https://www.tycsports.com/amistosos-de-selecciones/amistosos-internacionales-masc-2026-argentina-vs-bolivia-amistosos-id763413.html,https://x.com/Argentina/status/2101366284768174308,TyC Sports,ALTA,,OK,Argentina confirmó su formación para enfrentar a Bolivia en Córdoba.,,FALSE,
SI,30/09/2026,20:39,CURIOSIDADES,LA RECOMENDACIÓN DE GUSTAVO SCARPA LLEVÓ A TOLSTÓI AL NÚMERO UNO EN BRASIL,"Gustavo Scarpa, mediocampista de Atlético Mineiro, provocó un fenómeno editorial después de recomendar en su canal de YouTube La muerte de Iván Ilich, de León Tolstói. El video superó las 700 mil reproducciones y un fragmento en Instagram pasó el millón de visualizaciones.

La repercusión llevó la novela breve al primer puesto entre los libros más vendidos de Amazon Brasil. Scarpa, que publica contenidos literarios desde 2019, destacó la responsabilidad de las figuras públicas y contrapuso la difusión de libros con la promoción de plataformas de apuestas.

El futbolista adelantó que entre sus próximas lecturas aparecen Guerra y paz, El mito de Sísifo y Rojo y negro, además de un regreso a la obra de Dostoievski.",https://www.tycsports.com/curiosidades/la-recomendacion-de-un-futbolista-brasileno-termino-en-el-libro-mas-vendido-del-pais-id763695.html,https://media.tycsports.com/files/2026/09/30/991791/scarpa-_1440x810.webp?v=1,TyC Sports,https://www.tycsports.com/curiosidades/la-recomendacion-de-un-futbolista-brasileno-termino-en-el-libro-mas-vendido-del-pais-id763695.html,https://x.com/folha/status/2104360440847335610,TyC Sports,MEDIA,,OK,Gustavo Scarpa convirtió su recomendación de Tolstói en un fenómeno editorial en Brasil.,,FALSE,
SI,30/09/2026,20:22,FÚTBOL INTERNACIONAL,THE TIMES CARGÓ CONTRA GUARDIOLA POR EL FALLO FINANCIERO A MANCHESTER CITY,"La condena contra Manchester City por irregularidades financieras sumó una fuerte repercusión en Inglaterra. El columnista Matthew Syed, de The Times, cuestionó a Pep Guardiola por su defensa pública del club y planteó si desconocía las maniobras o si estaba al tanto de ellas.

El periodista afirmó que el legado deportivo del entrenador quedará condicionado por el período investigado y recordó que Guardiola dirigió durante dos de las temporadas comprendidas en el expediente. También puso en duda el valor de los logros obtenidos bajo esa estructura financiera.

La reacción apareció después de que Guardiola publicara un mensaje de apoyo al City, sus dirigentes, jugadores y simpatizantes. El club puede apelar y todavía espera que se establezcan las sanciones correspondientes.",https://www.tycsports.com/futbol-internacional/un-fraude-o-es-miope-fuerte-reaccion-en-inglaterra-a-los-dichos-de-guardiola-sobre-manchester-city-id763684.html,https://media.tycsports.com/files/2026/09/30/991786/pep-guardiola-_1440x810.webp?v=1,TyC Sports,https://www.tycsports.com/futbol-internacional/un-fraude-o-es-miope-fuerte-reaccion-en-inglaterra-a-los-dichos-de-guardiola-sobre-manchester-city-id763684.html,https://x.com/PepTeam/status/2105269081276350584,TyC Sports,MEDIA,,OK,Pep Guardiola recibió críticas en Inglaterra por su respaldo a Manchester City.,,FALSE,
SI,30/09/2026,20:08,SELECCIÓN ARGENTINA,JHON OSPINA SERÁ EL ÁRBITRO DE ARGENTINA-BOLIVIA EN CÓRDOBA,"El colombiano Jhon Ospina fue confirmado como árbitro principal del amistoso entre Argentina y Bolivia en el estadio Mario Alberto Kempes. El encuentro comenzará a las 21 y será el primer compromiso de la Selección después del Mundial.

Miguel Roldán y Roberto Padilla, también colombianos, serán los asistentes, mientras que Carlos Ortega actuará como cuarto árbitro. La designación quedó confirmada en la previa inmediata del partido.",https://www.infobae.com/deportes/2026/09/30/la-seleccion-argentina-jugara-un-amistoso-ante-bolivia-en-su-primer-partido-tras-el-mundial-hora-tv-y-todo-lo-que-hay-que-saber/,https://www.infobae.com/resizer/v2/CNNX33INQBEIJMUOLNEIACOANY.jpg?auth=f109cf72344a4f9b76c8eb8eef1e1f9a61284ded66ffbfa2bae42ba112694271&height=220&quality=85&smart=true&width=350,Infobae Deportes,https://www.infobae.com/deportes/2026/09/30/la-seleccion-argentina-jugara-un-amistoso-ante-bolivia-en-su-primer-partido-tras-el-mundial-hora-tv-y-todo-lo-que-hay-que-saber/,https://x.com/Argentina/status/2101366284768174308,EFE,ALTA,,TEMPORAL,Foto de archivo pertinente de Jhon Ospina; reemplazar por imagen del partido si aparece.,,FALSE,
SI,30/09/2026,20:08,SELECCIÓN ARGENTINA,EL CLUB DE BARRIO QUE FORMÓ AL CUTI ROMERO RECORDÓ SUS PRIMEROS PASOS,"San Lorenzo de Barrio Las Flores, el club cordobés donde Cristian Romero comenzó a jugar, recordó la infancia del nuevo capitán de la Selección Argentina. Sus formadores destacaron que desde chico mostraba personalidad, liderazgo y capacidad para ocupar distintos puestos.

Daniel Ríos, coordinador de la institución, contó que el Cuti llegó a jugar de arquero y mediocampista antes de continuar su formación en Talleres y Belgrano. El club conserva camisetas y planillas en las que Romero ya aparecía como capitán.

La historia cobró actualidad antes del amistoso con Bolivia, primer partido de Romero con la cinta argentina. Su familia acompañó el encuentro en Córdoba y el club preparó una camiseta como reconocimiento.",https://www.tycsports.com/seleccion-argentina/antes-de-ser-el-cuti-romero-de-la-seleccion-argentina-el-club-de-barrio-que-formo-al-futuro-capitan-id763681.html,https://media.tycsports.com/files/2026/09/30/991764/cristian-cuti-romero-san-lorenzo-de-barrio-las-flores_416x234.webp,TyC Sports,https://www.tycsports.com/seleccion-argentina/antes-de-ser-el-cuti-romero-de-la-seleccion-argentina-el-club-de-barrio-que-formo-al-futuro-capitan-id763681.html,https://x.com/Argentina/status/2101366284768174308,TyC Sports,MEDIA,,OK,San Lorenzo de Barrio Las Flores recordó los comienzos del Cuti Romero.,,FALSE,
SI,30/09/2026,19:57,BOCA,MARCHESÍN SE SUMÓ AL SIMRACING MIENTRAS AVANZA CON SU RECUPERACIÓN EN BOCA,"Agustín Marchesín incorporó el simracing como nuevo pasatiempo mientras atraviesa la etapa final de recuperación por la rotura del ligamento cruzado de la rodilla derecha. El arquero recibió un simulador personalizado y comenzó a practicar carreras virtuales.

La disciplina busca reproducir con precisión la conducción y los circuitos del automovilismo real; también la utilizan pilotos profesionales y figuras del fútbol como Sergio Agüero, Emiliano Martínez y Thibaut Courtois.

Marchesín tiene contrato con Boca hasta diciembre y pretende renovar, aunque todavía no comenzaron las conversaciones. Cuando reciba el alta deberá competir por el puesto con Álvaro Montero, incorporado durante su ausencia.",https://www.tycsports.com/boca-juniors/cuidate-colapinto-el-nuevo-hobby-de-agustin-marchesin-id763687.html,https://media.tycsports.com/files/2026/09/30/991782/el-simulador-de-carreras-personalizado-que-recibio-agustin-marchesin_862x485.webp?v=6,TyC Sports,https://www.tycsports.com/boca-juniors/cuidate-colapinto-el-nuevo-hobby-de-agustin-marchesin-id763687.html,https://x.com/DSportsRadio/status/2039740862645612564,TyC Sports,MEDIA,,OK,Agustín Marchesín recibió un simulador personalizado durante su recuperación.,EMBED EXACTO PRIORITARIO,FALSE,
SI,30/09/2026,19:12,FÚTBOL INTERNACIONAL,LA FEDERACIÓN SUIZA RETIRÓ SU APOYO A INFANTINO PARA LAS ELECCIONES DE FIFA,"La Federación Suiza de Fútbol anunció que dejará de respaldar a Gianni Infantino en su intento de continuar al frente de la FIFA. La entidad tomó la decisión después de revisar los acontecimientos recientes y cuestionó la conducción, la transparencia y los procesos internos del organismo.

El comunicado mencionó dudas sobre la claridad normativa, la integridad de las competiciones y la rendición de cuentas. Suiza consideró que esas condiciones son indispensables para sostener una candidatura de cara a las elecciones previstas para marzo de 2027.

La federación aclaró que mantendrá la relación institucional con la FIFA, pero no acompañará la reelección mientras esas cuestiones sigan sin respuesta. La decisión representa una pérdida estratégica para Infantino en el país donde funciona la sede del organismo.",https://www.tycsports.com/futbol-internacional/el-nuevo-reves-que-sufrio-gianni-infantino-la-federacion-de-suiza-le-quito-el-apoyo-id763671.html,https://media.tycsports.com/files/2026/09/30/991770/gianni-infantino_1440x810.webp?v=2,TyC Sports,https://www.tycsports.com/futbol-internacional/el-nuevo-reves-que-sufrio-gianni-infantino-la-federacion-de-suiza-le-quito-el-apoyo-id763671.html,https://www.youtube.com/watch?v=P1ZdjXH5oWY,TyC Sports,MEDIA,,OK,Gianni Infantino perdió el respaldo de la Federación Suiza.,,FALSE,
SI,30/09/2026,19:08,SELECCIÓN ARGENTINA,EL DIBU ENCABEZÓ EL GESTO DE LA SELECCIÓN CON LOS HINCHAS EN CÓRDOBA,"Emiliano Martínez encabezó el acercamiento de la Selección Argentina con los hinchas que esperaban al plantel en Córdoba antes del amistoso ante Bolivia. El arquero pidió que se habilitara el contacto con la gente y se acercó a firmar autógrafos y sacarse fotos.

Después se sumaron varios compañeros y Lionel Scaloni. La delegación había llegado al hotel Quorum y fue recibida por cientos de simpatizantes, en una previa marcada por el regreso de la Selección a Córdoba.",https://www.infobae.com/deportes/2026/09/30/el-gesto-del-dibu-martinez-y-el-plantel-de-la-seleccion-argentina-al-arribar-a-cordoba-la-multitudinaria-bienvenida/,https://www.infobae.com/resizer/v2/DIUSKX4V75HXFOKD6EMESRZAY4.jfif?auth=fdc0070ae0e9fadae64dfd4b5a18c993f61233b3673c9c8d6fbe3fd3337a1f2a&height=233&quality=85&smart=true&width=350,Infobae Deportes,https://www.infobae.com/deportes/2026/09/30/el-gesto-del-dibu-martinez-y-el-plantel-de-la-seleccion-argentina-al-arribar-a-cordoba-la-multitudinaria-bienvenida/,https://x.com/Argentina/status/2101366284768174308,@Argentina,MEDIA,,OK,Imagen específica de la llegada de la Selección a Córdoba difundida por @Argentina.,,FALSE,
SI,30/09/2026,19:03,AUTOMOVILISMO,EL MOTOGP DEFINIÓ LOS PRECIOS PARA SU REGRESO A BUENOS AIRES,"El MotoGP difundió los valores de las entradas para el Gran Premio que se disputará del 9 al 11 de abril en el renovado autódromo de la Ciudad de Buenos Aires. Será el regreso de la máxima categoría del motociclismo mundial al circuito porteño.

Los tickets partirán desde 194.520 pesos para una ubicación en la recta y llegarán hasta 5.349.300 pesos en el Apex Club Elite. Entre ambos extremos habrá distintas tribunas y experiencias para los espectadores.

La venta se realizará mediante el sitio oficial de entradas de MotoGP. Del 1 al 7 de octubre habrá una preventa para clientes del Banco Ciudad, con hasta seis cuotas sin interés.",https://www.tycsports.com/automovilismo/revelan-los-precios-de-las-entradas-para-el-motogp-en-buenos-aires-precios-argentina-entradas-id763683.html,https://media.tycsports.com/files/2025/01/20/804453/motogp-en-termas_1440x810.webp?v=2,TyC Sports,https://www.tycsports.com/automovilismo/revelan-los-precios-de-las-entradas-para-el-motogp-en-buenos-aires-precios-argentina-entradas-id763683.html,https://www.youtube.com/watch?v=1MF3SVLPOss,TyC Sports,ALTA,,TEMPORAL,Imagen de archivo pertinente del MotoGP; reemplazar si aparece material del autódromo porteño.,,FALSE,
SI,30/09/2026,18:03,FÚTBOL INTERNACIONAL,EL GOBIERNO BRITÁNICO CALIFICÓ DE MUY GRAVE EL FALLO CONTRA MANCHESTER CITY,"El fallo que declaró a Manchester City responsable de 115 de los 116 cargos por irregularidades financieras provocó una reacción del Gobierno británico. La ministra de Deportes, Lisa Nandy, calificó el expediente como «increíblemente serio» y señaló que las consecuencias pueden ser muy importantes si la resolución queda firme.

La funcionaria evitó anticipar una sanción mientras continúe la apelación, pero recordó que el reglamento contempla medidas extremas, incluida la expulsión de la Premier League. También reclamó reglas financieras claras, consistentes y aplicadas con rapidez.

El club niega las irregularidades y dispone de una instancia de revisión. La comisión independiente todavía no comunicó el castigo, por lo que el futuro deportivo e institucional del City sigue abierto.",https://www.tycsports.com/premier-league/el-gobierno-britanico-califico-de-increiblemente-serio-el-fallo-contra-manchester-city-por-irregularidades-financieras-id763672.html,https://media.tycsports.com/files/2026/09/30/991752/estadio-manchester-city_1440x810.webp,TyC Sports,https://www.tycsports.com/premier-league/el-gobierno-britanico-califico-de-increiblemente-serio-el-fallo-contra-manchester-city-por-irregularidades-financieras-id763672.html,https://x.com/PepTeam/status/2105269081276350584,TyC Sports,MEDIA,,OK,El caso financiero de Manchester City generó una reacción del Gobierno británico.,,FALSE,
SI,30/09/2026,17:40,FÚTBOL ARGENTINO,BOCA GANÓ EL SUPERCLÁSICO FEMENINO CON UN GOL DE OJEDA A LOS 92 MINUTOS,"Boca se quedó con el Superclásico femenino al vencer 2-1 a River como visitante en River Camp. Julieta Lema abrió el marcador para las Gladiadoras a los 24 minutos y Mercedes Diz igualó para las Millonarias a los 54.

Cuando el empate parecía definitivo, Andrea Ojeda apareció a los 92 minutos y marcó el gol del triunfo, pocos minutos después de haber ingresado. Con la victoria, Boca quedó segundo y a dos puntos de San Luis FC, mientras que River continúa décimo.",https://www.tycsports.com/river-plate/boca-le-gano-agonicamente-el-superclasico-femenino-a-river-id763668.html,https://media.tycsports.com/files/2026/09/30/991748/river-boca_416x234.webp?v=1,TyC Sports,https://www.tycsports.com/river-plate/boca-le-gano-agonicamente-el-superclasico-femenino-a-river-id763668.html,https://x.com/BocaJrsFutFem/status/2105406387282923756,@BocaJrsFutFem,ALTA,,OK,Imagen específica del Superclásico femenino River-Boca.,,FALSE,
SI,30/09/2026,17:08,SELECCIÓN ARGENTINA,MOHAMED RESPALDÓ LA CONTINUIDAD DE SCALONI EN LA SELECCIÓN,"Antonio Mohamed se mostró a favor de que Lionel Scaloni continúe al frente de la Selección Argentina. El entrenador del Toluca sostuvo que el técnico conoce al plantel, tiene experiencia y cuenta con la estructura necesaria para encarar la etapa de recambio.

El Turco señaló que uno de los grandes desafíos será reconstruir variantes para el equipo después de Lionel Messi. A la vez, reiteró que se siente capacitado para dirigir a la Selección en algún momento, aunque dejó claro que hoy considera conveniente la continuidad de Scaloni.",https://www.tycsports.com/seleccion-argentina/turco-mohamed-continuidad-lionel-scaloni-seleccion-argentina-id763666.html,https://media.tycsports.com/files/2026/09/30/991745/mohamed_416x234.webp?v=2,TyC Sports,https://www.tycsports.com/seleccion-argentina/turco-mohamed-continuidad-lionel-scaloni-seleccion-argentina-id763666.html,https://x.com/Argentina/status/2101366284768174308,TyC Sports,MEDIA,,OK,Imagen específica de Antonio Mohamed publicada por TyC Sports.,,FALSE,
SI,30/09/2026,16:44,RACING,VÍCTOR BLANCO DEJÓ ABIERTA LA PUERTA A VOLVER A RACING,"Víctor Blanco habló sobre el presente de Racing y no descartó volver a participar activamente en la vida política del club. El ex presidente reconoció que sigue con preocupación la actualidad de la Academia y admitió que extraña su etapa al frente de la institución.

Consultado por una eventual candidatura en las elecciones de 2028, evitó confirmarla y sostuvo que la decisión se evaluará cuando llegue el momento. También expresó su deseo de que Racing pueda superar rápidamente el mal momento.",https://www.tycsports.com/racing-club/victor-blanco-racing-id763662.html,https://media.tycsports.com/files/2026/09/30/991741/victor-blanco_416x234.webp?v=2,TyC Sports,https://www.tycsports.com/racing-club/victor-blanco-racing-id763662.html,https://www.youtube.com/watch?v=LgZVQdzakC0,TyC Sports,MEDIA,,OK,Imagen específica de Víctor Blanco publicada por TyC Sports.,,FALSE,
SI,30/09/2026,15:54,BOCA,MADELÓN ELOGIÓ A PAREDES Y LO COMPARÓ CON BOCHINI ANTES DE VISITAR A BOCA,"Leonardo Madelón analizó el desafío de Unión ante Boca y puso el foco en Leandro Paredes. El entrenador destacó la jerarquía del mediocampista y lo comparó con Ricardo Bochini por su capacidad para manejar los tiempos y encontrar espacios.

De cara a la visita a la Bombonera, Madelón anticipó que Unión intentará incomodar al capitán de Boca con una marca zonal y limitar su influencia en la generación de juego. También remarcó el buen momento del equipo xeneize como local.",https://www.tycsports.com/boca-juniors/madelon-elogio-a-boca-antes-de-visitar-la-bombonera-y-comparo-a-paredes-con-bochini-id763656.html,https://media.tycsports.com/files/2026/09/27/991205/leandro-paredes-el-capitan-de-la-remontada-de-boca_416x234.webp,TyC Sports,https://www.tycsports.com/boca-juniors/madelon-elogio-a-boca-antes-de-visitar-la-bombonera-y-comparo-a-paredes-con-bochini-id763656.html,https://x.com/BocaJrsOficial/status/2043814339337932911,TyC Sports,MEDIA,,OK,"Imagen pertinente de Leandro Paredes, protagonista central de la noticia.",,FALSE,
SI,30/09/2026,15:52,SELECCIÓN ARGENTINA,ZANETTI LE AGRADECIÓ A MESSI Y PALPITÓ SU DESPEDIDA DE LA SELECCIÓN,"Javier Zanetti se refirió a la inminente despedida de Lionel Messi de la Selección Argentina y destacó el cariño que recibirá el capitán en su último partido con la camiseta albiceleste. El ex lateral agradeció públicamente todas las alegrías que Messi le dio al país.

Zanetti explicó que no podrá estar presente en el encuentro del 6 de octubre, pero valoró el legado del rosarino y también destacó la base competitiva que dejó el último ciclo de la Selección para afrontar el recambio.",https://www.tycsports.com/seleccion-argentina/mesaje-emotivo-javier-zanetti-lionel-messi-id763655.html,https://media.tycsports.com/files/2026/09/30/991734/zanetti_416x234.webp?v=1,TyC Sports,https://www.tycsports.com/seleccion-argentina/mesaje-emotivo-javier-zanetti-lionel-messi-id763655.html,https://www.youtube.com/watch?v=RTtXLaSbwZs,TyC Sports,MEDIA,,OK,Imagen específica de Javier Zanetti publicada por TyC Sports.,,FALSE,
SI,30/09/2026,15:18,INDEPENDIENTE,BANEGAS SE ENTRENÓ POR PRIMERA VEZ Y PUEDE DEBUTAR ANTE INSTITUTO,"Nahuel Banegas tuvo su primer entrenamiento con Independiente en Villa Domínico y Jadson Viera analiza incluirlo desde el arranque frente a Instituto. El lateral llegó como refuerzo y rápidamente quedó en consideración para el partido del viernes a las 19:15.

La chance creció por la lesión de Federico Zabala, quien sufrió una fractura en el dedo gordo del pie. Ramiro Martino es la otra alternativa para el sector. Además, el cuerpo técnico sigue la evolución física de Matías Arrayago y del Chimy Ávila.",https://www.tycsports.com/independiente/banegas-independiente-jadson-viera-instituto-entrenamiento-id763652.html,https://media.tycsports.com/files/2026/09/30/991729/jadson-viera-independiente-entrenamiento_416x234.webp?v=1,TyC Sports,https://www.tycsports.com/independiente/banegas-independiente-jadson-viera-instituto-entrenamiento-id763652.html,https://www.youtube.com/watch?v=XNwCa8gv7LI,TyC Sports,ALTA,,OK,Imagen específica del entrenamiento de Independiente publicada por TyC Sports.,,FALSE,
SI,30/09/2026,15:06,RIVER,EZEQUIEL CENTURIÓN RENOVÓ HASTA 2029 Y SE QUEDA EN RIVER,"Ezequiel Centurión acordó la renovación de su contrato con River hasta diciembre de 2029. El arquero de 29 años regresó tras su préstamo en Independiente Rivadavia y, aunque no sumó minutos en Primera durante 2026, el club decidió asegurar su continuidad.

La decisión también contempla el futuro del puesto: Santiago Beltrán se consolidó como titular y es seguido desde Europa. Si el juvenil es transferido, Centurión quedará como una alternativa del plantel mientras River evalúa si incorpora otro arquero.",https://www.tycsports.com/river-plate/ezequiel-centurion-renueva-su-contrato-y-se-queda-en-river-id763646.html,https://media.tycsports.com/files/2026/09/30/991723/ezequiel-centurion_416x234.webp?v=1,TyC Sports,https://www.tycsports.com/river-plate/ezequiel-centurion-renueva-su-contrato-y-se-queda-en-river-id763646.html,https://www.youtube.com/watch?v=_oYVklPzr98,TyC Sports,MEDIA,,OK,Imagen específica de Ezequiel Centurión publicada por TyC Sports.,,FALSE,
SI,30/09/2026,15:01,TENIS,DJOKOVIC ANTICIPÓ EL DUELO CON BU YUNCHAOKETE TRAS SU DEBUT GANADOR EN BEIJING,"Novak Djokovic superó a Nuno Borges en la primera ronda del ATP 500 de Beijing y ya se enfoca en Bu Yunchaokete, su próximo rival. El serbio destacó que enfrentará por primera vez al tenista chino y que el público local generará un clima especial.

El ex número uno explicó que las condiciones más frescas y el pique bajo pueden favorecer el juego rápido y plano de Bu. También señaló que estudiará al rival, que viene de vencer en tres sets al argentino Juan Manuel Cerúndolo.

Con humor, Djokovic cerró su análisis deseando que Bu deje de estar tan bien durante unos días. El partido definirá un lugar en la siguiente ronda del certamen chino.",https://www.espn.com.ar/tenis/nota/_/id/17321097/djokovic-bu-yunchaokete-proximo-rival-beijing-atp-500-china-tenis-declaraciones,https://a.espncdn.com/photo/2026/0930/r1724014_1296x729_16-9.jpg,ESPN Argentina,https://www.espn.com.ar/tenis/nota/_/id/17321097/djokovic-bu-yunchaokete-proximo-rival-beijing-atp-500-china-tenis-declaraciones,https://www.tennistv.com/videos/4584403/beijing-2026-r1-borges-djokovic,ESPN / Getty Images,MEDIA,,OK,"Djokovic habló de Bu Yunchaokete, su próximo rival en Beijing.",,FALSE,
SI,30/09/2026,14:58,FÚTBOL ARGENTINO,PALERMO ELOGIÓ EL JUEGO AÉREO DE ENNER VALENCIA TRAS EL TRIPLETE ANTE RACING,"Martín Palermo destacó la actuación de Enner Valencia en la remontada de Boca por 3-2 frente a Racing, por los cuartos de final de la Copa Argentina. El ecuatoriano ingresó desde el banco y convirtió los tres goles que clasificaron al Xeneize.

El entrenador de Platense remarcó la ubicación, el salto y la potencia del delantero para resolver tres centros diferentes. También ponderó la precisión de los envíos y la capacidad de Valencia para cabecear desde distintos ángulos.

Boca avanzó a las semifinales y el atacante afirmó que atravesó momentos difíciles desde su llegada, pero que conocía la exigencia del club. Su actuación reabrió la competencia por un lugar en el equipo titular.",https://tntsports.com.ar/nacional/copa-argentina-boca-racing-martin-palermo-enner-valencia-20260930-0007.html,https://assets.tntsports.com.ar/__export/1790788681697/sites/tntsports/img/2026/09/30/00024921-07.jpg_1045755187.jpg,TNT Sports Argentina,https://tntsports.com.ar/nacional/copa-argentina-boca-racing-martin-palermo-enner-valencia-20260930-0007.html,https://x.com/ECUAGOL/status/2105114231536558261,TNT Sports,MEDIA,,OK,Palermo analizó el triplete de Enner Valencia en la remontada de Boca.,,FALSE,
SI,30/09/2026,14:51,SELECCIÓN ARGENTINA,LA UBA DISTINGUIRÁ A LIONEL MESSI CON UN DOCTORADO HONORIS CAUSA,"La Universidad de Buenos Aires otorgará a Lionel Messi su máxima distinción honorífica. El Consejo Superior aprobó por unanimidad el Doctorado Honoris Causa y programó la entrega para el 6 de octubre, antes de la despedida de la Selección Argentina en el Monumental.

La resolución reconoce la trayectoria deportiva del capitán y valores como la excelencia, la perseverancia, la humildad y el compromiso con la representación nacional. También repasa el ciclo de títulos conseguido con la Selección mayor.

La UBA todavía no informó los detalles del acto, pero confirmó que se realizará dentro de la jornada previa al partido. El rector Ricardo Gelpi destacó a Messi como ejemplo y embajador de la cultura popular y la identidad argentina.",https://www.infobae.com/deportes/2026/09/30/la-uba-distinguira-a-lionel-messi-con-un-doctorado-honoris-causa/,https://www.infobae.com/resizer/v2/NHYNQDFLJZDIBM6EWMZZRXU3KU?auth=a136aba09f0d72c999b4fb2626970886238957cdb38a92545ff9f80154fbcfe1&smart=true&width=1200&height=675&quality=85,Infobae Deportes,https://www.infobae.com/deportes/2026/09/30/la-uba-distinguira-a-lionel-messi-con-un-doctorado-honoris-causa/,https://www.youtube.com/watch?v=YqCUt21l0aU,Infobae,ALTA,,OK,Lionel Messi recibirá el Doctorado Honoris Causa de la UBA.,,FALSE,
SI,30/09/2026,14:25,FÚTBOL INTERNACIONAL,CRISTIANO RONALDO ABANDONÓ LA CONCENTRACIÓN DE PORTUGAL TRAS SU CRUCE CON JORGE JESUS,"Cristiano Ronaldo dejó la concentración de la selección portuguesa después de la conversación que mantuvo con Jorge Jesus por su rol como suplente. El capitán había quedado en el banco ante Noruega y no sumó minutos pese a haber realizado la entrada en calor.

El entrenador explicó que existía un plan de cargas para los partidos ante Noruega y Dinamarca y que había acordado con el delantero limitar su participación. Sin embargo, la decisión final de Ronaldo abre un escenario de fuerte tensión dentro del plantel.

A Portugal le restaban dos compromisos en la ventana internacional. La salida del atacante obliga a la Federación y al cuerpo técnico a definir si se trata de una ausencia puntual o de un capítulo decisivo en su trayectoria con la selección.",https://www.directvsports.com/futbol/bombazo-en-europa-cristiano-ronaldo-abandono-la-concentracion-de-portugal-20260930-0046.html,https://assets.directvsports.com/__export/1790608805823/sites/dsports/img/2026/09/28/disexo_sin_txtulo_-_2026-09-28t121423_219.png_1698154286.png,DSports,https://www.directvsports.com/futbol/bombazo-en-europa-cristiano-ronaldo-abandono-la-concentracion-de-portugal-20260930-0046.html,https://x.com/selecaoportugal/status/2100913877282132383,DSports,ALTA,,TEMPORAL,Cristiano Ronaldo dejó la concentración de Portugal tras hablar con Jorge Jesus.,,FALSE,
SI,30/09/2026,14:09,SELECCIÓN ARGENTINA,SCALONI ENSAYÓ DOS MEDIOCAMPISTAS ABIERTOS Y CONFIRMÓ LA DUPLA LAUTARO-JULIÁN ANTE BOLIVIA,"Lionel Scaloni avanzó con la preparación del equipo argentino para el amistoso frente a Bolivia en Córdoba. La ausencia de Enzo Fernández obligó al entrenador a probar dos estructuras distintas en la mitad de la cancha y la alternativa con cuatro volantes tomó ventaja en el último ensayo.

La defensa tendría a Emiliano Martínez; Agustín Giay, Cristian Romero, Lisandro Martínez y Facundo Medina. En el mediocampo, Matías Soulé o Franco Mastantuono compiten por un lugar junto a Exequiel Palacios, Alexis Mac Allister y Nico Paz.

La novedad confirmada está en ataque: Lautaro Martínez y Julián Álvarez formarán la dupla ofensiva. El cuerpo técnico terminará de resolver la variante del mediocampo antes de comunicar el once definitivo.",https://www.espn.com.ar/futbol/mundial/nota/_/id/17297864/la-formacion-de-argentina-vs-bolivia-para-el-amistoso-internacional,https://a.espncdn.com/photo/2026/0930/r1723999_2_1296x729_16-9.jpg,ESPN Argentina,https://www.espn.com.ar/futbol/mundial/nota/_/id/17297864/la-formacion-de-argentina-vs-bolivia-para-el-amistoso-internacional,https://www.youtube.com/watch?v=pBIkWhPE08Y,ESPN / Fotobaires,ALTA,,OK,Scaloni ajustó el equipo argentino para el amistoso ante Bolivia.,,FALSE,
SI,30/09/2026,14:06,SELECCIÓN ARGENTINA,"FIFA NO LIBERARÁ CUPOS DE ARGENTINA, URUGUAY Y PARAGUAY EN LAS ELIMINATORIAS 2030","FIFA le comunicó a la CONMEBOL que las plazas de Argentina, Uruguay y Paraguay, ya clasificados como anfitriones del Mundial 2030, no se trasladarán al resto de las selecciones sudamericanas. Por eso quedarán tres cupos directos y medio en juego entre siete equipos.

Bolivia, Brasil, Chile, Colombia, Ecuador, Perú y Venezuela competirán por esas plazas. El plan preliminar de la Confederación es mantener el formato de todos contra todos, ida y vuelta, con participación completa de las diez selecciones.

Las federaciones sudamericanas volverán a reunirse en unas tres semanas para definir y oficializar el sistema. El comienzo está proyectado para marzo de 2027, aunque también se analiza postergarlo hasta septiembre.",https://www.espn.com.ar/futbol/mundial/nota/_/id/17320910/eliminatorias-sudamericanas-como-se-jugaran-cuantas-plazas-clasificados-argentina-uruguay-paraguay,https://a.espncdn.com/photo/2026/0930/r1723981_1296x729_16-9.jpg,ESPN Argentina,https://www.espn.com.ar/futbol/mundial/nota/_/id/17320910/eliminatorias-sudamericanas-como-se-jugaran-cuantas-plazas-clasificados-argentina-uruguay-paraguay,https://www.youtube.com/watch?v=pBIkWhPE08Y,ESPN,ALTA,,OK,Las Eliminatorias 2030 tendrían tres cupos directos y uno de repechaje para siete selecciones.,,FALSE,
SI,30/09/2026,13:55,FÚTBOL ARGENTINO,MARCOS ROJO DISCUTIÓ CON DIEGO MILITO Y BUSCA SALIR DE RACING,"La tensión entre Marcos Rojo y la dirigencia de Racing escaló después de que el defensor reclamara por la falta de respuesta a su representante, Kristian Bereit. La conversación con Diego Milito subió de tono y terminó en una discusión de pocos minutos.

Según la información difundida por TNT Sports, en la reunión también estaban Sebastián Saja y Kevin Feldman. Rojo mantiene la decisión de salir del club y este miércoles no se presentó al entrenamiento matutino, aunque todavía tiene contrato vigente.

El episodio se produce mientras Estudiantes aparece como posible destino y necesita reforzar la defensa. Racing deberá resolver en las próximas horas la situación contractual y disciplinaria del futbolista.",https://tntsports.com.ar/ligaprofesional/situacion-tensa-en-racing-marcos-rojo-tuvo-una-fuerte-discusion-con-diego-milito-20260930-0006.html,https://assets.tntsports.com.ar/__export/1790787169028/sites/tntsports/img/2026/09/30/00024770-03.jpg_1082521226.jpg,TNT Sports Argentina,https://tntsports.com.ar/ligaprofesional/situacion-tensa-en-racing-marcos-rojo-tuvo-una-fuerte-discusion-con-diego-milito-20260930-0006.html,https://www.youtube.com/watch?v=SWnIsRL6RwU,TNT Sports,ALTA,,OK,Marcos Rojo mantuvo una fuerte discusión con Diego Milito.,,FALSE,
SI,30/09/2026,13:47,FÚTBOL ARGENTINO,BOCA PROBÓ CAMBIOS PARA RECIBIR A UNIÓN Y ESPERA POR FLORES Y VILLA,"Boca trabajó con variantes de cara al partido ante Unión mientras Rodolfo Arruabarrena sigue la evolución de varios futbolistas. Leonel Flores debe reincorporarse tras su paso por la Selección Argentina y Sebastián Villa no participó de la práctica por un cuadro febril.

En la defensa, Facundo Herrera podría recibir descanso después de no completar el encuentro ante Racing por una molestia muscular. Marco Pellegrino o Ayrton Costa aparecen como alternativas para ocupar su lugar.

El plantel volverá a entrenarse antes de que el Vasco confirme la convocatoria y la formación. La condición física de Flores, la recuperación de Villa y la respuesta de Herrera serán los puntos centrales de la última evaluación.",https://www.tycsports.com/boca-juniors/boca-equipo-entrenamiento-union-arruabarrena-flores-villa-herrera-pellegrino-id763638.html,https://media.tycsports.com/files/2026/09/30/991707/arruabarrena-habla-con-flores-en-el-entrenamiento-de-boca_1440x810.webp?v=1,TyC Sports,https://www.tycsports.com/boca-juniors/boca-equipo-entrenamiento-union-arruabarrena-flores-villa-herrera-pellegrino-id763638.html,https://x.com/BocaJrsOficial/status/2043814339337932911,TyC Sports,ALTA,,OK,Boca ensayó variantes en la práctica previa al duelo con Unión.,,FALSE,
SI,30/09/2026,13:47,FÚTBOL INTERNACIONAL,DIEGO COCCA DESTACÓ EL CRECIMIENTO DE MÉXICO Y APOYÓ LA CONTINUIDAD DE SCALONI,"Diego Cocca analizó la evolución del fútbol mexicano y afirmó que la Liga MX creció por su capacidad económica y la llegada de jugadores desde Europa. El entrenador argentino valoró también la actuación del seleccionado local en el Mundial 2026.

El ex técnico de México consideró que el equipo hizo un buen torneo, aunque no pudo aprovechar por completo la ventaja de disputar todos sus partidos como local. Cocca, actualmente sin club, señaló que espera una nueva oportunidad laboral.

Sobre la Selección Argentina, respaldó la continuidad de Lionel Scaloni porque conoce al plantel y a los futbolistas que se incorporan. También marcó como próximo desafío la transición hacia una etapa sin Lionel Messi.",https://www.directvsports.com/futbol/diego-cocca-destaca-el-crecimiento-del-futbol-mexicano-ha-evolucionado-mucho-20260930-0044.html,https://assets.directvsports.com/__export/1790788129779/sites/dsports/img/2026/09/30/ssstwitter_com_1790787450943-mp4_17907881290501280.jpg_2138852299.jpg,DSports,https://www.directvsports.com/futbol/diego-cocca-destaca-el-crecimiento-del-futbol-mexicano-ha-evolucionado-mucho-20260930-0044.html,https://x.com/Argentina/status/2101366284768174308,DSports,MEDIA,,OK,Diego Cocca habló del crecimiento de México y del futuro de la Selección Argentina.,,FALSE,
SI,30/09/2026,13:29,FÚTBOL INTERNACIONAL,JORGE JESUS EXPLICÓ EL PLAN CON CRISTIANO Y MARCÓ SU AUTORIDAD EN PORTUGAL,"Jorge Jesus dio detalles del acuerdo que había establecido con Cristiano Ronaldo para administrar sus cargas en la ventana internacional. El seleccionador afirmó que inicialmente no pensaba utilizarlo ante Noruega ni Dinamarca y negó que el capitán se hubiera negado a entrenar.

La polémica nació cuando Ronaldo calentó durante el triunfo 2-1 en Oslo, pero finalmente no ingresó. El delantero se marchó al vestuario y luego trabajó en el gimnasio, una secuencia que alimentó versiones de conflicto.

Jesus sostuvo que la conversación posterior terminó bien y remarcó que la decisión deportiva le corresponde al entrenador. Portugal debía visitar a Dinamarca con Ronaldo nuevamente proyectado como suplente.",https://www.directvsports.com/futbol/jorge-jesus-marco-territorio-con-cristiano-ronaldo-en-portugal-en-un-equipo-yo-estoy-al-mando-20260930-0043.html,https://assets.directvsports.com/__export/1790787024520/sites/dsports/img/2026/09/30/cris.jpg_1160754945.jpg,DSports,https://www.directvsports.com/futbol/jorge-jesus-marco-territorio-con-cristiano-ronaldo-en-portugal-en-un-equipo-yo-estoy-al-mando-20260930-0043.html,https://x.com/selecaoportugal/status/2100913877282132383,DSports,MEDIA,,OK,Jorge Jesus explicó el plan de minutos acordado con Cristiano Ronaldo.,,FALSE,
SI,30/09/2026,13:14,FÚTBOL ARGENTINO,DIEGO COCCA SE MOSTRÓ DISPUESTO A NEGOCIAR SU REGRESO A RACING,"Diego Cocca dejó abierta la posibilidad de volver a dirigir a Racing tras la salida de Juan Pablo Vojvoda. El entrenador afirmó que conserva una fuerte identidad con el club y que está dispuesto a escuchar una propuesta de la dirigencia.

El técnico, campeón con la Academia en 2014, sostuvo que su prioridad es que la institución elija la mejor opción y resumió su postura con una frase directa: si puede ayudar, se podrá hablar. Racing analiza distintos candidatos sin apurar la decisión.

Mientras continúa la búsqueda, Sebastián Romero y Luciano Aued asumirán de manera interina. Cocca dirigió 105 partidos en sus ciclos anteriores y alcanzó un 62,22 por ciento de efectividad.",https://tntsports.com.ar/nacional/racing-diego-cocca-juan-pablo-vojvoda-chirola-romero-20260930-0005.html,https://assets.tntsports.com.ar/__export/1790784506276/sites/tntsports/img/2026/09/30/00024921-19.jpg_733299785.jpg,TNT Sports Argentina,https://tntsports.com.ar/nacional/racing-diego-cocca-juan-pablo-vojvoda-chirola-romero-20260930-0005.html,https://www.youtube.com/watch?v=G1HUlzlPT4s,TNT Sports,ALTA,,OK,Diego Cocca se ofreció a conversar con Racing por la vacante de entrenador.,,FALSE,
SI,30/09/2026,12:54,FÚTBOL INTERNACIONAL,GIRONDINS DE BORDEAUX FUE VENDIDO POR UN EURO Y CON SUS DEUDAS,"Girondins de Bordeaux, histórico campeón del fútbol francés, fue vendido simbólicamente por un euro a la empresa estadounidense Park Bench, que asumirá las deudas de la institución.

El club fundado en 1881 atraviesa la crisis más profunda de su historia. Tras varias pérdidas de categoría y sanciones administrativas, actualmente compite en el torneo regional y perdió su estatus profesional.

La nueva conducción buscará sanear las cuentas y reconstruir al equipo que ganó seis ligas francesas y tuvo a Zinedine Zidane como figura. La operación todavía deberá superar controles de gestión regionales.",https://www.tycsports.com/francia/ligue-1/historico-equipo-multicampeon-francia-zidane-figura-vendido-un-euro-id763629.html,https://media.tycsports.com/files/2026/09/30/991691/zidane-en-un-partido-exhibicion-con-girondins_416x234.webp,TyC Sports,https://www.tycsports.com/francia/ligue-1/historico-equipo-multicampeon-francia-zidane-figura-vendido-un-euro-id763629.html,https://www.youtube.com/watch?v=IZOozKNO7LU,TyC Sports,ALTA,,OK,Girondins de Bordeaux fue vendido por un euro simbólico.,,FALSE,
SI,30/09/2026,12:53,FÚTBOL INTERNACIONAL,NEYMAR REVELÓ SU SIMPATÍA POR FLAMENGO,"Neymar afirmó que, entre los clubes de Río de Janeiro, es hincha de Flamengo. La declaración se produjo durante su presencia en el Maracaná para el partido de la NFL entre Baltimore Ravens y Dallas Cowboys.

El brasileño aclaró en otras oportunidades que Santos sigue siendo el club de sus amores, pero reconoció que Flamengo ocupa el segundo lugar en sus preferencias y que le gustaría vestir esa camiseta alguna vez.

Mientras tanto, Neymar continúa recuperándose de una lesión muscular en el bíceps femoral derecho. El delantero todavía no tiene una fecha oficial para regresar a jugar con Santos.",https://tntsports.com.ar/internacional/neymar-santos-flamengo-brasil-rio-de-janeiro-20260930-0003.html,https://assets.tntsports.com.ar/__export/1790783324707/sites/tntsports/img/2026/09/30/whatsapp_image_2026-09-30_at_12_48_14.jpeg_1151250809.jpeg,TNT Sports,https://tntsports.com.ar/internacional/neymar-santos-flamengo-brasil-rio-de-janeiro-20260930-0003.html,https://www.youtube.com/watch?v=y36mDOxX2dA,TNT Sports,MEDIA,,OK,Neymar contó su simpatía por Flamengo durante una visita al Maracaná.,,FALSE,
SI,30/09/2026,12:49,SELECCIÓN ARGENTINA,AFA APELÓ LA SANCIÓN DE DIEZ PARTIDOS A LEANDRO PAREDES,"La Selección Argentina presentó una apelación ante la FIFA para reducir la sanción de diez partidos que recibió Leandro Paredes tras el altercado de la final del Mundial ante España.

La AFA pidió que la pena baje a tres encuentros. El mediocampista de Boca había sido además multado con 90 mil dólares, mientras que Nahuel Molina recibió siete fechas y Thiago Almada una.

La FIFA todavía no comunicó una decisión. Paredes estuvo presente observando la práctica del seleccionado, que prepara los amistosos ante Bolivia, Burkina Faso y Benín.",https://tntsports.com.ar/seleccion/ultimo-momento-argentina-apelo-para-reducir-la-sancion-de-un-importante-jugador-20260930-0004.html,https://assets.tntsports.com.ar/__export/1790783386002/sites/tntsports/img/2026/09/30/htf-tj6w0aauxwe.jpeg_968424439.jpeg,TNT Sports,https://tntsports.com.ar/seleccion/ultimo-momento-argentina-apelo-para-reducir-la-sancion-de-un-importante-jugador-20260930-0004.html,https://www.youtube.com/watch?v=pBIkWhPE08Y,TNT Sports,ALTA,,OK,Leandro Paredes espera la resolución de la apelación presentada por AFA.,,FALSE,
SI,30/09/2026,12:45,SELECCIÓN ARGENTINA,LA PEPA BRIZUELA CANTARÁ EL HIMNO ANTES DE ARGENTINA-BOLIVIA,"Javier La Pepa Brizuela será el encargado de interpretar el Himno Nacional antes del amistoso entre Argentina y Bolivia en el estadio Mario Alberto Kempes.

El cantante cordobés, referente del cuarteto y fundador de La Barra, atraviesa una etapa solista después de más de tres décadas de trayectoria. La convocatoria tiene un significado especial por el regreso de la Selección a Córdoba.

El partido comenzará a las 21. La ceremonia previa incluirá la interpretación de Brizuela y abrirá una jornada marcada por el reencuentro del seleccionado con el público cordobés.",https://www.tycsports.com/seleccion-argentina/quien-es-la-pepa-brizuela-el-artista-que-cantara-el-himno-antes-de-argentina-vs-bolivia-id763624.html,https://media.tycsports.com/files/2026/09/30/991693/pepa-brizuela_862x485.webp,TyC Sports,https://www.tycsports.com/seleccion-argentina/quien-es-la-pepa-brizuela-el-artista-que-cantara-el-himno-antes-de-argentina-vs-bolivia-id763624.html,https://x.com/Argentina/status/2101366284768174308,TyC Sports,MEDIA,,OK,La Pepa Brizuela cantará el Himno en el Kempes.,,FALSE,
SI,30/09/2026,12:45,TENIS,"DJOKOVIC VOLVIÓ A GANAR, PERO OTRA VEZ PIDIÓ ATENCIÓN MÉDICA","Novak Djokovic derrotó a Nuno Borges por 6-3 y 7-6 en su debut en el ATP 500 de Beijing. Fue su primera victoria en 85 días y extendió a 30-0 su récord en el torneo chino.

El serbio pidió atención médica durante el segundo set por una molestia en la zona costal y volvió a mostrar signos de agotamiento. El episodio reavivó las dudas sobre los problemas físicos que arrastra durante la temporada.

Djokovic, de 39 años, enfrentará en la segunda ronda al local Bu Yunchaokete. Pese a las molestias, cerró el partido en sets corridos y alcanzó la victoria 1178 de su carrera.",https://www.infobae.com/deportes/2026/09/30/novak-djokovic-volvio-a-ganar-un-partido-luego-de-tres-meses-pero-dejo-otra-imagen-preocupante-tras-sus-recientes-problemas-de-salud/,https://www.infobae.com/resizer/v2/FIMVSS7O3ZCKJLRXIIFHJWAFMU.png?auth=344f9a0e32ae675cdc47fb49a531e6ffb40379e93a1a49aa1810ca6af85210d4&smart=true&width=1200&height=630&quality=85,Infobae,https://www.infobae.com/deportes/2026/09/30/novak-djokovic-volvio-a-ganar-un-partido-luego-de-tres-meses-pero-dejo-otra-imagen-preocupante-tras-sus-recientes-problemas-de-salud/,https://www.tennistv.com/videos/4584403/beijing-2026-r1-borges-djokovic,Infobae,ALTA,,OK,"Novak Djokovic volvió al triunfo en Beijing, aunque pidió atención médica.",,FALSE,
SI,30/09/2026,12:44,SELECCIÓN ARGENTINA,ARGENTINA ABRE UNA NUEVA ERA ENTRE EL RECAMBIO Y LA DESPEDIDA DE MESSI,"La Selección Argentina inicia una serie de tres amistosos que combinará renovación y homenaje. Ante Bolivia y Burkina Faso empezará a ensayar un equipo sin Lionel Messi; frente a Benín llegará la despedida oficial del capitán.

Lionel Scaloni convocó a varios jóvenes y abrió la competencia por lugares en el nuevo ciclo. Nicolás Paz, Franco Mastantuono, Matías Soulé, Gianluca Prestianni y Santiago Castro integran la generación que busca ganar espacio.

El futuro del entrenador también deberá resolverse, ya que su contrato vence en diciembre. Los encuentros servirán para evaluar sociedades, repartir responsabilidades y definir la base del próximo proceso.",https://www.espn.com.ar/futbol/nota/_/id/17287589/el-final-de-una-era-y-el-inicio-de-otra-asi-sera-la-fecha-fifa-de-la-seleccion-argentina,https://a1.espncdn.com/combiner/i?img=%2Fphoto%2F2026%2F0921%2Fr1720077_1296x729_16%2D9.jpg,ESPN Argentina,https://www.espn.com.ar/futbol/nota/_/id/17287589/el-final-de-una-era-y-el-inicio-de-otra-asi-sera-la-fecha-fifa-de-la-seleccion-argentina,https://www.youtube.com/watch?v=pBIkWhPE08Y,ESPN,ALTA,,OK,La Selección inicia una etapa de recambio y prepara la despedida de Messi.,,FALSE,
SI,30/09/2026,12:37,FÚTBOL INTERNACIONAL,GUARDIOLA RESPALDÓ AL MANCHESTER CITY TRAS EL FALLO FINANCIERO,"Pep Guardiola publicó un mensaje de apoyo al Manchester City y a sus hinchas después de que el club fuera declarado culpable de 115 de 116 cargos por irregularidades financieras.

El exentrenador aseguró que seguirá junto a la institución y sostuvo que el club superará la crisis. El mensaje llegó mientras la Premier League todavía debe definir la sanción.

Las posibles consecuencias incluyen multas, quita de puntos, pérdida de títulos o incluso la expulsión de la máxima categoría. El City prepara su estrategia para la etapa de apelación.",https://www.tycsports.com/premier-league/guardiola-y-el-mensaje-de-apoyo-a-manchester-city-tras-el-historico-fallo-en-su-contra-estoy-aqui-mas-que-nunca-id763627.html,https://media.tycsports.com/files/2026/07/22/972572/guardiola_862x485.webp,TyC Sports,https://www.tycsports.com/premier-league/guardiola-y-el-mensaje-de-apoyo-a-manchester-city-tras-el-historico-fallo-en-su-contra-estoy-aqui-mas-que-nunca-id763627.html,https://x.com/PepTeam/status/2105269081276350584,TyC Sports,ALTA,,TEMPORAL,Pep Guardiola manifestó su apoyo al Manchester City.,,FALSE,
SI,30/09/2026,12:19,FÓRMULA 1,JODY SCHECKTER: DE CAMPEÓN CON FERRARI A PRODUCTOR DE MOZZARELLA Y HELADOS,"Jody Scheckter, campeón mundial de Fórmula 1 con Ferrari en 1979, cambió por completo su vida después del retiro. El sudafricano dejó los circuitos y se dedicó a la agricultura orgánica y a la producción de alimentos.

En su granja de Hampshire crió búfalos de agua y elaboró mozzarella, quesos y helados. La imagen contrasta con la del piloto que ganó en Monza y fue el último campeón de Ferrari antes de Michael Schumacher.

La producción lechera se suspendió a fines de 2023 por el aumento de los costos, aunque la propiedad continuó con otras actividades. Scheckter conserva allí varios autos de su carrera deportiva.",https://www.tycsports.com/automovilismo/fue-campeon-de-formula-1-con-ferrari-y-ahora-cambio-los-autos-por-la-mozzarella-y-los-helados-id763625.html,https://media.tycsports.com/files/2026/09/30/991690/jody-sheckter_862x485.webp,TyC Sports,https://www.tycsports.com/automovilismo/fue-campeon-de-formula-1-con-ferrari-y-ahora-cambio-los-autos-por-la-mozzarella-y-los-helados-id763625.html,https://www.formula1.com/en/video/a-letter-to-my-younger-self-jody-scheckter.1687524430677092324,TyC Sports,BAJA,,OK,Jody Scheckter cambió la Fórmula 1 por la producción orgánica.,,FALSE,
SI,30/09/2026,12:15,INDEPENDIENTE,INDEPENDIENTE SUMÓ A NAHUEL BANEGAS COMO REFUERZO,"Independiente acordó la llegada de Nahuel Banegas desde Tigre a préstamo hasta diciembre de 2027. El defensor se incorpora como una nueva opción para Jadson Viera en el tramo final del Torneo Clausura.

Tigre conservó una opción de repesca para enero. Banegas, surgido del Matador, pasó por Puerto Nuevo, Villa Dálmine, Central Córdoba y San Martín de Tucumán antes de consolidarse en Primera.

La AFA habilitó al Rojo a sumar un jugador por un cupo especial tras la grave lesión del juvenil Joel Medina. Banegas reforzará el lateral izquierdo, una zona afectada también por otras bajas.",https://tntsports.com.ar/nacional/independiente-tigre-liga-profesional-nahuel-banegas-jadson-viera-20260930-0002.html,https://assets.tntsports.com.ar/__export/1790781168949/sites/tntsports/img/2026/09/30/00024899-19.jpg_775798415.jpg,TNT Sports,https://tntsports.com.ar/nacional/independiente-tigre-liga-profesional-nahuel-banegas-jadson-viera-20260930-0002.html,https://www.youtube.com/watch?v=XNwCa8gv7LI,TNT Sports,ALTA,,OK,Nahuel Banegas se suma a Independiente a préstamo desde Tigre.,,FALSE,
SI,30/09/2026,12:03,RIVER,ATLÉTICO DE MADRID SIGUE A SANTIAGO BELTRÁN Y RIVER FIJA SU PRECIO,"Santiago Beltrán aparece en el radar de Atlético de Madrid ante una posible salida de Jan Oblak. El arquero de River, de 21 años, se consolidó como titular y ya llamó la atención del fútbol europeo.

El club de Núñez busca renovar su contrato, vigente hasta diciembre de 2027, para asegurar una venta en buenas condiciones. La base de negociación rondaría los 15 millones de euros.

Todavía no hubo contactos formales, pero River entiende que una oferta puede llegar en el próximo mercado. Si la operación avanza, el Millonario deberá buscar un reemplazante de jerarquía.",https://www.tycsports.com/river-plate/river-santiago-beltran-buscado-por-atletico-de-madrid-posible-salida-jan-oblak-id763613.html,https://media.tycsports.com/files/2026/09/30/991677/santiago-beltran-en-el-entrenamiento-de-river_1440x810.webp?v=1,TyC Sports,https://www.tycsports.com/river-plate/river-santiago-beltran-buscado-por-atletico-de-madrid-posible-salida-jan-oblak-id763613.html,https://www.youtube.com/watch?v=Oa58edvvffo,TyC Sports,ALTA,,OK,Santiago Beltrán es seguido por Atlético de Madrid.,,FALSE,
SI,30/09/2026,12:02,CURIOSIDADES,GUSTAVO SCARPA RECOMENDÓ UN LIBRO Y LO CONVIRTIÓ EN EL MÁS VENDIDO DE BRASIL,"Gustavo Scarpa, mediocampista de Atlético Mineiro, provocó un fenómeno editorial después de recomendar La muerte de Iván Ilich, de León Tolstói, en su canal de YouTube. El título pasó a encabezar las ventas de Amazon Brasil.

El video superó las 700 mil reproducciones y el fragmento difundido en Instagram alcanzó a más de un millón de personas. Las búsquedas del libro también crecieron con fuerza durante septiembre.

Scarpa comparte reseñas literarias desde 2019 y aseguró que no esperaba semejante repercusión. Su contenido incluso impulsó grupos de lectura entre hinchas del club de Belo Horizonte.",https://www.infobae.com/deportes/2026/09/30/un-futbolista-brasileno-recomendo-un-libro-en-sus-redes-sociales-y-lo-convirtio-en-el-mas-vendido-del-pais-no-lo-crei-al-principio/,https://www.infobae.com/resizer/v2/NS7MJJYWQBHSPF7YPBIJMDN4JY.jpg?auth=63cdd61bb6fe6250a12c34f4231484520518618bb217ae4bdebd7bd761a0c5d0&smart=true&width=1200&height=630&quality=85,Infobae,https://www.infobae.com/deportes/2026/09/30/un-futbolista-brasileno-recomendo-un-libro-en-sus-redes-sociales-y-lo-convirtio-en-el-mas-vendido-del-pais-no-lo-crei-al-principio/,https://x.com/folha/status/2104360440847335610,Infobae,BAJA,,OK,Gustavo Scarpa generó un fenómeno editorial con una recomendación.,,FALSE,
SI,30/09/2026,11:56,SELECCIÓN ARGENTINA,LA CAMISETA 10 QUEDARÁ VACANTE ANTE BOLIVIA Y BURKINA FASO,"Lionel Scaloni decidió que ningún jugador utilice la camiseta número 10 de la Selección Argentina ante Bolivia ni Burkina Faso. La casaca quedará reservada para la despedida de Lionel Messi frente a Benín.

La decisión preserva el símbolo más fuerte del seleccionado mientras se prepara el último partido del capitán. En la historia, casi cien futbolistas llevaron el número, desde Mario Kempes y Diego Maradona hasta nombres que lo usaron apenas una vez.

Después de la despedida de Messi, el cuerpo técnico deberá definir nuevos portadores. Nicolás Paz, Matías Soulé, Thiago Almada, Enzo Fernández y Alexis Mac Allister aparecen entre los candidatos para la etapa que comienza.",https://www.tycsports.com/seleccion-argentina/duenos-temporales-de-un-numero-unico-los-jugadores-que-usaron-la-10-de-argentina-una-sola-vez-op-id763614.html,https://media.tycsports.com/files/2026/09/30/991678/lamela-banega-y-mastantuono_1440x810.webp,TyC Sports,https://www.tycsports.com/seleccion-argentina/duenos-temporales-de-un-numero-unico-los-jugadores-que-usaron-la-10-de-argentina-una-sola-vez-op-id763614.html,https://www.youtube.com/watch?v=pBIkWhPE08Y,TyC Sports,ALTA,,OK,La camiseta 10 de Argentina quedará vacante antes de la despedida de Messi.,,FALSE,
SI,30/09/2026,11:51,FÚTBOL ARGENTINO,ATLÉTICO TUCUMÁN RECUPERA A FRANCO NICOLA PARA ENFRENTAR A BARRACAS,"Julio Falcioni podrá volver a contar con Franco Nicola para el partido de Atlético Tucumán ante Barracas Central. El Tribunal de Disciplina de AFA dio por cumplida la sanción del mediocampista uruguayo.

Nicola había sido expulsado frente a River y se perdió el encuentro con Aldosivi. Desde la llegada de Falcioni se transformó en una pieza importante por su despliegue, recuperación y participación ofensiva.

El Decano recibirá a Barracas el sábado desde las 17. La vuelta del volante amplía las opciones del entrenador para un equipo que mejoró su rendimiento y busca cerrar el Clausura con mayor protagonismo.",https://www.tycsports.com/liga-profesional-de-futbol/franco-nicola-a-disposicion-de-julio-falcioni-para-enfrentar-a-barracas-id757363.html,https://media.tycsports.com/files/2026/09/30/991632/atletico-tucuman-_862x485.webp?v=1,TyC Sports,https://www.tycsports.com/liga-profesional-de-futbol/franco-nicola-a-disposicion-de-julio-falcioni-para-enfrentar-a-barracas-id757363.html,https://x.com/LigaAFA/status/2102102889191920044,TyC Sports,MEDIA,,OK,Franco Nicola vuelve a estar disponible para Atlético Tucumán.,,FALSE,
SI,30/09/2026,11:33,AUTOMOVILISMO,MULTA MILLONARIA PARA MARCO DIANDA TRAS SUS INSULTOS EN TC PICK UP,"La ACTC sancionó a Marco Dianda con una multa de diez millones de pesos y la obligación de largar último en la próxima final de TC Pick Up. El castigo llegó por sus declaraciones luego de abandonar en Balcarce.

El piloto de 18 años quedó involucrado en un accidente múltiple y, todavía enojado, insultó a otro competidor y cuestionó a las autoridades. Más tarde pidió disculpas y atribuyó la reacción a la calentura y a su inexperiencia.

El dinero deberá depositarse en la Fundación Favaloro. Dianda quedó quinto en la Copa de Oro y todavía necesita ganar una carrera para mantener sus aspiraciones al título.",https://www.infobae.com/deportes/2026/09/30/debio-abandonar-por-un-choque-insulto-al-piloto-que-lo-dejo-fuera-de-carrera-en-la-final-del-tc-pick-up-y-recibio-una-multa-millonaria/,https://www.infobae.com/resizer/v2/ZBPDDYPXAJE6XMV7EGSY5IROTQ.jpg?auth=47287189a9d0efcfebade22df59b4787f7cfaa88e87966b9c888057ae69b489e&smart=true&width=1200&height=630&quality=85,Infobae,https://www.infobae.com/deportes/2026/09/30/debio-abandonar-por-un-choque-insulto-al-piloto-que-lo-dejo-fuera-de-carrera-en-la-final-del-tc-pick-up-y-recibio-una-multa-millonaria/,https://x.com/TomiMolinaOK/status/2104265631507828846,Infobae,MEDIA,,OK,Marco Dianda fue sancionado por la ACTC tras la final de TC Pick Up.,,FALSE,
SI,30/09/2026,11:32,SELECCIÓN ARGENTINA,ARGENTINA REGRESA A CÓRDOBA CON UN HISTORIAL MUY FAVORABLE,"La Selección Argentina vuelve a jugar en el estadio Mario Alberto Kempes, escenario en el que acumuló diez victorias, un empate y una derrota en doce presentaciones.

El recorrido comenzó en 1980 con una goleada 5-0 sobre Suiza y tuvo capítulos destacados ante Perú, Bosnia, Colombia, Ghana, Costa Rica, Brasil y Paraguay. Figuras como Maradona, Batistuta, Ortega y Messi dejaron su marca en la provincia.

El nuevo compromiso será ante Bolivia por un amistoso internacional. Córdoba vuelve así a recibir al seleccionado en el inicio de una nueva etapa después del Mundial.",https://www.espn.com.ar/futbol/mundial/nota/_/id/4977719/seleccion-argentina-antecedentes-cordoba,https://a3.espncdn.com/combiner/i?img=%2Fphoto%2F2018%2F1113%2Fr463303_1296x729_16%2D9.jpg,ESPN Argentina,https://www.espn.com.ar/futbol/mundial/nota/_/id/4977719/seleccion-argentina-antecedentes-cordoba,https://www.youtube.com/watch?v=pBIkWhPE08Y,ESPN,MEDIA,,TEMPORAL,La Selección Argentina vuelve al estadio Mario Alberto Kempes.,,FALSE,
SI,30/09/2026,11:02,FÚTBOL INTERNACIONAL,MESSI VUELVE A COMPETIR POR EL BALÓN DE ORO A LOS 39 AÑOS,"Lionel Messi integra la lista de 30 nominados al Balón de Oro y busca el noveno premio de su carrera. Su candidatura se apoya en una temporada con títulos, goles y asistencias tanto en Inter Miami como en la Selección Argentina.

El rosarino fue campeón de la MLS Cup, máximo goleador y MVP de la liga. Con Argentina alcanzó la final del Mundial, marcó ocho goles, dio cuatro asistencias y obtuvo el Balón de Plata y la Bota de Plata del torneo.

La votación evaluará rendimiento individual, logros colectivos y conducta deportiva. A los 39 años, Messi vuelve a instalarse entre los principales candidatos con argumentos ligados a su producción reciente.",https://www.espn.com.ar/futbol/nota/_/id/17316930/messi-noveno-balon-de-oro-39-anos,https://a.espncdn.com/combiner/i?img=%2Fphoto%2F2026%2F0929%2Fr1723530_1280x720_16%2D9.jpg,ESPN Argentina,https://www.espn.com.ar/futbol/nota/_/id/17316930/messi-noveno-balon-de-oro-39-anos,https://www.youtube.com/watch?v=YqCUt21l0aU,ESPN,ALTA,,OK,"Lionel Messi, nominado otra vez al Balón de Oro.",,FALSE,
SI,30/09/2026,10:53,FÚTBOL ARGENTINO,MARCOS ROJO FALTÓ A LA PRÁCTICA DE RACING Y PRESIONA PARA IRSE A ESTUDIANTES,"Marcos Rojo no se presentó al entrenamiento de Racing y profundizó el conflicto por su deseo de regresar a Estudiantes. La ausencia fue considerada injustificada y la dirigencia analiza aplicar sanciones al defensor.

El entorno del futbolista sostiene que no pretende volver a vestir la camiseta de la Academia. Racing, sin embargo, asegura que no negociará su salida y que hasta el momento no recibió una propuesta formal desde La Plata.

La novedad agrava la tensión un día después de la breve reunión entre Rojo y Diego Milito. El central disputó 21 partidos durante el año y ahora intenta forzar una resolución en plena transición deportiva tras la salida de Juan Pablo Vojvoda.",https://www.directvsports.com/futbol/marcos-rojo-no-se-presento-a-entrenar-en-racing-y-presiona-para-irse-a-estudiantes-20260930-0016.html,https://assets.directvsports.com/__export/1754958705647/sites/dsports/img/2025/08/11/gyatlv1xgaiothl.jpg_931940621.jpg,DSports,https://www.directvsports.com/futbol/marcos-rojo-no-se-presento-a-entrenar-en-racing-y-presiona-para-irse-a-estudiantes-20260930-0016.html,https://www.youtube.com/watch?v=SWnIsRL6RwU,DSports,ALTA,,OK,Marcos Rojo no se presentó a entrenar con Racing.,,FALSE,
SI,30/09/2026,10:50,SELECCIÓN ARGENTINA,SCALONI DEFINE EL ÚLTIMO LUGAR DEL ONCE ANTE BOLIVIA,"A pocas horas del amistoso ante Bolivia en Córdoba, Lionel Scaloni mantiene una duda para completar la formación de la Selección Argentina. Román Vega, Matías Soulé y Valentín Barco aparecen como alternativas según el esquema elegido.

La base tendría a Dibu Martínez; Agustín Giay, Cuti Romero, Lisandro Martínez y Facundo Medina, con Exequiel Palacios, Alexis Mac Allister y Nico Paz en el medio, más Julián Álvarez y Lautaro Martínez en ataque.

El partido se jugará desde las 21 en el Mario Alberto Kempes. Será el primer encuentro tras el Mundial y el comienzo de una serie que concluirá con la despedida de Lionel Messi ante Benín.",https://tntsports.com.ar/seleccion/probable-formacion-seleccion-argentina-20260930-0001.html,https://assets.tntsports.com.ar/__export/1790369710576/sites/tntsports/img/2026/09/15/00024766-18.jpg_262036641.jpg,TNT Sports,https://tntsports.com.ar/seleccion/probable-formacion-seleccion-argentina-20260930-0001.html,https://www.youtube.com/watch?v=pBIkWhPE08Y,TNT Sports,ALTA,,TEMPORAL,Scaloni prepara el equipo argentino para enfrentar a Bolivia.,,FALSE,
SI,30/09/2026,10:35,ARGENTINOS EN EL EXTERIOR,FABIÁN BUSTOS VOLVIÓ A UNIVERSITARIO PARA REEMPLAZAR A HÉCTOR CÚPER,"Fabián Bustos fue confirmado como nuevo entrenador de Universitario de Deportes y comenzará un segundo ciclo en el club peruano. El técnico argentino reemplaza a Héctor Cúper tras la goleada 4-0 sufrida ante Garcilaso.

Bustos había dirigido al equipo entre diciembre de 2023 y abril de 2025, etapa en la que conquistó el bicampeonato de la Liga 1. Luego pasó por Olimpia de Paraguay y Millonarios de Colombia antes de acordar su regreso.

El debut está previsto para el 10 de octubre frente a Melgar, aunque el entrenador arrastra tres fechas pendientes de una sanción impuesta por la Federación Peruana. Su principal desafío será devolver al conjunto crema a la pelea por el Torneo Clausura.",https://www.directvsports.com/futbol/fabian-bustos-regreso-a-universitario-de-deportes-para-asumir-como-nuevo-director-tecnico-20260930-0015.html,https://assets.directvsports.com/__export/1744644445588/sites/dsports/img/2025/04/14/gocnhayxgaadyrj.jpg_965735664.jpg,DSports,https://www.directvsports.com/futbol/fabian-bustos-regreso-a-universitario-de-deportes-para-asumir-como-nuevo-director-tecnico-20260930-0015.html,https://www.youtube.com/watch?v=m5YX00Oohbg,DSports,MEDIA,,OK,Fabián Bustos inició su segundo ciclo como entrenador de Universitario.,,FALSE,
SI,30/09/2026,10:29,FÚTBOL INTERNACIONAL,URUGUAY LIBERÓ A BRIAN RODRÍGUEZ POR UN PROBLEMA INSÓLITO CON SU PASAPORTE,"Brian Rodríguez fue desafectado de la selección uruguaya durante la gira por Asia por un inconveniente administrativo: su pasaporte no tenía hojas disponibles para completar los sellos y visados necesarios.

La AUF logró resolver el ingreso del delantero a Japón y Corea del Sur, pero las exigencias migratorias de India impidieron completar el trámite para la siguiente escala. El jugador ya había sido titular en los dos primeros amistosos.

Rodríguez regresará a México para reincorporarse a los entrenamientos del América. La baja no responde a una lesión ni a una decisión deportiva, sino a un problema documental que convirtió el episodio en una de las situaciones insólitas de la fecha FIFA.",https://www.directvsports.com/futbol/insolito-motivo-uruguay-libero-a-brian-rodriguez-y-el-delantero-regresa-antes-a-mexico-20260930-0014.html,https://assets.directvsports.com/__export/1790774249859/sites/dsports/img/2026/09/30/descarga_-1-.jpg_1768118386.jpg,DSports,https://www.directvsports.com/futbol/insolito-motivo-uruguay-libero-a-brian-rodriguez-y-el-delantero-regresa-antes-a-mexico-20260930-0014.html,,DSports,MEDIA,,OK,Brian Rodríguez dejó la gira de Uruguay por un problema con su pasaporte.,,FALSE,
SI,30/09/2026,10:17,ARGENTINOS EN EL EXTERIOR,ICARDI RESPONDIÓ A LAS CRÍTICAS MIENTRAS BUSCA NUEVO CLUB,"Mauro Icardi publicó un mensaje para responder a quienes cuestionan que continúe sin equipo después de su salida de Galatasaray. El delantero mostró parte de su entrenamiento individual y sostuvo que estar sin contrato le permite elegir su próximo destino.

El atacante argentino recibió sondeos de Lazio, Fiorentina, Tottenham y Everton, pero ninguna conversación prosperó. También aparecen PAOK y Olympiacos entre las alternativas, aunque por ahora se mantienen lejos de sus pretensiones.

Icardi pretende incorporarse a un club con competencia europea y continúa trabajando por su cuenta. Su publicación ratificó que se siente con opciones y que no considera urgente aceptar la primera propuesta disponible.",https://www.tycsports.com/futbol-internacional/icardi-respondio-a-las-criticas-mientras-sigue-en-la-busqueda-de-un-nuevo-club-id763599.html,https://media.tycsports.com/files/2026/09/30/991652/mauro-icardi_862x485.webp?v=1,TyC Sports,https://www.tycsports.com/futbol-internacional/icardi-respondio-a-las-criticas-mientras-sigue-en-la-busqueda-de-un-nuevo-club-id763599.html,https://www.youtube.com/watch?v=0IHEZbKBi6E,TyC Sports,MEDIA,,OK,Mauro Icardi se entrena mientras define su próximo club.,,FALSE,
SI,30/09/2026,10:09,FÚTBOL ARGENTINO,ARRUABARRENA REVELÓ SU VÍNCULO CON LA FAMILIA DE JAGGER HERRERA,"Rodolfo Arruabarrena contó que compartió las divisiones inferiores de Boca con Leonardo Herrera, padre de Facundo Jagger Herrera. El entrenador recordó que incluso formaron una dupla central durante parte de su etapa juvenil.

La conexión explica por qué el Vasco aseguró conocer a la familia del zaguero que se consolidó en Primera. Arruabarrena destacó la entereza, la fortaleza en los duelos y la evolución del defensor de 20 años.

Jagger Herrera aprovechó las lesiones de Ayrton Costa y Marco Pellegrino para ganarse un lugar y ya suma 13 partidos en el equipo principal. Su rendimiento le permitió sostener la titularidad aun después de la recuperación de sus competidores.",https://www.tycsports.com/boca-juniors/desconocida-conexion-arruabarrena-jagger-herrera-id763598.html,https://media.tycsports.com/files/2026/09/30/991648/vasco-arruabarrena-y-jagger-herrera_1440x810.webp,TyC Sports,https://www.tycsports.com/boca-juniors/desconocida-conexion-arruabarrena-jagger-herrera-id763598.html,https://www.youtube.com/watch?v=zXK4RxOOAcU,TyC Sports,MEDIA,,OK,Arruabarrena compartió las inferiores de Boca con el padre de Jagger Herrera.,,FALSE,
SI,30/09/2026,10:08,VIRALES,ANNE HATHAWAY CONTÓ CÓMO MESSI UNIÓ A SU HIJO CON UN NUEVO AMIGO,"Anne Hathaway relató una anécdota en la que Lionel Messi funcionó como punto de encuentro entre uno de sus hijos y otro niño al que acababa de conocer. La actriz les preguntó si les gustaba el capitán argentino y la respuesta abrió inmediatamente la conversación.

Hathaway explicó que ambos chicos vencieron la timidez al descubrir que compartían su admiración por Messi. La ganadora del Oscar definió al futbolista como un puente hacia cosas maravillosas y también elogió a la Argentina.

La historia surgió durante una entrevista realizada por el estreno de la película Verity: la sombra de un engaño. La escena se viralizó por mostrar el alcance cultural del argentino fuera del deporte.",https://www.tycsports.com/curiosidades/anecdota-anne-hathaway-hollywood-hijos-lionel-messi-id763597.html,https://media.tycsports.com/files/2023/01/31/529342/messi_1440x810.webp?v=1,TyC Sports,https://www.tycsports.com/curiosidades/anecdota-anne-hathaway-hollywood-hijos-lionel-messi-id763597.html,https://www.youtube.com/watch?v=k1fidz3SQI0,TyC Sports,MEDIA,,TEMPORAL,Anne Hathaway destacó el impacto de Lionel Messi fuera del fútbol.,,FALSE,
SI,30/09/2026,10:07,FÓRMULA 1,SEIS PILOTOS DE FÓRMULA 1 CORRIERON EN KARTING DURANTE SU ESCALA EN MALASIA,"Oscar Piastri, George Russell, Alex Albon, Gabriel Bortoleto, Ollie Bearman y Carlos Sainz aprovecharon su llegada anticipada a Malasia para compartir una jornada de golf y una carrera informal de karting en Langkawi.

Las imágenes mostraron a pilotos de distintas escuderías lejos de los boxes antes del Gran Premio de Malasia en Sepang. El encuentro reunió a rivales directos en una actividad distendida durante la pausa previa al trabajo oficial en pista.

La Fórmula 1 competirá del 2 al 4 de octubre y los equipos comenzarán en breve con sus obligaciones técnicas y de prensa. La salida recreativa se volvió una de las perlitas visuales de la previa del fin de semana.",https://www.infobae.com/deportes/2026/09/30/las-imagenes-de-las-mini-vacaciones-en-malasia-de-los-pilotos-de-la-formula-1-antes-del-gran-premio-la-carrera-de-kartings-que-corrieron/,https://www.infobae.com/resizer/v2/JQYYGPMICVCQHPJCLKF2JOHX4U.png?auth=ce873cee7b612ff78a25241754a64573aae89e6ecf723ebd705865bdda894375&smart=true&width=1200&height=630&quality=85,Infobae,https://www.infobae.com/deportes/2026/09/30/las-imagenes-de-las-mini-vacaciones-en-malasia-de-los-pilotos-de-la-formula-1-antes-del-gran-premio-la-carrera-de-kartings-que-corrieron/,https://www.youtube.com/watch?v=56jF73GYgW4,Infobae,MEDIA,,OK,Seis pilotos compartieron una carrera de karting en Langkawi.,EMBED EXACTO PRIORITARIO,FALSE,
SI,30/09/2026,10:03,MMA,CAMILA REYNOSO CAYÓ POR SUMISIÓN Y NO CONSIGUIÓ SU CONTRATO CON UFC,"La argentina Camila Reynoso perdió ante la brasileña Aieza Bertolso en el Dana White's Contender Series y no consiguió un contrato directo con UFC. La definición llegó a los 3 minutos y 2 segundos del primer asalto mediante un estrangulamiento invertido.

El combate se disputó en Las Vegas dentro de la división de peso paja. Bertolso mantuvo su invicto y frenó la racha de Reynoso, que llegaba a una de las oportunidades de mayor exposición de su carrera.

La peleadora argentina, de 23 años, quedó con un récord profesional de nueve victorias y dos derrotas. Ahora deberá reconstruir su camino en el circuito para aspirar a una nueva chance de ingresar a la principal organización de artes marciales mixtas.",https://www.infobae.com/deportes/2026/09/30/la-sumision-en-el-primer-round-que-sufrio-la-argentina-camila-reynoso-en-la-pelea-por-un-contrato-en-ufc/,https://www.infobae.com/resizer/v2/UA56JTXG7FAIRBHHFEML7HFHU4.jpg?auth=c0236e405e56cbe8527f8e46a239ce7ceba2bb76181177304c6ad840661d443b&smart=true&width=1200&height=630&quality=85,Infobae,https://www.infobae.com/deportes/2026/09/30/la-sumision-en-el-primer-round-que-sufrio-la-argentina-camila-reynoso-en-la-pelea-por-un-contrato-en-ufc/,https://www.ufc.com/video/160670,Infobae,MEDIA,,OK,Camila Reynoso perdió ante Aieza Bertolso en el Contender Series.,,FALSE,
SI,30/09/2026,09:42,FÚTBOL INTERNACIONAL,EL GOBIERNO BRITÁNICO ADMITIÓ QUE MANCHESTER CITY PODRÍA SER EXPULSADO DE LA PREMIER,"La ministra británica de Deportes, Lisa Nandy, calificó como muy seria la situación de Manchester City después de que la Premier League lo declarara culpable por irregularidades financieras. La funcionaria remarcó que el club conserva su derecho a apelar.

Nandy explicó que la sanción máxima disponible contempla la expulsión de la competencia si los cargos quedan firmes. También advirtió que una medida de esa magnitud tendría consecuencias para el club, los hinchas y el resto del campeonato.

La declaración oficial agrega un nuevo elemento al caso que ya mantiene en alerta al fútbol inglés. El proceso todavía debe atravesar las instancias de apelación antes de que la Premier defina el castigo definitivo.",https://www.directvsports.com/futbol/ultima-hora-el-gobierno-britanico-advirtio-que-el-manchester-city-puede-ser-expulsado-de-la-premier-league-20260930-0011.html,https://assets.directvsports.com/__export/1790771322325/sites/dsports/img/2026/09/30/641487fc590df.png_916738657.png,DSports,https://www.directvsports.com/futbol/ultima-hora-el-gobierno-britanico-advirtio-que-el-manchester-city-puede-ser-expulsado-de-la-premier-league-20260930-0011.html,https://youtu.be/xf-RUkAPbYo?si=A9KQfexwakY_wT7d,DSports,ALTA,,OK,Manchester City espera la resolución final por las irregularidades financieras.,,FALSE,
SI,30/09/2026,09:16,FÚTBOL INTERNACIONAL,RAPHINHA FUE DESAFECTADO DE BRASIL POR UNA LESIÓN MUSCULAR,"Raphinha fue desafectado de la selección de Brasil después de sufrir un edema muscular en el muslo derecho. El delantero había sentido una molestia durante el triunfo 4-2 ante Australia y quedó fuera del último amistoso frente a India.

El futbolista regresó a Barcelona para comenzar la recuperación y someterse a nuevos controles médicos. La lesión no sería grave, aunque el club quiere precisar su alcance antes de definir los plazos de regreso.

La baja genera atención porque Barcelona afrontará una seguidilla con Getafe, Galatasaray, Betis, PSG y Real Madrid. Raphinha es una pieza importante tanto para Carlo Ancelotti como para el equipo catalán.",https://www.tycsports.com/futbol-de-brasil/brasil-y-una-baja-muy-sensible-para-su-ultimo-partido-de-la-fecha-fifa--id763596.html,https://media.tycsports.com/files/2026/09/30/991643/raphinha_1440x810.webp,TyC Sports,https://www.tycsports.com/futbol-de-brasil/brasil-y-una-baja-muy-sensible-para-su-ultimo-partido-de-la-fecha-fifa--id763596.html,https://x.com/DSports/status/2101410557257544109,TyC Sports,MEDIA,,OK,Raphinha regresó a Barcelona tras sufrir un edema muscular con Brasil.,,FALSE,
SI,30/09/2026,08:54,FÚTBOL ARGENTINO,PALERMO ELOGIÓ EL HAT-TRICK DE ENNER VALENCIA ANTE RACING,"Martín Palermo analizó los tres goles de cabeza con los que Enner Valencia condujo a Boca a la clasificación frente a Racing. El máximo goleador histórico del club destacó la ejecución de los centros y la capacidad del ecuatoriano para resolver en el tiempo y la distancia exactos.

El actual entrenador de Platense señaló que Valencia marcó diferencias en el salto y en la fuerza del remate, y consideró que el arquero Gabriel Arias no tuvo margen para reaccionar. Palermo participó de una charla en la Usina del Arte, dentro del Olé Sports Summit.

Durante el encuentro también recordó su sociedad con Juan Román Riquelme y Guillermo Barros Schelotto, aunque remarcó que aquel equipo se sostenía en el funcionamiento colectivo. Los hinchas de Boca lo recibieron con una ovación y el exdelantero agradeció el reconocimiento.",https://www.tycsports.com/boca-juniors/martin-palermo-analizo-el-hat-trick-de-enner-valencia-en-boca-cabeceo-a-la-perfeccion-id763564.html,https://media.tycsports.com/files/2026/09/08/986010/palermo_1440x810.webp?v=1,TyC Sports,https://www.tycsports.com/boca-juniors/martin-palermo-analizo-el-hat-trick-de-enner-valencia-en-boca-cabeceo-a-la-perfeccion-id763564.html,https://x.com/ECUAGOL/status/2105114231536558261,Getty Images,MEDIA,,OK,Martín Palermo destacó la técnica de Enner Valencia en sus tres goles de cabeza.,,FALSE,
SI,30/09/2026,08:54,FÚTBOL ARGENTINO,NICOLÁS DIEZ ADMITIÓ QUE LA POSIBILIDAD DE DIRIGIR A RACING LO MOVILIZA,"Nicolás Diez reconoció que la posibilidad de dirigir a Racing lo moviliza y confirmó que el club ya lo había buscado en el mercado anterior para reemplazar a Gustavo Costas. El entrenador de Argentinos Juniors aparece nuevamente entre los candidatos de la dirigencia para 2027.

Diez explicó que en aquella oportunidad hubo conversaciones entre los presidentes, pero eligió no cortar su proceso en La Paternal. Tiene contrato con Argentinos hasta diciembre de 2027, una condición que representa la principal dificultad para una eventual negociación.

Racing continuará hasta fin de año con Sebastián Chirola Romero y Luciano Aued como interinos tras la salida de Juan Pablo Vojvoda. La dirigencia encabezada por Diego Milito pretende cerrar un proyecto de largo plazo para la próxima temporada.",https://www.tycsports.com/racing-club/nicolas-diez-se-refirio-a-la-posibilidad-de-dirigir-a-racing-un-club-grande-como-racing-siempre-moviliza-id763593.html,https://media.tycsports.com/files/2026/09/30/991636/nicolas-diez_1440x810.webp,TyC Sports,https://www.tycsports.com/racing-club/nicolas-diez-se-refirio-a-la-posibilidad-de-dirigir-a-racing-un-club-grande-como-racing-siempre-moviliza-id763593.html,https://www.youtube.com/watch?v=G1HUlzlPT4s,Fotobaires,ALTA,,OK,Nicolás Diez tiene contrato con Argentinos Juniors hasta diciembre de 2027.,,FALSE,
SI,30/09/2026,08:53,FÚTBOL ARGENTINO,PAREDES NECESITARÍA ENTRE 15 Y 20 DÍAS PARA SUPERAR SU MOLESTIA FÍSICA,"Leandro Paredes arrastra desde hace cerca de un mes y medio una molestia en el isquiotibial izquierdo y necesitaría un parate de entre 15 y 20 días para recuperarse por completo. El capitán de Boca viene jugando con limitaciones y evita exigir la zona en acciones de pelota parada.

El problema habría comenzado ante Vélez por la Copa Argentina o incluso en el partido previo frente a Platense. Paredes faltó contra Gimnasia de Mendoza y Central Córdoba, pero regresó para los cruces con San Pablo, San Lorenzo y Racing sin haber podido completar una recuperación prolongada.

El calendario abre ahora una ventana de 16 días antes de la ida con Vasco da Gama. Boca deberá decidir si lo preserva en los compromisos locales ante Unión e Instituto para llegar con su principal referente en mejores condiciones al tramo decisivo.",https://www.tycsports.com/boca-juniors/boca-paredes-op-id763562.html,https://media.tycsports.com/files/2026/09/29/991588/paredes-boca_1440x810.webp?v=1,TyC Sports,https://www.tycsports.com/boca-juniors/boca-paredes-op-id763562.html,https://www.youtube.com/watch?v=zXK4RxOOAcU,TyC Sports,ALTA,,OK,Leandro Paredes juega con una molestia en el isquiotibial izquierdo.,,FALSE,
SI,30/09/2026,08:53,ARGENTINOS EN EL EXTERIOR,LAPORTA REVELÓ QUE BARCELONA INTENTÓ CONTRATAR A LAUTARO MARTÍNEZ,"Joan Laporta confirmó que Barcelona abrió conversaciones directas con Inter para intentar contratar a Lautaro Martínez a fines de agosto. La gestión se produjo después de que el club catalán no pudiera avanzar por Julián Álvarez.

El presidente azulgrana explicó que habló con Beppe Marotta y le transmitió su admiración por el delantero argentino. La respuesta fue inmediata: Inter comunicó que su capitán no estaba a la venta y evitó que la negociación avanzara.

Barcelona decidió frenar las charlas por respeto a la dirigencia italiana. La revelación expone que Lautaro fue una prioridad concreta del club catalán durante el último mercado, aunque el pase quedó descartado antes de llegar a una oferta formal.",https://www.directvsports.com/futbol/bomba-joan-laporta-revelo-que-el-barcelona-busco-contratar-a-lautaro-martinez-tras-la-negativa-de-julian-20260930-0008.html,https://assets.directvsports.com/__export/1776261120330/sites/dsports/img/2026/04/15/d7186adf-bf08-47c4-aad6-26784f3516b6_source-aspect-ratio_default_0_x1000y375.jpg_1441763295.jpg,DSports,https://www.directvsports.com/futbol/bomba-joan-laporta-revelo-que-el-barcelona-busco-contratar-a-lautaro-martinez-tras-la-negativa-de-julian-20260930-0008.html,https://www.youtube.com/watch?v=qXpCjRr6gTI,DSports,MEDIA,,OK,Lautaro Martínez fue buscado por Barcelona en el cierre del mercado.,,FALSE,
SI,30/09/2026,08:50,FÚTBOL ARGENTINO,GRAVES INCIDENTES EN NEWELL’S TRAS LOS FESTEJOS DE ROSARIO CENTRAL,"La celebración de Rosario Central por la Supercopa Internacional terminó con incidentes en las inmediaciones y dentro del predio de Newell’s. Hubo enfrentamientos, daños en vehículos y una intervención policial que dejó 13 detenidos.

Videos difundidos en redes mostraron corridas, detonaciones y momentos de pánico entre juveniles y personas que estaban en el club. La dirigencia de Newell’s repudió lo ocurrido y cuestionó el operativo de seguridad.

Las actuaciones quedaron bajo la órbita de la Comisaría 5ª. La investigación deberá determinar responsabilidades por los daños, las agresiones y el ingreso de efectivos al predio.",https://www.infobae.com/deportes/2026/09/30/los-videos-de-los-graves-incidentes-con-la-policia-en-el-estadio-de-newells-tras-los-festejos-de-rosario-central/,https://www.infobae.com/resizer/v2/6OTIK36N6ZG6BEFGWD4AOMZVSI.jpg?auth=056c3d6b9c127547a48b9a9feaddc460272196171dadcbbd63f83eb547df1869&smart=true&width=1200&height=630&quality=85,Infobae,https://www.infobae.com/deportes/2026/09/30/los-videos-de-los-graves-incidentes-con-la-policia-en-el-estadio-de-newells-tras-los-festejos-de-rosario-central/,https://x.com/Newells/status/2105131113454752119,Infobae,ALTA,,OK,Incidentes y operativo policial en el predio de Newell’s.,EMBED EXACTO PRIORITARIO,FALSE,
SI,30/09/2026,08:32,FÚTBOL INTERNACIONAL,CRISTIANO SE REUNIÓ CON JORGE JESUS Y BUSCÓ BAJAR LA TENSIÓN EN PORTUGAL,"Cristiano Ronaldo mantuvo una reunión con el entrenador Jorge Jesus en el hotel de la selección de Portugal después de no sumar minutos ante Noruega. Los medios lusos señalaron que la conversación dejó una impresión positiva y puede ayudar a descomprimir la interna.

El capitán había realizado la entrada en calor durante el 2-1, pero el técnico decidió sostener a Gonçalo Ramos. Luego tampoco participó de la práctica grupal en Malmö y completó un trabajo individual antes de regresar al hotel.

Portugal prepara el cruce con Dinamarca por la Liga de Naciones con la presencia de Cristiano todavía en duda. La charla con Jesus constituye una novedad concreta respecto del conflicto que ya se había informado tras la ausencia del delantero en el entrenamiento.",https://www.infobae.com/deportes/2026/09/30/crece-la-polemica-con-cristiano-ronaldo-en-portugal-reunion-con-el-entrenador-el-arribo-del-presidente-de-la-federacion-y-la-duda-sobre-el-proximo-partido/,https://www.infobae.com/resizer/v2/KA5MUQJOM5DJ5LMROYJROKV76Y.jpg?auth=cfe309afd1c4e971603f5f5b3296cae65091219780768b8fefd31e76e75a9038&smart=true&width=1200&height=630&quality=85,Infobae,https://www.infobae.com/deportes/2026/09/30/crece-la-polemica-con-cristiano-ronaldo-en-portugal-reunion-con-el-entrenador-el-arribo-del-presidente-de-la-federacion-y-la-duda-sobre-el-proximo-partido/,https://x.com/selecaoportugal/status/2100913877282132383,Infobae,MEDIA,,OK,Cristiano Ronaldo dialogó con Jorge Jesus tras quedar sin minutos ante Noruega.,,FALSE,
SI,30/09/2026,08:22,FÚTBOL ARGENTINO,TREZEGUET CUESTIONÓ A GALLARDO POR CÓMO LE COMUNICÓ SU SALIDA DE RIVER,"David Trezeguet recordó el momento en que Marcelo Gallardo le informó que no sería tenido en cuenta para el segundo semestre de 2014. El exdelantero sostuvo que el entonces flamante entrenador de River no fue claro al comunicarle la decisión.

El campeón del mundo con Francia había regresado a Núñez a los 36 años con la intención de retirarse en el club, después de un préstamo en Newell's. Tras quedar afuera del proyecto, continuó su carrera durante seis meses en Pune City de India y luego se retiró.

Pese a la crítica por aquel episodio, Trezeguet elogió la calidad futbolística de Gallardo y lo definió como el mejor número 10 con el que jugó. Ambos habían sido compañeros en Mónaco y campeones de la liga francesa 1999/2000.",https://www.tycsports.com/river-plate/critica-trezeguet-gallardo-tecnico-river-id763592.html,https://media.tycsports.com/files/2026/09/30/991633/trezeguet-gallardo_416x234.webp,TyC Sports,https://www.tycsports.com/river-plate/critica-trezeguet-gallardo-tecnico-river-id763592.html,https://www.youtube.com/watch?v=fhzfVYG5deU,TyC Sports,MEDIA,,OK,David Trezeguet y Marcelo Gallardo compartieron plantel en Mónaco antes de reencontrarse en River.,,FALSE,
SI,30/09/2026,07:50,FÓRMULA 1,ESTEBAN OCON DEJARÁ HAAS AL FINAL DE LA TEMPORADA 2026,"Esteban Ocon confirmó que dejará Haas cuando termine la temporada 2026. El piloto francés anunció la decisión en sus redes y la escudería ratificó la desvinculación, aunque todavía no comunicó quién ocupará la butaca junto a Ollie Bearman.

Ocon aseguró que mantendrá su compromiso hasta la última carrera y remarcó que no considera terminada su trayectoria en la Fórmula 1. El nombre del brasileño Rafael Câmara, integrante de la academia de Ferrari y protagonista de la Fórmula 2, aparece entre los candidatos a reemplazarlo.

La salida agrega movimiento al mercado de pilotos de 2027. Ocon, que disputó 39 Grandes Premios con Haas y sumó 12 resultados en los puntos, deberá buscar una butaca titular o evaluar un regreso como reserva de Mercedes.",https://www.infobae.com/deportes/2026/09/30/un-piloto-de-formula-1-anuncio-que-no-seguira-en-su-escuderia-el-candidato-a-reemplazarlo-y-las-butacas-sin-definir-para-2027/,https://www.infobae.com/resizer/v2/EPHVBCYBPVC75AYRX7K4XKC3OY.jpg?auth=c50dce0c3c01c0804c127ded5eb495b04beb662984be6b51a8d733375bc299b2&smart=true&width=1200&height=630&quality=85,Infobae,https://www.infobae.com/deportes/2026/09/30/un-piloto-de-formula-1-anuncio-que-no-seguira-en-su-escuderia-el-candidato-a-reemplazarlo-y-las-butacas-sin-definir-para-2027/,https://www.youtube.com/watch?v=P-9gMxvN30E,Reuters/Jakub Porzycki,ALTA,,OK,Esteban Ocon confirmó que dejará Haas al finalizar la temporada 2026.,,FALSE,
SI,30/09/2026,07:39,FÓRMULA 1,LA FÓRMULA 1 CONFIRMÓ LOS HORARIOS DEL GRAN PREMIO DE MALASIA,"La Fórmula 1 disputará este fin de semana la 16ª fecha de la temporada 2026 en el Circuito de Sepang. Franco Colapinto volverá a competir con Alpine después del choque con Pierre Gasly y el abandono sufrido en Bakú.

La actividad comenzará el viernes 2 de octubre con las prácticas libres a la 1:30 y a las 5 de la Argentina. El sábado habrá una tercera sesión a la 1:30 y la clasificación a las 5, mientras que la carrera se largará el domingo 4 a las 4.

Sepang combina rectas largas, frenadas fuertes y curvas rápidas bajo condiciones habituales de calor, humedad y lluvias repentinas. El trazado vuelve al calendario en una fecha reubicada por los conflictos en Medio Oriente.",https://www.tycsports.com/automovilismo/f1-los-horarios-y-el-cronograma-completo-del-gp-de-malasia-id763336.html,https://cdn-9.motorsport.com/images/amp/2dyvyq5Y/s6/f1-malaysian-gp-2017-lewis-ham.jpg,TyC Sports,https://www.tycsports.com/automovilismo/f1-los-horarios-y-el-cronograma-completo-del-gp-de-malasia-id763336.html,https://www.youtube.com/watch?v=56jF73GYgW4,Motorsport.com,ALTA,,OK,Franco Colapinto correrá con Alpine en el Gran Premio de Malasia.,,FALSE,
SI,30/09/2026,07:37,POLIDEPORTIVO,LA ANTORCHA DE LOS ÁNGELES 2028 RECORRERÁ LOS 50 ESTADOS DE EE.UU.,"La antorcha olímpica de Los Ángeles 2028 comenzará su recorrido estadounidense en Atlanta y visitará los 50 estados antes de llegar a California para la ceremonia inaugural del 14 de julio. Será la primera vez que la llama cubra todo el territorio del país.

La elección de Atlanta homenajea a los Juegos del Centenario de 1996, cuando Muhammad Ali encendió el pebetero. Hawái, Dakota del Norte y Dakota del Sur formarán parte por primera vez de un relevo olímpico, mientras que la ruta completa será anunciada durante 2027.

La llama se encenderá previamente en Olimpia, Grecia, y el público podrá postularse para transportarla. Tras los Juegos Olímpicos, el relevo paralímpico partirá desde Stoke Mandeville, en Inglaterra, antes de continuar hacia Estados Unidos.",https://www.infobae.com/estados-unidos/2026/09/30/la-antorcha-olimpica-de-los-angeles-2028-recorrera-los-50-estados-por-primera-vez-en-la-historia-y-saldra-desde-atlanta/,https://www.infobae.com/resizer/v2/LI6P4U7A7VD65B3GSGK7QFCROE.JPG?auth=7c3aae74d89bcf60463211fe5d9911b59958508cc09feb2b37cdd6bb2505f17c&smart=true&width=1200&height=630&quality=85,Infobae,https://www.infobae.com/estados-unidos/2026/09/30/la-antorcha-olimpica-de-los-angeles-2028-recorrera-los-50-estados-por-primera-vez-en-la-historia-y-saldra-desde-atlanta/,,Reuters/Christian Hartmann,MEDIA,,OK,La antorcha de Los Ángeles 2028 iniciará en Atlanta un recorrido por los 50 estados.,,FALSE,
SI,30/09/2026,07:27,SELECCIÓN ARGENTINA,LA SELECCIÓN VUELVE AL INTERIOR DESPUÉS DE 1281 DÍAS,"La Selección Argentina volverá a jugar fuera de Buenos Aires después de 1281 días cuando reciba a Bolivia en el estadio Mario Alberto Kempes. Su última presentación en otra provincia había sido el 28 de marzo de 2023, con la goleada 7-0 ante Curazao en Santiago del Estero.

Córdoba tiene un lugar especial en el ciclo de Lionel Scaloni: el entrenador dirigió allí, frente a México en 2018, su primer partido dentro del país al frente de la Albiceleste. Desde que asumió, apenas siete de sus 104 encuentros se disputaron en provincias argentinas.

El regreso encuentra al equipo en el inicio de una nueva etapa, con Cristian Romero como capitán y un recambio en marcha. El contexto histórico y la conexión con el público cordobés agregan una dimensión distinta al amistoso ya programado para esta noche.",https://www.tycsports.com/seleccion-argentina/seleccion-argentina-cordoba-interior-regreso-bolivia-amistoso-op-id763473.html,https://media.tycsports.com/files/2026/09/29/991463/argentina-ante-mexico-en-2018_1440x810.webp?v=1,TyC Sports,https://www.tycsports.com/seleccion-argentina/seleccion-argentina-cordoba-interior-regreso-bolivia-amistoso-op-id763473.html,https://x.com/Argentina/status/2101366284768174308,TyC Sports,MEDIA,,OK,La Selección jugó en Córdoba el primer partido de Scaloni como entrenador dentro del país.,,FALSE,
SI,30/09/2026,07:26,VIRALES,DOS RIVALES FUERON EXPULSADOS POR TIRARLE DE LAS RASTAS A UN JUGADOR DE ANGUILA,"Aedan Scipio, futbolista de 36 años de la selección de Anguila, se volvió viral después de provocar dos expulsiones por una situación insólita: dos adversarios lo frenaron tirándole de las larguísimas rastas que suele atarse a la altura de la cintura.

Scipio ingresó a los 69 minutos en la derrota 5-0 ante Antigua y Barbuda por la Liga de Naciones de la Concacaf. Tres minutos después, Keon Greene lo sujetó del pelo para detener su avance y vio la roja; en el tiempo agregado, Shalon Knight repitió la acción y también fue expulsado.

Antigua y Barbuda terminó el partido con nueve jugadores, aunque sostuvo la goleada. La doble sanción y la particular imagen del delantero con el cabello hasta los tobillos convirtieron la secuencia en uno de los virales deportivos del día.",https://www.tycsports.com/al-angulo/el-jugador-de-seleccion-que-usa-rastas-e-hizo-expulsar-a-dos-rivales-por-tirarle-del-pelo-id763514.html,https://media.tycsports.com/files/2026/09/29/991513/aedan-scipio_416x234.webp?v=3,TyC Sports,https://www.tycsports.com/al-angulo/el-jugador-de-seleccion-que-usa-rastas-e-hizo-expulsar-a-dos-rivales-por-tirarle-del-pelo-id763514.html,https://x.com/SportakCZ/status/2104111674382860442,TyC Sports,BAJA,,OK,Aedan Scipio usa rastas hasta los tobillos y sufrió dos faltas que terminaron en expulsiones.,EMBED EXACTO PRIORITARIO,FALSE,
SI,30/09/2026,07:10,FÚTBOL ARGENTINO,RIVER DEBERÁ DEFINIR EL FUTURO DE CINCO JUGADORES QUE REGRESAN DE SUS PRÉSTAMOS,"River deberá tomar decisiones a fin de año sobre varios futbolistas cedidos. David Martínez, Tomás Nasif, Jeremías Ledesma y Tiago Serrago terminan sus préstamos en diciembre, mientras que Ulises Giménez puede regresar antes si el club ejecuta la opción de repesca.

Martínez fue titular en Defensa y Justicia y disputó 22 partidos; Ledesma jugó 32 encuentros con Rosario Central, que posee una opción de compra de 1,8 millones de dólares. Nasif sufrió una rotura de ligamentos tras marcar tres goles en 16 partidos con Platense y Serrago perdió terreno en Tigre luego de 25 presencias y un tanto.

La dirigencia y el cuerpo técnico evaluarán rendimiento, estado físico y cupos antes de decidir quién vuelve al plantel y quién sale nuevamente. El caso de Giménez, cedido a Sarmiento hasta mediados de 2027, también puede reabrirse por la cláusula que conserva River.",https://www.tycsports.com/river-plate/los-jugadores-que-deben-volver-a-river-en-diciembre-y-definiran-su-futuro-id763550.html,https://media.tycsports.com/files/2026/09/29/991616/tomas-nasif-jeremias-ledesma-y-tiago-serrago-tres-de-los-futbolistas-de-river-a-prestamo_1440x810.webp,TyC Sports,https://www.tycsports.com/river-plate/los-jugadores-que-deben-volver-a-river-en-diciembre-y-definiran-su-futuro-id763550.html,https://www.youtube.com/watch?v=_oYVklPzr98,TyC Sports,MEDIA,,OK,"Tomás Nasif, Jeremías Ledesma y Tiago Serrago, tres de los futbolistas de River a préstamo.",,FALSE,
SI,30/09/2026,07:00,SELECCIÓN ARGENTINA,ARGENTINA RECIBE A BOLIVIA A LAS 21 EN EL MARIO ALBERTO KEMPES,"La Selección Argentina enfrentará a Bolivia este miércoles a las 21 en el estadio Mario Alberto Kempes de Córdoba. El colombiano Jhon Ospina será el árbitro y el partido tendrá transmisión de Telefé, TyC Sports y TyC Sports Play.

Será el primero de los tres amistosos programados para esta ventana internacional. Argentina jugará el sábado 3 de octubre a las 21 frente a Burkina Faso y el martes 6 a las 20 contra Benín, en el encuentro que marcará la despedida de Lionel Messi con la camiseta nacional.

Bolivia llega después de perder 2-0 con Paraguay en Washington. El antecedente más reciente entre ambos equipos fue el 6-0 argentino de octubre de 2024, con tres goles de Messi y tantos de Thiago Almada, Julián Álvarez y Lautaro Martínez.",https://www.lanacion.com.ar/deportes/futbol/a-que-hora-juega-argentina-vs-bolivia-hoy-por-un-amistoso-internacional-nid30092026/,https://www.lanacion.com.ar/resizer/v2/facundo-medina-tuvo-un-gran-mundial-y-se-URGRH2IFVBA65K2A5YI2XCKCLA.JPG?auth=3bc798a842569f0790621e5b4b851400b64a7671fa0ec8e89a7f4611fd16eca8&width=1200&height=675&quality=70&smart=true,LA NACION,https://www.lanacion.com.ar/deportes/futbol/a-que-hora-juega-argentina-vs-bolivia-hoy-por-un-amistoso-internacional-nid30092026/,https://x.com/Argentina/status/2101366284768174308,LA NACION,ALTA,,OK,Argentina y Bolivia se enfrentan este miércoles desde las 21 en Córdoba.,,FALSE,
SI,30/09/2026,06:00,POLIDEPORTIVO,HANEY Y COLEMAN SIGUEN EN LA CIMA HISTÓRICA DEL MR. OLYMPIA,"Lee Haney y Ronnie Coleman continúan como los máximos campeones de la historia del Mr. Olympia, con ocho títulos cada uno. El repaso se publicó después de la consagración de Nick Walker en la edición 2026, la número 62 del certamen.

Dorian Yates ocupa el siguiente escalón con seis coronas consecutivas, mientras Arnold Schwarzenegger y Phil Heath acumulan siete. Haney construyó su récord con ocho triunfos seguidos entre 1984 y 1991, una marca que Coleman logró igualar años más tarde.

La competencia, creada en 1965, tuvo apenas 20 ganadores diferentes hasta 2026. La concentración de títulos en cinco figuras muestra la extensión de los grandes reinados que marcaron las distintas épocas del fisicoculturismo mundial.",https://www.infobae.com/deportes/2026/09/30/de-dorian-yates-a-ronnie-coleman-los-5-campeones-maximos-del-mr-olympia/,https://www.ambal.ru/02198945016.jpg,Infobae,https://www.infobae.com/deportes/2026/09/30/de-dorian-yates-a-ronnie-coleman-los-5-campeones-maximos-del-mr-olympia/,https://www.olympiaproductions.com/videos/olympia-classic-ronnie-coleman-2003,Ambal.ru,BAJA,,OK,Ronnie Coleman comparte con Lee Haney el récord histórico de ocho títulos del Mr. Olympia.,,FALSE,
SI,30/09/2026,06:00,FÚTBOL INTERNACIONAL,LIAM GALLAGHER ASEGURÓ QUE EL CITY RECIBIRÍA SOLO UNA MULTA Y UNA PROHIBICIÓN,"Liam Gallagher afirmó que una fuente ubicada en un nivel muy alto del fútbol le anticipó que Manchester City recibiría una multa y una prohibición si pierde su apelación. La versión del cantante y reconocido hincha del club no fue confirmada oficialmente.

Un panel independiente declaró culpable al City en 114 de las 115 infracciones investigadas, vinculadas con información financiera, pagos, límites de gasto, reglas de la UEFA y falta de cooperación. La institución negó los cargos y prepara el recurso contra el fallo.

El reglamento permite sanciones que van desde multas y deducción de puntos hasta suspensión o expulsión. Si se presenta la apelación, la audiencia deberá finalizar dentro de 84 días y el fallo escrito tendrá que publicarse en los 30 días posteriores.",https://www.infobae.com/deportes/2026/09/30/liam-gallagher-adelanto-detalles-sobre-la-posible-sancion-al-manchester-city-fui-informado-por-alguien-de-una-posicion-muy-alta/,https://www.infobae.com/resizer/v2/N5AGRD5FYNEYHHDBYVC5S5RNYM.jpg?auth=5483715b7303027db5efe74d45a1883700c032144171c82d34585ecd049edc2c&smart=true&width=1200&height=675&quality=85,Infobae,https://www.infobae.com/deportes/2026/09/30/liam-gallagher-adelanto-detalles-sobre-la-posible-sancion-al-manchester-city-fui-informado-por-alguien-de-una-posicion-muy-alta/,https://x.com/PepTeam/status/2105269081276350584,Infobae,MEDIA,,OK,Liam Gallagher habló sobre la posible sanción al Manchester City.,,FALSE,
SI,30/09/2026,04:30,TENIS,TIRANTE CAYÓ ANTE STRUFF Y SE DESPIDIÓ EN LA PRIMERA RONDA DE PEKÍN,"Thiago Agustín Tirante quedó eliminado en la primera ronda del ATP 500 de Pekín al perder 6-1 y 6-4 con el alemán Jan-Lennard Struff. El partido duró una hora y seis minutos en la cancha Lotus del Centro Nacional de Tenis.

Struff dominó el inicio con dos quiebres en los primeros cuatro juegos y se adelantó 5-0. Tirante evitó el 6-0 al levantar tres puntos de set, pero el alemán cerró el primer parcial en 27 minutos y sostuvo el control con su servicio.

El argentino mejoró en el segundo set y tuvo su única oportunidad de quiebre cuando estaban 2-2, pero no pudo aprovecharla. Struff rompió con el marcador 3-3, mantuvo todos sus turnos de saque y selló su primera victoria en Pekín.",https://www.tycsports.com/tenis/el-argentino-tirante-reacciona-tarde-ante-struff-y-se-despide-de-pekin-id763584.html,https://media.tycsports.com/files/2026/09/30/991622/el-argentino-tirante-reacciona-tarde-ante-struff-y-se-despide-de-pekin_1440x810.webp,TyC Sports,https://www.tycsports.com/tenis/el-argentino-tirante-reacciona-tarde-ante-struff-y-se-despide-de-pekin-id763584.html,https://x.com/DSports/status/2101375647419433018,EFE / TyC Sports,MEDIA,,OK,Thiago Tirante perdió con Jan-Lennard Struff en la primera ronda del ATP 500 de Pekín.,,FALSE,
SI,30/09/2026,03:16,SELECCIÓN ARGENTINA,SCALONI COMPARÓ EL NUEVO RECAMBIO CON SU PRIMERA LISTA DE 2018,"Lionel Scaloni comparó la renovación que comienza en la Selección con el recambio que impulsó en 2018, cuando asumió de manera interina después del Mundial de Rusia. El entrenador explicó que la mayoría del plantel actual seguirá porque se trata de un grupo joven, pero consideró que este es un buen momento para sumar nuevas opciones.

Su primera convocatoria mantuvo apenas nueve futbolistas del Mundial de 2018 e incorporó, entre otros, a Lautaro Martínez, Leandro Paredes, Germán Pezzella y Giovanni Lo Celso. El ciclo arrancó con un triunfo 3-0 frente a Guatemala y luego un empate sin goles ante Colombia.

Ocho años más tarde, Scaloni afronta otro cambio de etapa con amistosos ante Bolivia, Burkina Faso y Benín. La serie culminará con la despedida de Lionel Messi y servirá para medir cuánto espacio ganan los nuevos nombres dentro de una base campeona que todavía conserva varios referentes.",https://www.infobae.com/deportes/2026/09/30/scaloni-inicia-su-segunda-renovacion-en-la-seleccion-argentina-su-primera-lista-de-convocados-en-2018-y-donde-esta-cada-uno/,https://www.infobae.com/resizer/v2/FNTRQZMLTNGNFKKIHW4WSTO43U.jpg?auth=756bcd02aa409ded4f9ebdd30b67aacef3a391675c356cd5b3af09e7e85519c3&smart=true&width=1200&height=675&quality=85,Infobae,https://www.infobae.com/deportes/2026/09/30/scaloni-inicia-su-segunda-renovacion-en-la-seleccion-argentina-su-primera-lista-de-convocados-en-2018-y-donde-esta-cada-uno/,https://x.com/Argentina/status/2101366284768174308,Infobae,MEDIA,,OK,Lionel Scaloni inicia una nueva etapa de renovación en la Selección Argentina.,,FALSE,
SI,30/09/2026,03:16,SELECCIÓN ARGENTINA,MARCELO ESPINA PROPUSO A ENZO FERNÁNDEZ COMO HEREDERO DE LA CAMISETA 10,"Marcelo Espina, el primer futbolista que usó la camiseta 10 de la Selección después de Diego Maradona, opinó que Enzo Fernández debería heredar ese número tras la despedida de Lionel Messi. Para el exvolante, Nicolás Paz aparece como una alternativa futura, pero todavía atraviesa un proceso de consolidación.

Espina sostuvo que habrá vida deportiva después de Messi, aunque de otra manera, y destacó la cantidad de jugadores disponibles. También valoró a Cuti Romero como nuevo capitán y mencionó a Dibu Martínez, Rodrigo De Paul, Lautaro Martínez y Leandro Paredes como parte del núcleo de liderazgo.

El actual comentarista consideró que Scaloni tiene motivos y energía para continuar, y señaló que la asociación de Lautaro Martínez y Julián Álvarez puede transformarse en una de las claves de la nueva etapa. Además, cuestionó el formato y el nivel técnico del fútbol argentino.",https://www.infobae.com/deportes/2026/09/30/marcelo-espina-de-ser-el-primer-10-de-la-seleccion-post-maradona-al-clic-para-comentar-futbol-hay-vida-despues-de-messi/,https://www.infobae.com/resizer/v2/3IZJG2QMKVAWHIEJAR4OBSF5XQ.png?auth=4067ff894e0902605694d1dd2c78a47f303d431c032739f872c1f289eac65a02&smart=true&width=1200&height=675&quality=85,Infobae,https://www.infobae.com/deportes/2026/09/30/marcelo-espina-de-ser-el-primer-10-de-la-seleccion-post-maradona-al-clic-para-comentar-futbol-hay-vida-despues-de-messi/,https://x.com/Argentina/status/2101366284768174308,Infobae,MEDIA,,OK,Marcelo Espina analizó quién debería heredar la camiseta 10 de la Selección.,,FALSE,
SI,30/09/2026,00:58,FÚTBOL INTERNACIONAL,GALLARDO PREPARA TRES CAMBIOS EN ECUADOR PARA ENFRENTAR A JAPÓN,"Marcelo Gallardo prepara modificaciones en la selección de Ecuador para su segundo compromiso de la fecha FIFA, ante Japón por la Copa Kirin. La Tri llegó a Yokohama después de la derrota frente a Corea del Sur en el debut del entrenador argentino.

Gallardo evalúa incluir a Leonardo Realpe, Riquelme Angulo y Denil Castillo. La formación ensayada tiene a Gonzalo Valle; Ángelo Preciado o José Hurtado, Realpe, Willian Pacho y Pervis Estupiñán; Alan Franco, Pedro Vite y John Yeboah; Keny Arroyo, Nilson Angulo y Riquelme Angulo.

Ecuador vuelve a la Copa Kirin después de 31 años: su anterior participación había sido en 1995. El torneo amistoso reúne también a Japón, Panamá y Nueva Zelanda, con semifinal, final y partido por el tercer puesto.",https://www.directvsports.com/futbol/los-cambios-que-piensa-marcelo-gallardo-para-la-copa-kirin-entre-ecuador-y-japon-20260930-0002.html,https://assets.directvsports.com/__export/1790640237108/sites/dsports/img/2026/09/28/gallardo.jpg_1047625228.jpg,DSports,https://www.directvsports.com/futbol/los-cambios-que-piensa-marcelo-gallardo-para-la-copa-kirin-entre-ecuador-y-japon-20260930-0002.html,https://x.com/LaTri/status/2104920490115874836,DSports,MEDIA,,OK,Marcelo Gallardo prepara cambios en Ecuador para el amistoso ante Japón.,,FALSE,
SI,30/09/2026,00:35,FÓRMULA 1,UNA NEGOCIACIÓN POR ALPINE PODRÍA IMPACTAR EN EL FUTURO DE COLAPINTO,"El Grupo Geely avanza en negociaciones para adquirir el programa de resistencia de Alpine, que dejará el Mundial de Endurance al final de la temporada. El movimiento forma parte de un interés más amplio del conglomerado chino por aumentar su presencia en el automovilismo internacional.

Según el reporte, Alpine recibió en los últimos meses ofertas de 1.500 y 2.100 millones de euros por su estructura de Fórmula 1, ambas rechazadas. Flavio Briatore habría situado una eventual base de negociación cerca de los 3.000 millones, aunque públicamente sostuvo que el equipo no está en venta.

Una transferencia de la escudería debería respetar los contratos vigentes: Pierre Gasly tiene vínculo hasta 2028 y Franco Colapinto fue cedido por Williams por cinco años. Por eso, cualquier cambio de propiedad tendría efecto directo sobre la estructura deportiva en la que compite el argentino.",https://www.infobae.com/deportes/2026/09/30/la-negociacion-que-mantiene-en-vilo-el-futuro-de-alpine-como-puede-afectar-a-franco-colapinto-en-la-formula-1/,https://www.infobae.com/resizer/v2/AJ3AASUMBNAD3KDVH6REQCZBNM.JPG?auth=65a7ef1543eb3df3e254ec4091e21275fbcfea9e6777baeefeaa6e2f35ff86ce&smart=true&width=1200&height=675&quality=85,Infobae,https://www.infobae.com/deportes/2026/09/30/la-negociacion-que-mantiene-en-vilo-el-futuro-de-alpine-como-puede-afectar-a-franco-colapinto-en-la-formula-1/,https://www.youtube.com/watch?v=56jF73GYgW4,Infobae,ALTA,,OK,Franco Colapinto compite para Alpine mientras crecen las versiones sobre el futuro de la escudería.,,FALSE,
SI,30/09/2026,00:21,FÚTBOL ARGENTINO,GRAVES INCIDENTES EN NEWELL'S TRAS LOS FESTEJOS DE ROSARIO CENTRAL,"Un grupo de hinchas de Rosario Central pasó por las inmediaciones del Coloso Marcelo Bielsa después de la celebración por la Supercopa Internacional y la provocación derivó en un enfrentamiento con simpatizantes de Newell's. La Policía intervino dentro del predio del club para dispersar el conflicto.

Hubo corridas, detonaciones de balas de goma, autos dañados, personas lesionadas y detenidas, aunque al momento de la publicación no se había informado una cifra oficial. Jóvenes futbolistas alojados en la pensión de Newell's debieron escapar a las corridas y un video mostró a un efectivo golpeando a una persona que estaba en el piso.

La dirigencia de Newell's emitió un comunicado para negar que la institución hubiera provocado los hechos y cuestionó el operativo de seguridad. El episodio constituye una novedad posterior y distinta de las burlas exhibidas durante la caravana de Central.",https://www.tycsports.com/liga-profesional-de-futbol/tension-entre-hinchas-de-newells-y-la-policia-balazos-de-goma-corridas-y-represion--id763560.html,https://media.tycsports.com/files/2026/09/29/991612/incidentes-newells_1440x810.webp,TyC Sports,https://www.tycsports.com/liga-profesional-de-futbol/tension-entre-hinchas-de-newells-y-la-policia-balazos-de-goma-corridas-y-represion--id763560.html,https://x.com/Newells/status/2105131113454752119,TyC Sports,ALTA,,OK,La Policía ingresó al predio de Newell's durante los incidentes posteriores a los festejos de Central.,EMBED EXACTO PRIORITARIO,FALSE,
SI,30/09/2026,00:01,SELECCIÓN ARGENTINA,CÓRDOBA RECIBIÓ A CUTI ROMERO COMO NUEVO CAPITÁN CON UN MURAL GIGANTE,"Córdoba recibió a Cristian Romero con un mural de 13 metros de alto por 7 de ancho frente a la Plaza de las Américas. En Rivadavia Anexo, el barrio donde nació y creció, un polideportivo lleva su nombre y también exhibe imágenes del defensor.

La presentación tiene un valor especial: el Cuti afrontará por primera vez un partido de la Selección en el estadio Mario Alberto Kempes y lo hará como nuevo capitán del equipo nacional. La condición de referente le suma peso simbólico a su regreso a la provincia.

Argentina enfrentará a Bolivia en Córdoba en el inicio de una nueva etapa del ciclo de Lionel Scaloni. El partido servirá para observar el liderazgo de Romero dentro de un plantel que comienza su transición después del Mundial.",https://www.lanacion.com.ar/deportes/futbol/cuti-romero-esta-en-todos-lados-cordoba-lo-recibe-como-capitan-y-por-primera-vez-en-el-estadio-nid30092026/,https://www.lanacion.com.ar/resizer/v2/un-mural-de-cuti-romero-de-13-metros-de-alto-por-2435JA6LUZGRLOC2WAZASMVIGE.jpg?auth=ce1507edd2b84d3ba8ba8433d791eefc7ebac4868b237a43ec3c84d21dd52ed5&width=1200&height=675&quality=70&smart=true,LA NACION,https://www.lanacion.com.ar/deportes/futbol/cuti-romero-esta-en-todos-lados-cordoba-lo-recibe-como-capitan-y-por-primera-vez-en-el-estadio-nid30092026/,https://x.com/GxldeGriezmann/status/2101802812271112303,LA NACION,MEDIA,,OK,El mural de 13 por 7 metros dedicado a Cristian Romero en Córdoba.,,FALSE,
SI,29/09/2026,22:59,FÚTBOL ARGENTINO,ROSARIO CENTRAL CELEBRÓ CON UN ATAÚD CONTRA VERÓN Y UNA MUÑECA DE NEWELL'S,"Rosario Central festejó la obtención de la Supercopa Internacional con una caravana junto a sus hinchas en el Monumento a la Bandera. Durante la celebración, varios integrantes del plantel protagonizaron gestos dirigidos contra Estudiantes y su presidente Juan Sebastián Verón.

Marco Ruben y Franco Ibarra mostraron un ataúd de cartón pintado de rojo con la inscripción “Q.E.P.D. Verón”. También apareció una muñeca inflable con los colores de Newell's, en una escena que generó repudio y amplificó la tensión posterior a la final.

Central había derrotado 3-1 a Estudiantes en Santiago del Estero y ya había celebrado con cánticos contra el rival al regresar a Rosario. Las imágenes de la caravana agregaron un nuevo episodio a una definición que continúa bajo análisis disciplinario.",https://www.tycsports.com/liga-profesional-de-futbol/rosario-central-festejos-supercopa-internacional-estudiantes-repudiables-gestos-id763557.html,https://media.tycsports.com/files/2026/09/29/991605/marco-ruben-rosario-central-festejos-repudiable-estudiantes_862x485.webp,TyC Sports,https://www.tycsports.com/liga-profesional-de-futbol/rosario-central-festejos-supercopa-internacional-estudiantes-repudiables-gestos-id763557.html,https://www.youtube.com/watch?v=LNvUr1puc_U,TyC Sports,ALTA,,OK,Marco Ruben mostró un ataúd de cartón durante los festejos de Rosario Central.,EMBED EXACTO PRIORITARIO,FALSE,
SI,29/09/2026,21:47,Boca,FELIPE MELO VISITÓ LA BOMBONERA Y DIJO QUE SUEÑA CON DIRIGIR A BOCA,"Felipe Melo visitó la Bombonera y volvió a expresar públicamente su admiración por Boca. El brasileño recorrió el barrio, posó con una camiseta de Leandro Paredes y destacó el presente deportivo del equipo.

El exmediocampista elogió a Juan Román Riquelme y afirmó que, como hincha, sueña con dirigir al club en el futuro. Aclaró que todavía cursa la licencia profesional de entrenador, que completará en diciembre.

Melo también valoró la campaña de Boca en la Copa Sudamericana y advirtió sobre la dificultad de la semifinal ante Vasco da Gama. Su visita sumó una declaración concreta sobre el rol que pretende ocupar cuando inicie formalmente su carrera como técnico.",https://tntsports.com.ar/nacional/felipe-melo-bombonera-boca-riquelme-dt-20260929-0023.html,https://assets.tntsports.com.ar/__export/1790729136749/sites/tntsports/img/2026/09/29/whatsapp_image_2026-09-29_at_21_45_09.jpeg_1816112097.jpeg,TNT Sports,https://tntsports.com.ar/nacional/felipe-melo-bombonera-boca-riquelme-dt-20260929-0023.html,https://www.tycsports.com/video/boca-juniors/felipe-melo-hablo-sobre-su-deseo-de-ser-tecnico-de-boca-como-hincha-tengo-el-sueno-de-dirigirlo-id991518.html,TNT Sports,MEDIA,,OK,Felipe Melo recorrió la Bombonera y habló de su deseo de dirigir a Boca.,EMBED EXACTO PRIORITARIO,FALSE,
SI,29/09/2026,21:46,SELECCIÓN ARGENTINA,LA SELECCIÓN LLEGÓ A CÓRDOBA Y SUS REFERENTES SE ACERCARON A LOS HINCHAS,"La Selección Argentina arribó a Córdoba para disputar el amistoso frente a Bolivia y fue recibida por una multitud en el hotel Quorum. Después del traslado desde el aeropuerto, varios futbolistas se acercaron a firmar autógrafos y tomarse fotografías.

Emiliano Martínez fue el primero en romper la fila y luego se sumaron Alexis Mac Allister, Lautaro Martínez y buena parte de la delegación. Lionel Scaloni también saludó a los fanáticos que aguardaban desde temprano.

Sin Lionel Messi para este primer compromiso, Cristian Romero será el capitán y los campeones del mundo asumirán un papel central en el inicio de la nueva etapa. El partido se jugará este miércoles a las 21 en el estadio Mario Alberto Kempes.",https://www.tycsports.com/seleccion-argentina/lo-que-no-se-vio-de-la-llegada-de-la-seleccion-argentina-a-cordoba-id763476.html,https://media.tycsports.com/files/2026/09/29/991600/lautaro-martinez-uno-de-los-jugadores-de-la-seleccion-que-se-acerco-a-la-gente-en-cordobb_862x485.webp?v=1,TyC Sports,https://www.tycsports.com/seleccion-argentina/lo-que-no-se-vio-de-la-llegada-de-la-seleccion-argentina-a-cordoba-id763476.html,https://x.com/Argentina/status/2101366284768174308,TyC Sports,ALTA,,OK,Lautaro Martínez se acercó a los hinchas que recibieron a la Selección en Córdoba.,EMBED EXACTO PRIORITARIO,FALSE,
SI,29/09/2026,21:28,Boca,FRANCO PÉREZ MARCÓ EN EL SUPERCLÁSICO DE RESERVA Y ENTRENÓ CON LA PRIMERA DE BOCA,"Franco Pérez se entrenó con el plantel profesional de Boca después de convertir uno de los goles del empate frente a River en el Superclásico de Reserva. Rodolfo Arruabarrena citó al enganche categoría 2008 para la práctica realizada en el predio del club.

El juvenil nació en Colombia y es hijo de Omar Pérez, campeón de la Copa Libertadores con Boca en 2000 y 2001. Zurdo y de 1,90 metro, firmó en junio su primer contrato profesional, con vigencia hasta diciembre de 2028.

Pérez ya integra la lista de buena fe para la Copa Sudamericana y acumula rendimientos destacados en la Tercera. Todavía no hay una fecha estimada para su debut, pero su incorporación al trabajo de Primera lo suma a la lista de juveniles observados de cerca por el cuerpo técnico.",https://www.tycsports.com/boca-juniors/quien-es-franco-perez-el-juvenil-que-le-hizo-un-gol-a-river-en-reserva-es-hijo-de-un-campeon-de-america-y-entreno-con-la-primera-de-boca-id763553.html,https://media.tycsports.com/files/2026/09/29/991599/franco-perez-durante-un-entrenamiento-con-boca_1440x810.webp,TyC Sports,https://www.tycsports.com/boca-juniors/quien-es-franco-perez-el-juvenil-que-le-hizo-un-gol-a-river-en-reserva-es-hijo-de-un-campeon-de-america-y-entreno-con-la-primera-de-boca-id763553.html,https://x.com/BocaJrsOficial/status/2043814339337932911,TyC Sports,MEDIA,,OK,Franco Pérez participó de un entrenamiento con la Primera de Boca.,,FALSE,
SI,29/09/2026,21:19,FÚTBOL ARGENTINO,DANIEL OSVALDO ESTÁ LÚCIDO Y ESPERA EL RESULTADO DE LOS ESTUDIOS,"La familia de Daniel Osvaldo difundió un comunicado para informar que el exfutbolista permanece internado en terapia intensiva después de sufrir un derrame pleural. Aclaró que se encuentra bien y lúcido tras la intervención realizada en un hospital de Llavallol.

El mensaje explicó que los médicos efectuaron una cirugía para limpiar la zona afectada y que ahora esperan los resultados de los cultivos. Esos estudios permitirán determinar el diagnóstico exacto y definir el tratamiento para la infección.

El entorno negó versiones sobre la extracción de una parte del pulmón, complicaciones en las piernas o relación con consumo de sustancias. Osvaldo había sido asistido luego de varios días de molestias que inicialmente parecían musculares o intercostales.",https://www.espn.com.ar/futbol/argentina/nota/_/id/17303607/daniel-osvaldo-debio-ser-operado-y-esta-internado-en-terapia-intensiva,https://a2.espncdn.com/combiner/i?img=%2Fphoto%2F2026%2F0926%2Fr1721900_1296x729_16%2D9.jpg,ESPN Argentina,https://www.espn.com.ar/futbol/argentina/nota/_/id/17303607/daniel-osvaldo-debio-ser-operado-y-esta-internado-en-terapia-intensiva,https://x.com/BocaJrsOficial/status/2043814339337932911,ESPN,ALTA,,TEMPORAL,Daniel Osvaldo permanece internado y espera los resultados de estudios médicos.,,FALSE,
SI,29/09/2026,21:05,Boca,VASCO PREPARA UN PLAN ESPECIAL PARA RECIBIR A BOCA EN SÃO JANUÁRIO,"Vasco da Gama presentará un protocolo especial para intentar disputar en São Januário la revancha de la semifinal de la Copa Sudamericana frente a Boca. La reunión con la federación de Río de Janeiro y la policía especializada en estadios está prevista para este miércoles.

El proyecto contempla el traslado de la delegación xeneize y de 4.000 hinchas argentinos, además de una reducción del espacio de separación entre parcialidades. Boca mantuvo su exigencia de recibir el cupo mínimo de entradas fijado por el reglamento de Conmebol.

El partido de vuelta está programado para el 20 de octubre a las 21:30 de la Argentina, pero la sede todavía debe ser autorizada. Sin disponibilidad en el Maracaná, el Nilton Santos aparece como alternativa, aunque su césped sintético no convence al club argentino.",https://www.espn.com.ar/futbol/copa-sudamericana/nota/_/id/17318731/el-plan-de-vasco-da-gama-para-recibir-a-boca-semi-sudamericana,https://a3.espncdn.com/combiner/i?img=%2Fphoto%2F2026%2F0924%2Fr1721345_1296x729_16%2D9.jpg,ESPN Argentina,https://www.espn.com.ar/futbol/copa-sudamericana/nota/_/id/17318731/el-plan-de-vasco-da-gama-para-recibir-a-boca-semi-sudamericana,https://x.com/BocaJrsOficial/status/2043814339337932911,ESPN,ALTA,,TEMPORAL,"São Januário, el estadio que Vasco busca habilitar para recibir a Boca.",,FALSE,
SI,29/09/2026,20:57,Racing,NICO DÍEZ REVELÓ POR QUÉ RECHAZÓ LA PROPUESTA DE RACING,"Nicolás Diez contó que Racing lo contactó a comienzos del semestre para ofrecerle la conducción del equipo después del ciclo de Gustavo Costas. El entrenador de Argentinos Juniors reconoció que el llamado de un club grande lo movilizó, pero decidió no avanzar.

Diez explicó que el contacto se produjo directamente entre los presidentes y que su decisión estuvo guiada por el compromiso asumido con Argentinos. “A mí no me gusta cortar un proceso”, señaló al justificar por qué prefirió continuar en La Paternal.

El técnico sostuvo que todavía tiene objetivos importantes con el Bicho, líder de la Zona B y en carrera por ingresar a la Copa Libertadores. Su testimonio aportó detalles concretos de una negociación que hasta ahora no había sido explicada por uno de sus protagonistas.",https://tntsports.com.ar/ligaprofesional/nico-diez-racing-argentinos-salida-costas-20260929-0022.html,https://assets.tntsports.com.ar/__export/1790726222599/sites/tntsports/img/2026/09/29/nico_diez.jpg_117554862.jpg,TNT Sports,https://tntsports.com.ar/ligaprofesional/nico-diez-racing-argentinos-salida-costas-20260929-0022.html,https://www.youtube.com/watch?v=G1HUlzlPT4s,TNT Sports,MEDIA,,OK,Nicolás Diez explicó por qué eligió continuar en Argentinos Juniors.,,FALSE,
SI,29/09/2026,20:55,Independiente,INDEPENDIENTE ACORDÓ LA LLEGADA DE NAHUEL BANEGAS A PRÉSTAMO,"Independiente acordó la incorporación de Nahuel Banegas a préstamo desde Tigre hasta diciembre de 2027. La operación solo requiere el intercambio final de documentación para quedar formalizada.

RanaSports había informado que el Rojo negociaba contrarreloj por el lateral izquierdo. El acuerdo constituye una actualización material: Banegas ocupará el cupo especial que la AFA otorgó por la lesión ligamentaria del juvenil Joel Medina.

El defensor de 29 años llegará por quince meses, aunque Tigre tendrá una opción de repesca en enero. En 2026 disputó 20 partidos y aportó una asistencia, con continuidad como titular en el Matador.",https://www.tycsports.com/independiente/independiente-sumo-nuevo-refuerzo-final-clausura-id763555.html,https://media.tycsports.com/files/2026/09/29/991594/banegas_1440x810.webp?v=1,TyC Sports,https://www.tycsports.com/independiente/independiente-sumo-nuevo-refuerzo-final-clausura-id763555.html,https://www.youtube.com/watch?v=XNwCa8gv7LI,@banegasnahu3 / TyC Sports,ALTA,,OK,Nahuel Banegas acordó su llegada a Independiente desde Tigre.,,FALSE,
SI,29/09/2026,20:48,FÚTBOL INTERNACIONAL,CRISTIANO SE NEGÓ A TRABAJAR EN EL GIMNASIO Y DEJÓ LA PRÁCTICA DE PORTUGAL,"Cristiano Ronaldo protagonizó una nueva situación polémica en la concentración de Portugal. Después de no jugar ante Noruega, no participó del entrenamiento de campo, se negó a realizar tareas en el gimnasio y regresó al hotel.

RanaSports había informado previamente su ausencia de la práctica, pero la negativa al trabajo alternativo y su salida anticipada aportaron un dato nuevo sobre el episodio. El delantero de 41 años estaba a disposición, aunque no sumó minutos en el triunfo 2-1.

Portugal prepara el partido ante Dinamarca por la Nations League y la conducta del capitán quedó bajo observación. El cuerpo técnico deberá definir si el episodio modifica su lugar en la convocatoria o en el próximo equipo.",https://www.tycsports.com/uefa-nations-league/estallo-la-polemica-con-ronaldo-en-portugal-no-participo-de-la-practica-se-nego-a-trabajar-en-el-gimnasio-y-se-fue-al-hotel-id763554.html,https://media.tycsports.com/files/2026/09/29/991593/cristiano-ronaldo-portugal_862x485.webp?v=1,TyC Sports,https://www.tycsports.com/uefa-nations-league/estallo-la-polemica-con-ronaldo-en-portugal-no-participo-de-la-practica-se-nego-a-trabajar-en-el-gimnasio-y-se-fue-al-hotel-id763554.html,https://x.com/selecaoportugal/status/2100913877282132383,TyC Sports,ALTA,,OK,Cristiano Ronaldo dejó la práctica de Portugal y volvió al hotel.,,FALSE,
SI,29/09/2026,20:42,FÚTBOL ARGENTINO,AFA DESIGNÓ A DARÍO HERRERA PARA NEWELL'S-LANÚS TRAS LA FINAL POLÉMICA,"La AFA confirmó a Darío Herrera como árbitro del partido entre Newell's y Lanús por la fecha 11 del Torneo Clausura. La designación llegó pocos días después de la polémica final de la Supercopa Internacional entre Rosario Central y Estudiantes.

Herrera dirigirá el sábado a las 17 en el Coloso Marcelo Bielsa mientras su informe por los incidentes con dirigentes del Pincha sigue bajo análisis. Facundo Tello, por su parte, fue elegido para el clásico cordobés entre Talleres y Belgrano.

El reparto de autoridades generó atención por la inmediata continuidad del juez en un encuentro importante. La fecha marcará el ingreso del Clausura en su tramo decisivo antes de los playoffs.",https://www.tycsports.com/liga-profesional-de-futbol/herrera-de-la-caliente-final-rosario-central-estudiantes-a-newells-los-arbitros-de-la-fecha-11-id763545.html,https://media.tycsports.com/files/2026/09/29/991589/dario-herrera-_862x485.webp?v=1,TyC Sports,https://www.tycsports.com/liga-profesional-de-futbol/herrera-de-la-caliente-final-rosario-central-estudiantes-a-newells-los-arbitros-de-la-fecha-11-id763545.html,https://x.com/LigaAFA/status/2102102889191920044,TyC Sports,MEDIA,,OK,Darío Herrera fue designado para Newell's-Lanús.,,FALSE,
SI,29/09/2026,20:25,San Lorenzo,DAMIÁN AYUDE EMBARGÓ LAS CUENTAS DE SAN LORENZO POR UNA DEUDA MILLONARIA,"San Lorenzo informó que Damián Ayude embargó las cuentas bancarias del club por una deuda correspondiente a su etapa como entrenador. La medida alcanza 415.614.932 pesos de capital y 124 millones de intereses.

El reclamo incluye además 48.558 dólares de capital y otros 14.600 dólares en concepto de intereses. Ayude había llegado a la Reserva en 2024, asumió en Primera en junio de 2025, renovó su contrato en febrero de 2026 y fue despedido un mes después.

El nuevo embargo profundiza la crisis económica e institucional del Ciclón. La entidad anunció que seguirá informando la evolución del expediente mientras analiza cómo responder al reclamo.",https://www.tycsports.com/san-lorenzo/ayude-embargo-a-san-lorenzo-por-una-suma-millonaria-id763547.html,https://media.tycsports.com/files/2026/09/29/991578/damian-ayude-san-lorenzo_1440x810.webp?v=1,TyC Sports,https://www.tycsports.com/san-lorenzo/ayude-embargo-a-san-lorenzo-por-una-suma-millonaria-id763547.html,https://x.com/LigaAFA/status/2102102889191920044,TyC Sports,ALTA,,OK,Damián Ayude inició un embargo millonario contra San Lorenzo.,,FALSE,
SI,29/09/2026,20:22,River,RIVER OFRECIÓ ASISTENCIA LEGAL A CIRIGLIANO Y SU FAMILIA TRAS LA DETENCIÓN,"River se puso en contacto con la familia de Ezequiel Cirigliano y ofreció asistencia legal mediante abogados allegados al club. La decisión llegó después de una nueva detención del exmediocampista por un episodio ocurrido en el partido de Tres de Febrero.

Cirigliano fue acusado de robo y atentado contra la autoridad tras un confuso incidente en el que habría tomado el arma reglamentaria de una policía. La información policial señaló que sufrió un brote mientras regresaba de su trabajo.

El club buscó acompañar a su exjugador y a su entorno ante una situación personal delicada. Los próximos pasos dependerán de la causa judicial y de la evaluación integral del caso.",https://www.tycsports.com/river-plate/river-puso-asesoramiento-legal-a-disposicion-de-ezequiel-cirigliano-y-su-familia-tras-una-nueva-detencion-id763542.html,https://media.tycsports.com/files/2026/09/24/990431/ezequiel-cirigliano_416x234.webp?v=1,TyC Sports,https://www.tycsports.com/river-plate/river-puso-asesoramiento-legal-a-disposicion-de-ezequiel-cirigliano-y-su-familia-tras-una-nueva-detencion-id763542.html,https://www.youtube.com/watch?v=_oYVklPzr98,TyC Sports,ALTA,,OK,Ezequiel Cirigliano recibió el ofrecimiento de asistencia legal de River.,,FALSE,
SI,29/09/2026,19:36,Racing,MILITO LE CERRÓ LA PUERTA A LA SALIDA DE MARCOS ROJO A ESTUDIANTES,"Marcos Rojo mantuvo una reunión de menos de cinco minutos con Diego Milito para plantear su intención de dejar Racing y regresar a Estudiantes. El defensor está dispuesto a volver al club platense para disputar la semifinal de la Copa Libertadores.

Rojo preguntó por qué la dirigencia no había respondido los llamados de su representante. Milito le comunicó que Racing no tiene intención de negociar su salida porque lo considera necesario para el plantel, postura que generó el enojo del futbolista.

La conversación no destrabó la operación y la situación quedó abierta. Estudiantes pretende incorporarlo, pero necesitará que Racing cambie su posición o acuerde condiciones antes del cierre correspondiente.",https://www.tycsports.com/racing-club/milito-marcos-rojo-racing-estudiantes-reunion-pase-libertadores--id763537.html,https://media.tycsports.com/files/2026/09/29/991472/marcos-rojo_1440x810.webp?v=1,TyC Sports,https://www.tycsports.com/racing-club/milito-marcos-rojo-racing-estudiantes-reunion-pase-libertadores--id763537.html,https://www.youtube.com/watch?v=SWnIsRL6RwU,TyC Sports,ALTA,,OK,Marcos Rojo habló con Diego Milito sobre su deseo de regresar a Estudiantes.,,FALSE,
SI,29/09/2026,18:50,AUTOMOVILISMO,NICO VARRONE VOLVERÁ A COMPETIR EN PETIT LE MANS TRAS SU SALIDA DE F2,"Nicolás Varrone volverá a las pistas este sábado en Petit Le Mans, la carrera de resistencia de diez horas que cerrará la temporada 2026 del campeonato IMSA. Será su primera competencia desde la salida de la Fórmula 2.

El argentino manejará el Corvette Z06 GT3.R número 4 de Pratt Miller Motorsports y compartirá la conducción con Tommy Milner y Nicky Catsburg. El auto llega como líder de la categoría GTD PRO.

La prueba en Road Atlanta representa una oportunidad importante para Varrone en una especialidad en la que ya tiene experiencia. El objetivo será defender la ventaja de 47 puntos sobre el BMW de Paul Miller Racing y cerrar el campeonato con el título.",https://www.tycsports.com/automovilismo/varrone-vuelve-a-las-pistas-post-salida-f2-id763540.html,https://media.tycsports.com/files/2026/09/17/988439/nicolas-varrone-_1440x810.webp,TyC Sports,https://www.tycsports.com/automovilismo/varrone-vuelve-a-las-pistas-post-salida-f2-id763540.html,,TyC Sports,MEDIA,,OK,Nicolás Varrone volverá a competir con el Corvette Z06 GT3.R.,,FALSE,
SI,29/09/2026,18:49,FÚTBOL ARGENTINO,EL INFORME DE HERRERA COMPLICÓ A VERÓN Y A DIRIGENTES DE ESTUDIANTES,"Darío Herrera presentó un informe arbitral por los incidentes posteriores a la Supercopa Internacional que Rosario Central le ganó 3-1 a Estudiantes. El documento señaló a Juan Sebastián Verón y a otros dirigentes del club platense por fuertes insultos.

Según el escrito, el presidente del Pincha ingresó al campo y profirió amenazas contra el equipo arbitral mientras personas de su entorno intentaban contenerlo. El vicepresidente Pascual Caiella también quedó mencionado por expresiones dirigidas al juez.

El informe será analizado por los organismos disciplinarios y puede derivar en sanciones institucionales e individuales. La novedad agrega un capítulo formal al escándalo que ya había generado críticas por las decisiones arbitrales y el VAR.",https://www.tycsports.com/liga-profesional-de-futbol/estudiantes-supercopa-internacional-informe-arbitral-veron-insultos-id763539.html,https://media.tycsports.com/files/2026/09/26/990955/ladron-veron-estallo-contra-herrera-tras-el-finam_1440x810.webp,TyC Sports,https://www.tycsports.com/liga-profesional-de-futbol/estudiantes-supercopa-internacional-informe-arbitral-veron-insultos-id763539.html,https://www.youtube.com/watch?v=LNvUr1puc_U,TyC Sports,ALTA,,OK,Juan Sebastián Verón discutió con Darío Herrera tras la Supercopa Internacional.,,FALSE,
SI,29/09/2026,18:38,FÚTBOL ARGENTINO,RACING CONFIRMÓ LAS LESIONES DE MARCOS ROJO Y MATÍAS ZARACHO,"Racing informó que Marcos Rojo y Matías Zaracho terminaron lesionados después del partido frente a Boca. Los estudios confirmaron una distensión en el aductor derecho para Zaracho y un traumatismo con edema óseo para el defensor.

En el caso de Rojo, la lesión se localiza en el platillo tibial interno de la rodilla derecha. Ambos futbolistas quedaron bajo seguimiento médico y su disponibilidad dependerá de la evolución durante los próximos días.

Las bajas obligan al cuerpo técnico a revisar alternativas para el próximo compromiso. Racing comunicará nuevos plazos cuando los jugadores respondan al tratamiento y puedan retomar trabajos de campo.",https://www.tycsports.com/racing-club/racing-rojo-zaracho-terminaron-con-lesiones-en-el-partido-con-boca--id763538.html,https://media.tycsports.com/files/2026/09/29/991569/racing-marcos-rojo-matias-zaracho_862x485.webp,TyC Sports,https://www.tycsports.com/racing-club/racing-rojo-zaracho-terminaron-con-lesiones-en-el-partido-con-boca--id763538.html,https://www.youtube.com/watch?v=G1HUlzlPT4s,TyC Sports,ALTA,,OK,Marcos Rojo y Matías Zaracho sufrieron lesiones ante Boca.,,FALSE,
SI,29/09/2026,18:26,SELECCIÓN ARGENTINA,SOULÉ Y NICO PAZ GANARON TERRENO EN LA ÚLTIMA PRÁCTICA DE LA SELECCIÓN,"La Selección Argentina realizó su último entrenamiento antes de viajar a Córdoba y Lionel Scaloni dejó nuevas señales para el amistoso ante Bolivia. Matías Soulé fue probado en el mediocampo y Nicolás Paz quedó con ventaja en la disputa por un lugar creativo.

El ensayo mantuvo la posibilidad de ver juntos a Lautaro Martínez y Julián Álvarez. El equipo trabajado fue con Emiliano Martínez; Juan Giay, Cristian Romero, Lisandro Martínez y Facundo Medina; Exequiel Palacios, Alexis Mac Allister, Soulé y Paz; Julián y Lautaro.

La formación todavía no fue oficializada, pero la práctica modificó el escenario que se manejaba previamente. La confirmación llegará en la previa del encuentro, una vez que el plantel complete el traslado y el reconocimiento final.",https://www.tycsports.com/seleccion-argentina/seleccion-argentina-entrenamiento-previo-viaje-cordoba-amistoso-bolivia-id763529.html,https://media.tycsports.com/files/2026/09/29/991565/seleccion-argentina_1440x810.webp?v=1,TyC Sports,https://www.tycsports.com/seleccion-argentina/seleccion-argentina-entrenamiento-previo-viaje-cordoba-amistoso-bolivia-id763529.html,https://x.com/Argentina/status/2101366284768174308,TyC Sports,ALTA,,OK,La Selección Argentina ensayó con Soulé y Nicolás Paz en el mediocampo.,EMBED EXACTO PRIORITARIO,FALSE,
SI,29/09/2026,18:25,FÚTBOL INTERNACIONAL,EL FALLO CONTRA EL CITY ABRIÓ UNA POLÉMICA POR EL FICHAJE DE ENZO FERNÁNDEZ,"Manchester City concretó el fichaje de Enzo Fernández por 125 millones de libras pocos días después de recibir en privado la notificación del fallo que lo declaró culpable de infracciones financieras. La secuencia temporal generó nuevas preguntas sobre la política de incorporaciones del club.

El equipo inglés desembolsó cerca de 450 millones de libras en el mercado, mientras se preparaba para apelar la resolución. El caso amplía el debate sobre cuánto conocían los dirigentes al momento de comprometer esas inversiones.

La eventual apelación será el próximo capítulo de un proceso con fuerte impacto deportivo e institucional. Para Enzo Fernández, la revelación incorpora su transferencia a un expediente que ya excede el plano competitivo.",https://www.infobae.com/deportes/2026/09/29/la-revelacion-sobre-el-caso-del-manchester-city-que-involucra-a-enzo-fernandez/,https://www.infobae.com/resizer/v2/FZ6OCKAF7RFQFJ6SBRZ3KG4JTU.JPG?auth=7f152f313a7d6f480bcfa6797d06e57a966904e0f27fd7903a29344d0202f016&smart=true&width=1200&height=630&quality=85,Infobae,https://www.infobae.com/deportes/2026/09/29/la-revelacion-sobre-el-caso-del-manchester-city-que-involucra-a-enzo-fernandez/,https://x.com/PepTeam/status/2105269081276350584,REUTERS/Phil Noble,ALTA,,OK,Enzo Fernández quedó involucrado en la polémica por los tiempos del mercado del City.,,FALSE,
SI,29/09/2026,18:19,FÓRMULA 1,COLAPINTO RECORRIÓ 14.600 KILÓMETROS EN 72 HORAS PARA PREPARAR SEPANG,"Franco Colapinto completó un recorrido de 14.600 kilómetros en menos de tres días entre Bakú, Enstone y Kuala Lumpur. El argentino pasó por el simulador de Alpine a las 5 de la mañana para comenzar a adaptar su cuerpo al huso horario de Malasia.

Será su primera experiencia en Sepang, un circuito que combina largas rectas, curvas de distinto radio, calor, humedad y alta probabilidad de lluvia. Colapinto apuntó a completar un viernes productivo y volver a competir por posiciones de top 10.

El piloto llegará además con una penalización de cinco lugares en la grilla por el incidente de Bakú. La carrera, que funcionará como sede alternativa del Gran Premio de Bahréin, se disputará el domingo 4 de octubre a las 4:00 de la Argentina.",https://www.infobae.com/deportes/2026/09/29/el-extenuante-raid-de-franco-colapinto-en-la-formula-1-casi-15000-kilometros-en-72-horas-y-un-drastico-jet-lag/,https://www.infobae.com/resizer/v2/JG54ZIKQAZBNJLVWRPG6Q4OPZM.JPG?auth=6bbb3aea38138f7810e3a33e74425b579290e3b57becef6334dc8674aa277327&smart=true&width=1200&height=630&quality=85,Infobae,https://www.infobae.com/deportes/2026/09/29/el-extenuante-raid-de-franco-colapinto-en-la-formula-1-casi-15000-kilometros-en-72-horas-y-un-drastico-jet-lag/,https://www.youtube.com/watch?v=56jF73GYgW4,REUTERS/Violeta Santos Moura,ALTA,,OK,Franco Colapinto viajó de Bakú a Enstone y luego a Kuala Lumpur.,,FALSE,
SI,29/09/2026,18:12,FÚTBOL INTERNACIONAL,"OMÁN GANÓ EL SORTEO, PASÓ A SEMIFINALES Y ELIMINÓ A IRAK","Omán se clasificó a las semifinales de la Copa del Golfo Arábigo después de imponerse en el sorteo que debió realizarse por la igualdad absoluta con Irak. La confirmación oficial dejó eliminado al seleccionado iraquí.

RanaSports había informado minutos antes que el tercer gol omaní lo ponía en ventaja por fair play, pero el goleador se quitó la camiseta y recibió una amarilla. Esa sanción igualó también el registro disciplinario y obligó a recurrir al azar.

El desenlace completó una jornada histórica e insólita para el fútbol árabe. Omán continuará en el torneo mientras Irak quedó afuera sin que goles, diferencia ni conducta deportiva pudieran separarlos.",https://x.com/nahuelzn/status/2105042945468399906,https://pbs.twimg.com/media/HTadZh1WIAAqIII?format=webp&name=large,Nahuel Lanzón,https://x.com/nahuelzn/status/2105042945468399906,https://x.com/nahuelzn/status/2105042945468399906,Nahuel Lanzón / X,MEDIA,,OK,Omán celebró la clasificación a semifinales definida mediante sorteo.,EMBED EXACTO PRIORITARIO,FALSE,
SI,29/09/2026,18:07,BOXEO,EL CHINO MAIDANA YA ENTRENA A BRIAN SARMIENTO PARA PÁRENSE DE MANOS 4,"Marcos Chino Maidana se sumó al equipo de Brian Sarmiento para prepararlo de cara a Párense de Manos 4. El exfutbolista enfrentará a El Polaco el viernes 18 de diciembre en el estadio de Platense.

El anuncio mostró al excampeón mundial trabajando junto a Sarmiento, que busca llegar con preparación específica de boxeo. Del otro lado, El Polaco contará con la conducción de la excampeona Carolina Tuti Bopp.

La incorporación de Maidana eleva el interés deportivo de uno de los cruces más mediáticos de la cartelera. Las próximas semanas estarán enfocadas en la adaptación técnica y física de ambos protagonistas.",https://www.tycsports.com/gaming/el-chino-maidana-ya-entrena-a-brian-sarmiento-para-parense-de-manos-4-id763536.html,https://media.tycsports.com/files/2026/09/29/991559/el-chino-maidana-ya-entrena-a-brian-sarmiento-para-parense-de-manos-4_1440x810.webp,TyC Sports,https://www.tycsports.com/gaming/el-chino-maidana-ya-entrena-a-brian-sarmiento-para-parense-de-manos-4-id763536.html,https://www.tycsports.com/video/gaming/el-entrenamiento-de-brian-sarmiento-con-el-chino-maidana--id992272.html,TyC Sports,MEDIA,,OK,Marcos Maidana comenzó a trabajar con Brian Sarmiento.,EMBED EXACTO PRIORITARIO,FALSE,
SI,29/09/2026,18:04,FÚTBOL INTERNACIONAL,DANI ALVES ANUNCIÓ UNA VISITA A FORMOSA Y SALTA PARA BRINDAR CHARLAS,"Dani Alves anunció que viajará a la Argentina entre el 15 y el 20 de octubre para participar de actividades en Formosa y Salta. El exfutbolista brasileño difundió la agenda en sus cuentas oficiales, en el marco de su etapa vinculada a presentaciones religiosas.

En Formosa participará del evento El Impacto de su Gloria entre el 15 y el 17 de octubre. Luego estará en Salta: el 19 dará una charla deportiva en Rosario de Lerma y el 20 encabezará un encuentro en el estadio Delmi.

Las actividades apuntan a colegios, clubes y escuelas de fútbol, además de una presentación abierta al público. La visita se suma a una recorrida reciente del brasileño por distintos países latinoamericanos.",https://www.infobae.com/deportes/2026/09/29/sorpresa-por-la-visita-de-dani-alves-a-la-argentina-tras-sus-apariciones-virales-como-predicador-es-tiempo-de-liberacion/,https://www.infobae.com/resizer/v2/EIITSAOJJBBELAWMSYJ2HT2K2Y.jpg?auth=a7576c16633815588a8277ff80e8ac76f1fa08a8203a4fe34331631169a02231&smart=true&width=1200&height=630&quality=85,Infobae,https://www.infobae.com/deportes/2026/09/29/sorpresa-por-la-visita-de-dani-alves-a-la-argentina-tras-sus-apariciones-virales-como-predicador-es-tiempo-de-liberacion/,https://www.youtube.com/watch?v=OvMDxqLFRgM,@danialves/Instagram,MEDIA,,OK,Dani Alves promocionó su visita a Formosa y Salta.,EMBED EXACTO PRIORITARIO,FALSE,
SI,29/09/2026,18:00,FÚTBOL INTERNACIONAL,UN FESTEJO SIN CAMISETA DEJÓ A OMÁN E IRAK IGUALADOS HASTA EN FAIR PLAY,"Omán e Irak terminaron completamente igualados en su grupo de la Copa del Golfo Arábigo después de una secuencia insólita. El tercer gol omaní colocaba al seleccionado por delante en el criterio de fair play y le daba el pase a semifinales.

Sin embargo, el autor del gol se quitó la camiseta durante el festejo, recibió una amonestación y borró esa ventaja disciplinaria. Con los dos equipos empatados también en ese criterio, la clasificación quedó obligada a definirse mediante un sorteo.

La escena se volvió viral porque una tarjeta evitable cambió el mecanismo de resolución del grupo. La organización debía realizar el sorteo para determinar cuál de los dos continuaba en el torneo.",https://x.com/tjcope/status/2105040155207721039,https://pbs.twimg.com/media/HTaDtLRXoAA1KbV?format=webp&name=large,Tiempo de Juego,https://x.com/tjcope/status/2105040155207721039,https://x.com/tjcope/status/2105040155207721039,Tiempo de Juego / Shasha Sports,MEDIA,,OK,El festejo sin camiseta que igualó a Omán e Irak en el criterio de fair play.,EMBED EXACTO PRIORITARIO,FALSE,
SI,29/09/2026,17:54,FÚTBOL ARGENTINO,THIAGO ALMADA VOLVIÓ A RIVER CAMP Y APUNTA A REGRESAR A MEDIADOS DE OCTUBRE,"Thiago Almada retomó su rehabilitación en River Camp después del desgarro en el cuádriceps izquierdo que sufrió el 19 de septiembre ante Huracán. El mediocampista inició la nueva etapa de recuperación con trabajos diferenciados.

El campeón del mundo no llegaría al partido del 10 de octubre frente a Estudiantes de Río Cuarto. En River manejan como primera posibilidad el duelo del 14 ante Sarmiento, aunque el regreso podría postergarse hasta el encuentro con Belgrano.

La evolución diaria definirá si puede acelerar los plazos sin riesgos. Su vuelta es una de las prioridades del cuerpo técnico para recuperar peso creativo en el tramo decisivo del calendario.",https://www.tycsports.com/river-plate/cuando-volveria-a-jugar-thiago-almada-en-river-tras-la-dura-lesion-id763481.html,https://media.tycsports.com/files/2026/09/19/989351/thiago-almada_1440x810.webp?v=1,TyC Sports,https://www.tycsports.com/river-plate/cuando-volveria-a-jugar-thiago-almada-en-river-tras-la-dura-lesion-id763481.html,https://www.youtube.com/watch?v=_oYVklPzr98,Rodrigo Valle/Getty Images,ALTA,,OK,Thiago Almada trabaja para volver a jugar con River a mediados de octubre.,,FALSE,
SI,29/09/2026,17:54,FÚTBOL ARGENTINO,REY DOMENECH VOLVIÓ AL GRUPO Y BOCA YA NO TIENE LESIONADOS A CORTO PLAZO,"Camilo Rey Domenech se reincorporó a los entrenamientos a la par del plantel de Boca después de superar un desgarro grado II en el recto anterior. El juvenil quedó nuevamente disponible para la consideración del cuerpo técnico.

Con su regreso, Boca ya no tiene futbolistas lesionados de recuperación inmediata. Agustín Marchesín, Gabriel Aranda y Tomás Bareiro continúan con procesos más largos y no integran todavía la planificación de corto plazo.

La recuperación del volante amplía las alternativas para la seguidilla de octubre. El cuerpo técnico evaluará su respuesta física antes de decidir cuándo vuelve a una convocatoria.",https://www.tycsports.com/boca-juniors/camilo-rey-domenech-sumo-grupo-boca-no-tiene-lesionados-corto-plazo-id763531.html,https://media.tycsports.com/files/2026/09/29/991557/camilo-rey-domenech_862x485.webp?v=1,TyC Sports,https://www.tycsports.com/boca-juniors/camilo-rey-domenech-sumo-grupo-boca-no-tiene-lesionados-corto-plazo-id763531.html,https://x.com/BocaJrsOficial/status/2043814339337932911,Prensa Boca,ALTA,,OK,Camilo Rey Domenech se entrenó otra vez a la par del plantel de Boca.,,FALSE,
SI,29/09/2026,17:24,TENIS,ARGENTINA IGUALÓ A FRANCIA COMO LÍDER DE TÍTULOS CHALLENGER EN 2026,"El tenis argentino llegó a 18 títulos en el circuito Challenger durante 2026 e igualó a Francia como el país más ganador de la temporada en la segunda categoría de la ATP. La cosecha se repartió entre 13 campeones nacionales diferentes.

Facundo Díaz Acosta fue el principal protagonista con seis coronas: Tigre II, Sao Leopoldo, Francavilla, Milán, San Marino y Sevilla. Esa marca igualó registros argentinos de Sebastián Báez, Facundo Bagnis y Juan Ignacio Chela en una misma temporada.

Diez de los 18 trofeos fueron obtenidos en torneos disputados en Argentina o Sudamérica. El calendario regional volvió a ser una plataforma clave para sumar puntos, reducir costos de viaje y ampliar las oportunidades de los jugadores locales.",https://www.infobae.com/deportes/2026/09/29/el-tenis-argentino-en-la-cima-del-challenger-tour-junto-a-francia-es-el-pais-con-mas-titulos-en-2026/,https://www.infobae.com/resizer/v2/GDDXSUMKRBHXTCCUS42U3FSUP4.jpg?auth=3ce24e420353298f3bd288bb424eabeefe35cee82fa65b2af1eee3b675f44d8c&smart=true&width=1200&height=630&quality=85,Infobae,https://www.infobae.com/deportes/2026/09/29/el-tenis-argentino-en-la-cima-del-challenger-tour-junto-a-francia-es-el-pais-con-mas-titulos-en-2026/,https://www.youtube.com/watch?v=50mhZgxx9uY,Prensa AAT,MEDIA,,OK,Facundo Díaz Acosta aportó seis de los 18 títulos Challenger argentinos.,,FALSE,
SI,29/09/2026,17:20,FÚTBOL ARGENTINO,GAUDIO CONFIRMÓ SU CANDIDATURA A PRESIDENTE DE INDEPENDIENTE,"Gastón Gaudio confirmó que competirá por la presidencia de Independiente en las elecciones previstas para el 13 de diciembre. El extenista anunció además que Ricardo Bochini será asesor deportivo de su espacio.

El proyecto aseguró que ya tiene un patrocinador cerrado y un director deportivo elegido, aunque su nombre todavía no fue revelado. Gaudio también expresó su intención de repatriar a Esequiel Barco y se manifestó en contra de las sociedades anónimas deportivas.

Con su lanzamiento, el escenario electoral suma una cuarta alternativa junto con los espacios encabezados por Quique Sacco, Luciano Nakis y Daniel Bertoni. El próximo paso será la formalización de listas y propuestas antes de los comicios.",https://www.tycsports.com/independiente/elecciones-en-independiente-gaudio-candidato-a-presidente-y-acompanado-por-una-leyenda-del-club-id763522.html,https://media.tycsports.com/files/2026/09/29/991534/gaston-gaudio_862x485.webp,TyC Sports,https://www.tycsports.com/independiente/elecciones-en-independiente-gaudio-candidato-a-presidente-y-acompanado-por-una-leyenda-del-club-id763522.html,https://x.com/radiolared/status/2104990573417341092,TyC Sports,ALTA,,OK,Gastón Gaudio confirmó que competirá por la presidencia de Independiente.,,FALSE,
SI,29/09/2026,17:06,SELECCIÓN ARGENTINA,ROMA NO CEDERÁ A DYBALA NI A MOLINA PARA LA DESPEDIDA DE MESSI,"Roma informó que Paulo Dybala y Nahuel Molina no viajarán a la Argentina para participar de la despedida de Lionel Messi. El club italiano fundamentó la decisión en razones deportivas y logísticas.

Los dos campeones del mundo habían sido invitados para presenciar desde un palco el amistoso frente a Benín del 6 de octubre en el Monumental. Ninguno iba a tener participación dentro del campo de juego.

La institución mencionó la duración del viaje intercontinental y la cercanía de sus compromisos oficiales. Ángel Di María sí confirmó su asistencia, mientras otros históricos se sumarán exclusivamente para acompañar la última presentación de Messi.",https://www.tycsports.com/seleccion-argentina/los-dos-campeones-del-mundo-que-no-estaran-en-la-despedida-messi-id763525.html,https://media.tycsports.com/files/2026/09/29/991543/roma_416x234.webp?v=1,TyC Sports,https://www.tycsports.com/seleccion-argentina/los-dos-campeones-del-mundo-que-no-estaran-en-la-despedida-messi-id763525.html,https://x.com/Argentina/status/2101366284768174308,TyC Sports,ALTA,,OK,"Paulo Dybala y Nahuel Molina, jugadores de Roma",EMBED EXACTO PRIORITARIO,FALSE,
SI,29/09/2026,16:45,SELECCIÓN ARGENTINA,SCALONI NO ENTREGARÁ LA CAMISETA 10 HASTA LA DESPEDIDA DE MESSI,"Lionel Scaloni confirmó que la camiseta número 10 de la Selección Argentina no será utilizada antes del partido de despedida de Lionel Messi. Después de esa noche, el cuerpo técnico definirá quién heredará el dorsal.

El entrenador explicó que en los amistosos no existe obligación de asignar todos los números. Franco Mastantuono y Nicolás Paz aparecen como candidatos, aunque todavía no existe una decisión tomada.

Scaloni también negó haber recibido un llamado de River y aseguró que no escuchará propuestas mientras tenga contrato con la AFA. Su vínculo vence a fin de año y continúan las conversaciones para renovarlo.",https://www.infobae.com/deportes/2026/09/29/la-decision-que-tomo-scaloni-con-la-camiseta-n-10-de-la-seleccion-y-que-dijo-sobre-los-rumores-que-lo-vincularon-a-river/,https://www.infobae.com/resizer/v2/F5ON3EDALNDEJPVNWL3BHLUQ3E.jpg?auth=963a8aeed962da70af80bedfaa730a6f79a7e07aaf7ae7b9d4639bd15a2ee552&height=197&quality=85&smart=true&width=350,Infobae,https://www.infobae.com/deportes/2026/09/29/la-decision-que-tomo-scaloni-con-la-camiseta-n-10-de-la-seleccion-y-que-dijo-sobre-los-rumores-que-lo-vincularon-a-river/,https://x.com/Argentina/status/2101366284768174308,AP/Natacha Pisarenko / Infobae,ALTA,,TEMPORAL,Lionel Scaloni durante una conferencia de prensa de la Selección,EMBED EXACTO PRIORITARIO,FALSE,
SI,29/09/2026,16:35,FÚTBOL INTERNACIONAL,CRISTIANO RONALDO NO SE ENTRENÓ CON PORTUGAL ANTES DEL PARTIDO CON DINAMARCA,"Cristiano Ronaldo no participó del entrenamiento colectivo de Portugal en Malmö y regresó al hotel para trabajar en el gimnasio. La situación generó inquietud antes del partido frente a Dinamarca por la Nations League.

La Federación Portuguesa explicó que el estadio no tenía un equipamiento específico que el capitán necesitaba para su sesión. No se informó ninguna lesión ni un problema físico que ponga en duda su presencia.

El episodio ocurrió después de que Ronaldo permaneciera en el banco durante toda la victoria ante Noruega. Horas más tarde publicó una imagen con la ropa de Portugal como señal de pertenencia al grupo.",https://www.infobae.com/deportes/2026/09/29/la-polemica-actitud-de-cristiano-ronaldo-que-encendio-las-alarmas-en-la-seleccion-de-portugal/,https://www.infobae.com/resizer/v2/P47VGEQ3GRBCNGDN4HPOTCV2BU.JPG?auth=ac2f1349693a39e617792da52e15746df17e57b9601c37eb5b5febe521039ddb&height=255&quality=85&smart=true&width=350,Infobae,https://www.infobae.com/deportes/2026/09/29/la-polemica-actitud-de-cristiano-ronaldo-que-encendio-las-alarmas-en-la-seleccion-de-portugal/,https://x.com/selecaoportugal/status/2100913877282132383,Reuters / Infobae,ALTA,,OK,Cristiano Ronaldo antes de la práctica de Portugal en Malmö,,FALSE,
SI,29/09/2026,16:25,FÚTBOL INTERNACIONAL,MANCHESTER CITY FUE DECLARADO CULPABLE Y SE EXPONE HASTA AL DESCENSO,"Una comisión independiente declaró al Manchester City culpable de incumplir las normas financieras de la Premier League durante nueve temporadas, entre 2009/10 y 2017/18. También validó tres acusaciones relacionadas con la falta de cooperación del club.

El fallo detectó contratos comerciales simulados y mecanismos utilizados para inflar ingresos y reducir gastos declarados. La Premier calificó la resolución como una de las más importantes de su historia.

La sanción se definirá en una audiencia posterior y puede incluir multa, quita de puntos, descenso o expulsión de la liga. El City rechazó las conclusiones y tiene plazo hasta el 2 de octubre para apelar.",https://www.infobae.com/deportes/2026/09/29/la-premier-le-declaro-la-guerra-al-manchester-city-tras-declararlo-culpable-por-distintas-infracciones-y-anticipo-una-decision-historica/,https://www.infobae.com/resizer/v2/35KAA3H3TJCOTMC3SVF65FS63A.jpg?auth=88c80c2f62a6951197174b8f8964c5a03440b8fcf0c7cba1d97a78cdfa1c1680&height=197&quality=85&smart=true&width=350,Infobae,https://www.infobae.com/deportes/2026/09/29/la-premier-le-declaro-la-guerra-al-manchester-city-tras-declararlo-culpable-por-distintas-infracciones-y-anticipo-una-decision-historica/,https://x.com/PepTeam/status/2105269081276350584,AP/Jon Super / Infobae,ALTA,,TEMPORAL,Plantel del Manchester City en un partido de la Premier League,,FALSE,
SI,29/09/2026,16:15,ARBITRAJE,"LA PREMIER ADMITIÓ UN PENAL INEXISTENTE, PERO RESPALDÓ QUE EL VAR NO INTERVINIERA","El panel independiente de incidentes decisivos de la Premier League determinó que fue incorrecto el penal sancionado a favor del Sunderland frente al Arsenal. Los cinco integrantes coincidieron en que la infracción no debió cobrarse.

Sin embargo, tres de los cinco miembros respaldaron que el VAR no recomendara una revisión. Consideraron que las imágenes no alcanzaban el umbral de un error claro y manifiesto, pese a que la decisión de campo había sido equivocada.

El caso reabrió el debate sobre los límites del videoarbitraje. El penal fue atajado por David Raya y Arsenal terminó ganando 2-0, pero la resolución expuso la diferencia entre una decisión incorrecta y una intervención obligatoria del VAR.",https://www.infobae.com/deportes/2026/09/29/un-penal-que-no-existio-y-un-var-que-no-intervino-la-polemica-decision-que-disparo-un-intenso-debate-en-la-premier-league/,https://pbs.twimg.com/media/G5QcKBZbIAE_RU4.jpg,Infobae,https://www.infobae.com/deportes/2026/09/29/un-penal-que-no-existio-y-un-var-que-no-intervino-la-polemica-decision-que-disparo-un-intenso-debate-en-la-premier-league/,https://www.youtube.com/watch?v=vH9PRdWxf3Q,BBC Sport / X,MEDIA,,TEMPORAL,Acción de un partido reciente entre Sunderland y Arsenal,EMBED EXACTO PRIORITARIO,FALSE,
SI,29/09/2026,16:05,ARGENTINOS EN EL EXTERIOR,EL PAPU GÓMEZ DEJÓ PADOVA Y SE MUDARÁ AL FÚTBOL DE EMIRATOS ÁRABES,"Alejandro “Papu” Gómez confirmó su salida del Calcio Padova para continuar su carrera en el Forte Virtus, equipo de la segunda división de Emiratos Árabes Unidos. Será la primera experiencia del campeón del mundo en el fútbol asiático.

El atacante de 38 años resignó tres meses de salario para quedar con el pase en su poder y firmará hasta junio de 2027. En una carta publicada en sus redes agradeció al club italiano, a sus compañeros y a los hinchas.

El Forte Virtus tiene sede en Dubái y ocupa el cuarto puesto de su campeonato. Gómez inicia así una nueva etapa después de haber regresado a la competencia tras cumplir la sanción por doping.",https://www.infobae.com/deportes/2026/09/29/la-sentida-carta-del-papu-gomez-tras-darle-un-giro-inesperado-a-su-carrera-llego-el-momento/,https://www.infobae.com/resizer/v2/3V4TTSN3ZBAZRM7BPJLBS27FVQ.png?auth=e026930d2b1ca41905461ca5ea6752c1dcb77e484404b3f71a87df8eab186ea0&height=627&quality=85&smart=true&width=350,Infobae,https://www.infobae.com/deportes/2026/09/29/la-sentida-carta-del-papu-gomez-tras-darle-un-giro-inesperado-a-su-carrera-llego-el-momento/,https://x.com/CLMerlo/status/2102797992172392457,Instagram / Infobae,ALTA,,OK,Publicación de despedida del Papu Gómez,EMBED EXACTO PRIORITARIO,FALSE,
SI,29/09/2026,15:55,SELECCIÓN ARGENTINA,PALACIOS Y FLORES FUERON LIBERADOS Y TOBÍAS ANDRADA QUEDÓ FUERA DE LA SELECCIÓN,"La AFA confirmó tres cambios en la convocatoria de la Selección Argentina. Tomás Palacios y Leonel Flores fueron liberados temporalmente para disputar compromisos con Estudiantes y Boca, mientras que Tobías Andrada quedó desafectado.

Palacios se sumará a Estudiantes para el cruce de Copa Argentina ante Platense y luego regresará a Ezeiza. Flores permanecerá hasta el amistoso con Bolivia, jugará después para Boca frente a Unión y volverá a incorporarse a la concentración.

Andrada quedó directamente al margen de los tres amistosos. El comunicado no precisó si la baja se debe a la molestia muscular que había sufrido con River ante Huracán.",https://www.infobae.com/deportes/2026/09/29/los-cambios-de-ultimo-momento-en-la-lista-de-convocados-de-la-seleccion-argentina-los-dos-liberados-y-la-baja-de-una-promesa/,https://www.infobae.com/resizer/v2/7PYG3ZSCERBGTKAZPLTRXYHUPI.png?auth=46fd6abc7b28ae28bb354a0e72ea8600958cf99de937a732c543e55f8983b036&height=195&quality=85&smart=true&width=350,Infobae,https://www.infobae.com/deportes/2026/09/29/los-cambios-de-ultimo-momento-en-la-lista-de-convocados-de-la-seleccion-argentina-los-dos-liberados-y-la-baja-de-una-promesa/,https://x.com/Argentina/status/2101366284768174308,Instagram / Infobae,ALTA,,OK,Tomás Palacios y Leonel Flores durante el entrenamiento de la Selección,,FALSE,
SI,29/09/2026,15:45,RUGBY,LOS PUMAS ABRIRÁN EL RUGBY CHAMPIONSHIP 2027 CON DOS PARTIDOS EN AUSTRALIA,"Los Pumas ya conocen sus primeros compromisos del Rugby Championship 2027: enfrentarán a Australia el 10 de julio en Sídney y el 17 de julio en Townsville. Serán los dos partidos que abrirán la competencia.

El certamen volverá después de no disputarse en 2026 y reunirá nuevamente a Argentina, Australia, Nueva Zelanda y Sudáfrica. Para el seleccionado argentino, la gira también funcionará como adaptación al país que albergará el Mundial tres meses después.

Todavía deben confirmarse las fechas y sedes de los cruces con los All Blacks y los Springboks. Argentina debutará en la Copa del Mundo el 4 de octubre de 2027 frente a Canadá en Brisbane.",https://www.infobae.com/deportes/2026/09/29/los-pumas-abriran-el-rugby-championship-en-australia-antes-del-mundial-2027/,https://www.infobae.com/resizer/v2/XPAHH7L7SBCL5C3SYRMRZJG7QQ.jpg?auth=d6972760a2e9aed91a8380f6a857bdd40c0ae69c8f6e9fd2366bf19d1062007b&height=233&quality=85&smart=true&width=350,Infobae,https://www.infobae.com/deportes/2026/09/29/los-pumas-abriran-el-rugby-championship-en-australia-antes-del-mundial-2027/,https://www.youtube.com/watch?v=nI-ZtcVIX5g,Andres Larrovere/AFP / Infobae,ALTA,,TEMPORAL,Los Pumas frente a Australia en un partido anterior,,FALSE,
SI,29/09/2026,15:35,POLO,CAMBIASO FUE DESIGNADO EMBAJADOR INTERNACIONAL DEL DEPORTE ARGENTINO,"Adolfo Cambiaso fue designado Embajador Extraordinario y Plenipotenciario para promover internacionalmente el deporte argentino, con especial énfasis en el polo. La misión será ad honorem y estará coordinada por la Cancillería.

El nombramiento quedó establecido mediante el Decreto 1116/2026. El objetivo oficial es utilizar la proyección exterior del deporte para impulsar la imagen del país, el turismo, las exportaciones y la generación de contactos comerciales.

La designación no incorpora al polista al cuerpo permanente del Servicio Exterior ni genera una erogación presupuestaria. Cancillería definirá ahora los mecanismos y las acciones concretas de promoción.",https://www.infobae.com/politica/2026/09/29/designaron-a-adolfo-cambiaso-como-embajador-internacional-del-deporte-argentino/,https://www.infobae.com/resizer/v2/VPFROHELYZGSPIUKFXM3UCPVOI.jpg?auth=2c5977f1fb4c8631ef37ec0697b2dfa7515207d0d8f4a942d62753f06dc2bc3f&height=233&quality=85&smart=true&width=350,Infobae,https://www.infobae.com/politica/2026/09/29/designaron-a-adolfo-cambiaso-como-embajador-internacional-del-deporte-argentino/,https://www.youtube.com/watch?v=8F2ITpcCHCo,Franco Fafasuli / Infobae,MEDIA,,OK,Adolfo Cambiaso durante un partido de polo,,FALSE,
SI,29/09/2026,15:18,SELECCIÓN ARGENTINA,SCALONI LE ABRIÓ LAS PUERTAS A PAREDES PARA VOLVER A LA SELECCIÓN,"Lionel Scaloni respondió al deseo de Leandro Paredes de continuar en la Selección Argentina y fue contundente: aseguró que las puertas están abiertas para el mediocampista de Boca. El entrenador lo definió como un jugador histórico y remarcó el cariño que le tiene el cuerpo técnico.

Paredes había declarado que todavía se siente parte del plantel y que, si no estuviera suspendido, estaría en la convocatoria. La sanción de diez partidos por los incidentes ante España es hoy el principal obstáculo para su regreso.

La AFA trabaja para reducir el castigo. Si logra que la pena baje a cinco fechas, el volante podría cumplirla durante los amistosos de octubre y noviembre y quedar disponible para el inicio de las Eliminatorias.",https://www.tycsports.com/seleccion-argentina/paredes-le-hizo-un-guino-a-la-seleccion-argentina-me-siento-parte-y-si-no-estuviera-sancionado-estaria-ahi-id763484.html,https://media.tycsports.com/files/2026/07/20/972163/leandro-paredes_416x234.webp,TyC Sports,https://www.tycsports.com/seleccion-argentina/paredes-le-hizo-un-guino-a-la-seleccion-argentina-me-siento-parte-y-si-no-estuviera-sancionado-estaria-ahi-id763484.html,https://x.com/Argentina/status/2101366284768174308,Image Photo Agency/Getty Images / TyC Sports,ALTA,,TEMPORAL,Leandro Paredes con la camiseta de la Selección Argentina,EMBED EXACTO PRIORITARIO,FALSE,
SI,29/09/2026,14:45,AUTOMOVILISMO,VETTEL DEFENDIÓ A COLAPINTO TRAS EL CHOQUE CON GASLY EN BAKÚ,"Sebastian Vettel defendió a Franco Colapinto después de la maniobra que terminó en un toque con Pierre Gasly en el Gran Premio de Azerbaiyán. El tetracampeón sostuvo que Bakú no perdona errores y consideró comprensible una mala evaluación en la primera curva.

La opinión del alemán se sumó a la de Juan Pablo Montoya, quien valoró la agresividad competitiva del argentino. Ambas voces aportaron respaldo en medio de las críticas que generó el incidente entre los pilotos de Alpine.

Colapinto afrontará la próxima carrera con la necesidad de recomponerse y transformar esa agresividad en un resultado limpio. El equipo, por su parte, deberá gestionar la relación interna y los costos derivados del choque.",https://www.infobae.com/deportes/2026/09/29/un-historico-campeon-mundial-defendio-a-franco-colapinto-tras-la-maniobra-contra-pierre-gasly-en-baku-que-dio-de-que-hablar-en-la-f1/,https://www.infobae.com/resizer/v2/SBS7CLWCGVGNDOB3ILM4F3XVCY.JPG?auth=971cf9f9a7fc7544567dbe84d47f41344ef456cc2137110cfba928de037f49f5&height=233&quality=85&smart=true&width=350,Infobae,https://www.infobae.com/deportes/2026/09/29/un-historico-campeon-mundial-defendio-a-franco-colapinto-tras-la-maniobra-contra-pierre-gasly-en-baku-que-dio-de-que-hablar-en-la-f1/,https://www.youtube.com/watch?v=56jF73GYgW4,Infobae,ALTA,,TEMPORAL,Sebastian Vettel en una actividad de Fórmula 1,,FALSE,
SI,29/09/2026,14:43,SELECCIÓN ARGENTINA,SCALONI PROBÓ A LAUTARO Y JULIÁN JUNTOS PARA ENFRENTAR A BOLIVIA,"Lionel Scaloni prepara una formación renovada para el amistoso de la Selección Argentina frente a Bolivia. La principal novedad del ensayo fue la presencia conjunta de Lautaro Martínez y Julián Álvarez en el ataque.

El probable equipo se completa con Emiliano Martínez; Agustín Giay, Cristian Romero, Lisandro Martínez y Facundo Medina; Exequiel Palacios y Alexis Mac Allister; Valentín Barco, con Nicolás Paz o Franco Mastantuono disputando otro lugar; y la dupla ofensiva.

El partido se jugará este miércoles a las 21 en el estadio Mario Alberto Kempes de Córdoba. La práctica final terminará de definir el puesto que todavía está abierto en la zona creativa.",https://www.tycsports.com/seleccion-argentina/la-formacion-de-la-seleccion-argentina-vs-bolivia-por-un-amistoso-id763243.html,https://assets1.afa.com.ar/2026/LG/LG-mayo-junio26/LG-julio-agosto26/LG-sept26/AFA---28-SEPTIEMBRE-193.jpeg,TyC Sports,https://www.tycsports.com/seleccion-argentina/la-formacion-de-la-seleccion-argentina-vs-bolivia-por-un-amistoso-id763243.html,https://x.com/Argentina/status/2101366284768174308,AFA,ALTA,,TEMPORAL,Scaloni dirige la práctica de la Selección Argentina,,FALSE,
SI,29/09/2026,14:35,FÚTBOL INTERNACIONAL,CERRÓ LA VOTACIÓN DEL BALÓN DE ORO Y EL RESULTADO QUEDARÁ BAJO SECRETO,"La votación del Balón de Oro 2026 quedó cerrada y comenzó la etapa de custodia de los resultados antes de la ceremonia. La organización reforzó el esquema de confidencialidad para evitar filtraciones sobre los ganadores.

Según el procedimiento informado, únicamente Vincent Garcia y Marc Las tendrán acceso al resultado final antes de la gala. La medida busca blindar uno de los anuncios más esperados del calendario internacional.

La entrega se realizará el 26 de octubre en Londres. Hasta entonces, la expectativa estará centrada en los principales candidatos de las categorías masculina y femenina.",https://www.infobae.com/deportes/2026/09/29/cerro-la-votacion-del-balon-de-oro-como-buscaran-blindar-los-resultados-este-ano-y-quienes-son-las-dos-personas-que-sabran-quien-es-el-ganador/,https://www.infobae.com/resizer/v2/VRDLRFTWMZBLTBWLPAI3FFKROM.jpg?auth=e7dc107b2238a0e0e168b3ba214293ecb7f1406ba11dfaaf95d0fe04e9b0ef32&height=233&quality=85&smart=true&width=350,Infobae,https://www.infobae.com/deportes/2026/09/29/cerro-la-votacion-del-balon-de-oro-como-buscaran-blindar-los-resultados-este-ano-y-quienes-son-las-dos-personas-que-sabran-quien-es-el-ganador/,https://www.youtube.com/watch?v=YqCUt21l0aU,Infobae,MEDIA,,TEMPORAL,Ganadores de la edición anterior del Balón de Oro,,FALSE,
SI,29/09/2026,14:30,MMA,AILÍN PÉREZ SUBIÓ AL SEGUNDO PUESTO DEL RANKING UFC Y SE OFRECIÓ PARA PELEAR POR EL TÍTULO,"Ailín Pérez ascendió al segundo puesto del ranking de peso gallo de UFC después de vencer a Norma Dumont. La argentina acumula siete triunfos en la empresa y quedó muy cerca de una oportunidad por el cinturón.

Pérez celebró el avance con un video provocador y se ofreció como reemplazo para la pelea titular prevista el 14 de noviembre entre Kayla Harrison y Amanda Nunes. Si recibe la oportunidad, podría convertirse en la primera argentina en disputar un título de UFC.

La definición dependerá de la organización y de cualquier cambio en la cartelera. Mientras tanto, su nueva posición la instala como contendiente directa en una división que atraviesa un momento de fuerte movimiento.",https://www.infobae.com/deportes/2026/09/29/ailin-perez-celebro-con-un-provocativo-video-subio-al-2-del-ranking-y-podria-ser-la-primera-argentina-en-pelea-por-un-titulo-de-ufc-en-la-historia/,https://www.infobae.com/resizer/v2/CFAHN4CHHBE6LMTNRK6TRSFMQM.jpg?auth=a8e1372d9b122606ff78f54b3588798b49f2144e51b644f8bcd7858343973e43&height=350&quality=85&smart=true&width=350,Infobae,https://www.infobae.com/deportes/2026/09/29/ailin-perez-celebro-con-un-provocativo-video-subio-al-2-del-ranking-y-podria-ser-la-primera-argentina-en-pelea-por-un-titulo-de-ufc-en-la-historia/,https://www.youtube.com/watch?v=r8BHD12_s98,Infobae,ALTA,,OK,Ailín Pérez durante su combate ante Norma Dumont,EMBED EXACTO PRIORITARIO,FALSE,
SI,29/09/2026,14:20,AUTOMOVILISMO,COCHITO LÓPEZ ANALIZÓ EL CHOQUE DE COLAPINTO: “FRENA MUY TARDE”,"José María “Cochito” López desmenuzó la maniobra de Franco Colapinto que terminó con el contacto contra Pierre Gasly en Bakú. El piloto argentino consideró que Colapinto frenó demasiado tarde al intentar superar a su compañero.

El análisis repasó paso a paso la aproximación a la primera curva y el escaso margen disponible para completar la maniobra. La explicación aporta una mirada técnica a uno de los episodios más discutidos del Gran Premio de Azerbaiyán.

Colapinto buscará recuperarse en la próxima fecha, mientras Alpine deberá evaluar el impacto deportivo y material del accidente. El incidente también reavivó el debate sobre la convivencia competitiva entre los dos pilotos.",https://www.infobae.com/deportes/2026/09/29/frena-muy-tarde-el-paso-a-paso-de-la-maniobra-de-franco-colapinto-que-termino-con-el-choque-a-pierre-gasly-en-la-carrera-de-baku/,https://www.infobae.com/resizer/v2/VPQ7INTLR5BDNHU3BGMC2DLBMI.jpg?auth=255fac2ddf4d1a8a1cea73a8f1f2a54fd50f392363c4521c804a33caad9fffe3&height=233&quality=85&smart=true&width=350,Infobae,https://www.infobae.com/deportes/2026/09/29/frena-muy-tarde-el-paso-a-paso-de-la-maniobra-de-franco-colapinto-que-termino-con-el-choque-a-pierre-gasly-en-la-carrera-de-baku/,https://www.espn.com.ar/core/video/iframe?endcard=false&id=17304465&omniReportSuite=wdgespge,Infobae,MEDIA,,OK,El choque entre Franco Colapinto y Pierre Gasly en Bakú,EMBED EXACTO PRIORITARIO,FALSE,
SI,29/09/2026,14:15,SELECCIÓN ARGENTINA,SCALONI RATIFICÓ SU INTENCIÓN DE CONTINUAR Y APUNTÓ A COMPETIR HASTA 2030,"Lionel Scaloni confirmó que existe buena predisposición para acordar su continuidad al frente de la Selección Argentina. El entrenador explicó que las conversaciones recién comenzaron, pero remarcó que ambas partes quieren avanzar y que el objetivo es seguir compitiendo hasta 2030.

En la conferencia de prensa también señaló a Cristian Romero como uno de los nuevos capitanes y afirmó que deberá asumir esa responsabilidad. Sobre Lionel Messi, indicó que podría incorporarse después del 3 de octubre y consideró difícil que se dispute la Finalissima por problemas de calendario.

La negociación contractual continuará durante los próximos días, mientras el plantel prepara sus compromisos amistosos. La prioridad inmediata será sostener el funcionamiento del equipo y acompañar la transición hacia el próximo ciclo mundialista.",https://www.infobae.com/deportes/2026/09/29/lionel-scaloni-hablara-en-conferencia-de-prensa-mientras-negocia-su-futuro-en-la-seleccion-argentina/,https://assets1.afa.com.ar/2026/LG/LG-mayo-junio26/LG-julio-agosto26/LG-sept26/Web-arg.jpg,Infobae,https://www.infobae.com/deportes/2026/09/29/lionel-scaloni-hablara-en-conferencia-de-prensa-mientras-negocia-su-futuro-en-la-seleccion-argentina/,https://x.com/Argentina/status/2101366284768174308,AFA,ALTA,,TEMPORAL,Plantel de la Selección Argentina en el entrenamiento previo a la conferencia,,FALSE,
SI,29/09/2026,14:10,DEPORTES DE COMBATE,EL LUCHADOR DE JIU-JITSU QUE QUEDÓ PARALIZADO DEJÓ EL HOSPITAL,"Willian “Kabuto” Masuda dejó el hospital y continuará su recuperación con internación domiciliaria y terapia. El luchador brasileño quedó paralizado después de recibir un golpe prohibido durante una competencia de jiu-jitsu.

El episodio ocurrió el 22 de agosto, cuando sufrió un piledriver que le provocó una lesión gravísima. Desde entonces atravesó una extensa etapa de atención médica y ahora comienza una nueva fase fuera del centro sanitario.

La investigación sobre lo sucedido continúa y todavía se analizan responsabilidades por la maniobra. Su entorno mantiene el foco en la rehabilitación y en la adaptación a las consecuencias del accidente.",https://www.infobae.com/america/mundo/2026/09/29/el-luchador-brasileno-de-jiu-jitsu-que-quedo-paralizado-por-un-golpe-prohibido-dejo-el-hospital-todavia-intento-procesar-todo/,https://conteudo.imguol.com.br/c/esporte/1a/2026/09/29/willian-masuda-contou-que-ja-esta-em-casa-mas-ainda-internado-1790689364555_v2_615x300.png,Infobae,https://www.infobae.com/america/mundo/2026/09/29/el-luchador-brasileno-de-jiu-jitsu-que-quedo-paralizado-por-un-golpe-prohibido-dejo-el-hospital-todavia-intento-procesar-todo/,,Instagram @willian_masuda / UOL,MEDIA,,OK,Willian Masuda durante su recuperación,EMBED EXACTO PRIORITARIO,FALSE,
SI,29/09/2026,14:00,Independiente,GASTÓN GAUDIO CONFIRMÓ QUE SERÁ CANDIDATO A PRESIDENTE DE INDEPENDIENTE,"Gastón Gaudio confirmó que competirá por la presidencia de Independiente en las elecciones del 13 de diciembre. El extenista aseguró que ya tomó la decisión y que se presentará con el apoyo de las agrupaciones Gente de Independiente y Puro Sentimiento Rojo.

El campeón de Roland Garros adelantó que cerró un contrato de patrocinio que considera clave para construir un equipo competitivo. También afirmó que tiene definido al futuro director deportivo, aunque todavía no reveló su nombre.

Gaudio mencionó a Esequiel Barco como un posible refuerzo y confirmó que Ricardo Bochini participará de su proyecto. Se convirtió en el cuarto candidato oficial, junto con Quique Sacco, Luciano Nakis y Daniel Bertoni.",https://www.infobae.com/deportes/2026/09/29/gaston-gaudio-confirmo-que-sera-candidato-a-presidente-de-independiente/,https://www.infobae.com/resizer/v2/RZBG2URONJGYDBVGRDLJF67JQY.jpg?auth=195c93d94ae6c67415757000333bb2956e66b98a2249970964ef0d3723f1ee41&height=250&quality=85&smart=true&width=350,Infobae,https://www.infobae.com/deportes/2026/09/29/gaston-gaudio-confirmo-que-sera-candidato-a-presidente-de-independiente/,https://x.com/elfutbolirico/status/2104969808991207632,Reuters / Infobae,ALTA,,OK,"Gastón Gaudio, candidato confirmado a presidente de Independiente.",EMBED EXACTO PRIORITARIO,FALSE,
SI,29/09/2026,14:00,FÚTBOL ARGENTINO,LA SELECCIÓN LIBERÓ A LEONEL FLORES PARA QUE JUEGUE CON BOCA ANTE UNIÓN,"La Selección Argentina decidió liberar a Leonel Flores de la convocatoria para que pueda quedar a disposición de Boca en el partido frente a Unión. La resolución fue tomada por el cuerpo técnico nacional y despejó una duda importante para el equipo xeneize.

Flores había sido citado para trabajar con el plantel argentino, pero la cercanía del compromiso local llevó a habilitar su regreso. Boca recupera así una alternativa para una fecha en la que necesita sostener variantes en su formación.

El futbolista volverá al club y quedará sujeto a la evaluación del cuerpo técnico antes del encuentro. La decisión oficial permite que pueda integrar la convocatoria si responde bien en la preparación final.",https://www.tycsports.com/boca-juniors/leonel-flores-esta-en-duda-para-jugar-con-boca-ante-union-id763497.html,https://media.tycsports.com/files/2026/09/24/990501/leonel-flores_416x234.webp,TyC Sports,https://www.tycsports.com/boca-juniors/leonel-flores-esta-en-duda-para-jugar-con-boca-ante-union-id763497.html,https://x.com/Argentina/status/2101366284768174308,TyC Sports,ALTA,,TEMPORAL,Leonel Flores durante una práctica,,FALSE,
SI,29/09/2026,13:59,AUTOMOVILISMO,COLAPINTO QUEDÓ NOVENO EN EL RANKING DE DAÑOS DE LA FÓRMULA 1,"Franco Colapinto quedó noveno en el denominado “campeonato de destructores” de la Fórmula 1 tras el accidente del último fin de semana en Bakú. El cálculo atribuye al argentino daños por 982.000 euros en lo que va de la temporada.

La medición, elaborada sobre los costos estimados de reparación, ubica además a Alpine como la segunda escudería con mayor gasto por incidentes, con 2.823.000 euros. El dato suma otra lectura al complejo presente deportivo y económico del equipo francés.

El próximo desafío será el Gran Premio de Malasia, donde Colapinto buscará dejar atrás el episodio de Azerbaiyán y completar un fin de semana limpio en Sepang.",https://www.tycsports.com/automovilismo/asi-quedo-colapinto-en-el-campeonato-de-destructores-en-la-formula-1-tras-su-accidente-en-azerbaiyan-id763500.html,https://media.tycsports.com/files/2026/09/26/990846/colapinto_416x234.webp?v=1,TyC Sports,https://www.tycsports.com/automovilismo/asi-quedo-colapinto-en-el-campeonato-de-destructores-en-la-formula-1-tras-su-accidente-en-azerbaiyan-id763500.html,https://www.youtube.com/watch?v=56jF73GYgW4,TyC Sports,ALTA,,TEMPORAL,Franco Colapinto con Alpine en Fórmula 1,,FALSE,
SI,29/09/2026,13:54,INDEPENDIENTE,INDEPENDIENTE RECUPERÓ AL CHIMY ÁVILA Y NEGOCIA A CONTRARRELOJ POR BANEGAS,"Independiente recibió una buena noticia en la enfermería: el Chimy Ávila se recuperó y volvió a entrenarse a la par del plantel. Josías Palais también quedó disponible después de superar los puntos que recibió por un corte.

El panorama todavía incluye dos trabajos diferenciados. Facundo Zabala se recupera de una fractura en un dedo del pie y Juan Arrayago arrastra una molestia en un glúteo, por lo que ambos continúan con tareas especiales.

Mientras tanto, la dirigencia negocia con Tigre por Nahuel Banegas antes del cierre extraordinario previsto para las 18. El lateral aparece como la opción para reforzar una zona sensible del equipo en la recta final de la competencia.",https://www.tycsports.com/independiente/mientras-busca-un-refuerzo-a-contrarreloj-el-panorama-de-los-lesionados-de-independiente-id763498.html,https://media.tycsports.com/files/2026/09/29/991486/chimy-avila_416x234.webp?v=1,TyC Sports,https://www.tycsports.com/independiente/mientras-busca-un-refuerzo-a-contrarreloj-el-panorama-de-los-lesionados-de-independiente-id763498.html,https://www.youtube.com/watch?v=lKF03X2EMds,TyC Sports,ALTA,,OK,Chimy Ávila en el entrenamiento de Independiente,,FALSE,
SI,29/09/2026,13:40,MMA,KEVIN VALLEJOS PELEARÁ CON ALJAMAIN STERLING EN UFC QATAR,"Kevin Vallejos enfrentará a Aljamain Sterling el 21 de noviembre en UFC Qatar. El combate será coestelar, se disputará a tres asaltos en peso pluma y puede acercar al argentino a una pelea por el título.

El marplatense de 24 años ocupa el décimo puesto del ranking y llega invicto en cuatro presentaciones dentro de la UFC. Entre sus triunfos aparecen nocauts sobre Giga Chikadze y Josh Emmett.

Sterling fue campeón mundial de peso gallo y actualmente figura cuarto en la categoría pluma. Una victoria colocaría a Vallejos entre los principales contendientes de una división encabezada por Alexander Volkanovski.",https://www.infobae.com/deportes/2026/09/29/se-confirmo-la-nueva-pelea-del-argentino-kevin-vallejos-en-ufc-por-que-podria-ser-un-punto-de-inflexion-en-su-carrera/,https://www.infobae.com/resizer/v2/MJYJXVR7UVA3VITLRTDCBDT6LU.jfif?auth=b6baada91299ed9f612db1cdfd104ffc2f99e291df3090a428524b6984032fce&height=233&quality=85&smart=true&width=350,Infobae,https://www.infobae.com/deportes/2026/09/29/se-confirmo-la-nueva-pelea-del-argentino-kevin-vallejos-en-ufc-por-que-podria-ser-un-punto-de-inflexion-en-su-carrera/,https://www.youtube.com/watch?v=b4w5BisadEg,Infobae,ALTA,,OK,"Kevin Vallejos, el argentino que enfrentará a Aljamain Sterling en UFC Qatar.",,FALSE,
SI,29/09/2026,13:27,FÚTBOL INTERNACIONAL,VASCO INSISTE CON SÃO JANUÁRIO PARA RECIBIR A BOCA Y EVALÚA IR A LA JUSTICIA,"Vasco da Gama mantiene su intención de recibir a Boca en São Januário por la semifinal de la Copa Sudamericana. El club brasileño no acepta trasladar la localía y analiza acudir a la Justicia para defender su estadio.

La Conmebol exige un escenario con capacidad mínima de 30.000 espectadores para esa instancia, condición que São Januário no cumple. La entidad fijó el 10 de octubre como fecha límite para definir la sede.

El Maracaná y el estadio Nilton Santos aparecen como alternativas si Vasco no logra una excepción. La resolución será clave para la planificación de Boca y para la organización del partido en Río de Janeiro.",https://www.tycsports.com/boca-juniors/boca-vasco-da-gama-semifinales-copa-sudamericana-estadio-sao-januario-maracana-id763496.html,https://media.tycsports.com/files/2026/09/29/991484/vasco-da-gama-no-se-da-por-vencido-quiere-recibir-a-boca-en-el-sao-januario_416x234.webp?v=1,TyC Sports,https://www.tycsports.com/boca-juniors/boca-vasco-da-gama-semifinales-copa-sudamericana-estadio-sao-januario-maracana-id763496.html,https://x.com/BocaJrsOficial/status/2043814339337932911,TyC Sports,ALTA,,OK,Estadio São Januário de Vasco da Gama,,FALSE,
SI,29/09/2026,13:20,Institucional,DETENIDO EL PRESIDENTE DE LOS ÁRBITROS DE TURQUÍA EN UNA CAUSA POR CORRUPCIÓN,"Ferhat Gündogdu, presidente del Comité Central de Árbitros de la Federación Turca, fue detenido junto con otras seis personas. La Fiscalía de Estambul investiga presuntas irregularidades en evaluaciones, designaciones y listas de jueces.

La operación se realizó en varias ciudades y también alcanzó al vicepresidente del organismo y a dirigentes relacionados con la estructura arbitral. Las autoridades registraron viviendas, lugares de trabajo y oficinas de los sospechosos.

El expediente analiza posibles modificaciones no autorizadas en listados de árbitros y observadores, además de supuestos favoritismos y descalificaciones sin criterios objetivos. La Justicia busca determinar si existió manipulación de los procesos internos del arbitraje turco.",https://www.infobae.com/deportes/2026/09/29/escandalo-en-el-futbol-de-turquia-el-presidente-de-los-arbitros-fue-detenido-junto-a-otros-acusados-de-corrupcion/,https://f.i.uol.com.br/fotografia/2026/09/29/17906967896abbdd556c3c7_1790696789_3x2_md.jpg,Infobae,https://www.infobae.com/deportes/2026/09/29/escandalo-en-el-futbol-de-turquia-el-presidente-de-los-arbitros-fue-detenido-junto-a-otros-acusados-de-corrupcion/,https://www.youtube.com/watch?v=JHykL9nagro,Reprodução no X / Folha de S.Paulo,MEDIA,,OK,"Ferhat Gündogdu, presidente del Comité Central de Árbitros de Turquía.",,FALSE,
SI,29/09/2026,13:01,River,"RIVER BUSCARÁ UN ARQUERO, UN CENTRAL Y UN VOLANTE CENTRAL EN EL PRÓXIMO MERCADO","River ya definió los puestos prioritarios para el mercado de pases de enero: un arquero, al menos un marcador central y un mediocampista central. La planificación se realiza mientras Leonardo Ponzio dirige el cierre del Clausura y el club todavía no resolvió quién será el entrenador en 2027.

La búsqueda de un arquero responde a la posible salida de Santiago Beltrán y al vencimiento del contrato de Ezequiel Centurión. Yassine Bounou aparece como un nombre observado, aunque por ahora no hubo contactos formales.

En defensa, Lucas Martínez Quarta y Lautaro Rivero podrían dejar el plantel, mientras que Juan Carlos Portillo sigue en recuperación. En el medio, la continuidad de Fausto Vera depende de si River ejecuta la opción de compra de cuatro millones de dólares.",https://www.tycsports.com/river-plate/river-mercado-de-pases-diciembre-refuerzos-salidas-puestos-dt-id763478.html,https://media.tycsports.com/files/2026/09/29/991468/river_416x234.webp?v=1,TyC Sports,https://www.tycsports.com/river-plate/river-mercado-de-pases-diciembre-refuerzos-salidas-puestos-dt-id763478.html,https://www.youtube.com/watch?v=_oYVklPzr98,Fotobaires / TyC Sports,ALTA,,OK,El plantel de River durante la temporada 2026.,,FALSE,
SI,29/09/2026,12:51,Virales,"UNA TEORÍA VIRAL ASEGURA, SIN PRUEBAS, QUE VINICIUS FUE REEMPLAZADO TRAS EL MUNDIAL","Una teoría falsa sobre Vinicius comenzó a circular en redes sociales y afirma que el futbolista brasileño habría sido reemplazado por otra persona después del Mundial 2026. Real Madrid y el entorno del delantero no hicieron comentarios sobre la versión.

Quienes impulsan la conspiración comparan imágenes del atacante y sostienen que faltan algunos tatuajes en su muslo. También relacionan cambios físicos recientes con la supuesta sustitución, sin aportar ninguna evidencia verificable.

Vinicius continúa con la selección de Brasil y participó del empate 1-1 ante Australia. La historia se convirtió en una curiosidad viral, pero no existe información oficial ni periodística que respalde la acusación.",https://www.tycsports.com/futbol-de-brasil/insolitas-conspiraciones-vinicius-fue-reemplazado-por-otra-persona-despues-del-mundial-id763490.html,https://media.tycsports.com/files/2026/09/29/991476/vinicius_416x234.webp?v=1,TyC Sports,https://www.tycsports.com/futbol-de-brasil/insolitas-conspiraciones-vinicius-fue-reemplazado-por-otra-persona-despues-del-mundial-id763490.html,,Getty Images / TyC Sports,BAJA,,OK,Vinicius durante su participación con la selección de Brasil.,EMBED EXACTO PRIORITARIO,FALSE,
SI,29/09/2026,12:50,Fútbol internacional,"BOLILLO GÓMEZ, TRAS EL 0-6 DE EL SALVADOR: “NOS TENDRÍAN QUE ECHAR A TODOS”","El Salvador sufrió una goleada 6-0 ante Guatemala por la segunda fecha de la Liga de Naciones de la Concacaf. Después del partido, Hernán Bolillo Gómez asumió la responsabilidad y afirmó que deberían despedir a todo el cuerpo técnico.

Guatemala marcó tres goles en cada tiempo. Jehú Fajardo anotó un triplete, mientras que Darwin Lom, Rubio Rubín y Jorge Aparicio completaron el resultado en el Estadio Manuel Felipe Carrera.

El Salvador había debutado con un triunfo 3-1 frente a Martinica, pero quedó golpeado por una de sus peores actuaciones recientes. La continuidad del entrenador colombiano quedó bajo presión por el resultado y por el reclamo de los hinchas.",https://www.tycsports.com/futbol-internacional/la-autocritica-de-bolillo-gomez-tras-la-goleada-que-sufrio-el-salvador-nos-tendrian-que-echar-a-todos-id763494.html,https://media.tycsports.com/files/2026/09/29/991481/hernan-bolillo-gomez-reconocio-la-floja-actuacion-de-su-seleccion-_416x234.webp?v=1,TyC Sports,https://www.tycsports.com/futbol-internacional/la-autocritica-de-bolillo-gomez-tras-la-goleada-que-sufrio-el-salvador-nos-tendrian-que-echar-a-todos-id763494.html,https://x.com/JulianCaperaB/status/2104975408760316147,TyC Sports,MEDIA,,OK,Hernán Bolillo Gómez durante la conferencia posterior a la goleada sufrida por El Salvador.,EMBED EXACTO PRIORITARIO,FALSE,
SI,29/09/2026,12:48,Selección Argentina,MATÍAS SOULÉ FUE PADRE POR PRIMERA VEZ DURANTE LA CONVOCATORIA A LA SELECCIÓN,"Matías Soulé anunció el nacimiento de Bautista, su primer hijo junto a Milagros Sosa. La noticia se conoció mientras el delantero se encuentra concentrado en Buenos Aires con la Selección Argentina.

La pareja compartió las primeras imágenes del bebé en redes sociales y recibió mensajes de compañeros y familiares. Paulo Dybala y Camila Galante estuvieron entre quienes felicitaron públicamente a los padres.

La Roma también reaccionó al anuncio desde su cuenta oficial. Soulé continúa integrado al plantel de Lionel Scaloni para los amistosos ante Bolivia y Benín.",https://www.tycsports.com/seleccion-argentina/matias-soule-fue-padre-por-primera-vez-en-medio-de-su-convocatoria-a-la-seleccion-argentina-id763493.html,https://media.tycsports.com/files/2026/09/29/991479/matias-soule_416x234.webp?v=1,TyC Sports,https://www.tycsports.com/seleccion-argentina/matias-soule-fue-padre-por-primera-vez-en-medio-de-su-convocatoria-a-la-seleccion-argentina-id763493.html,https://x.com/Argentina/status/2101366284768174308,Instagram @matiasoule11 / TyC Sports,BAJA,,OK,Matías Soulé sostiene a su hijo Bautista en la imagen compartida por la familia.,,FALSE,
SI,29/09/2026,12:31,Racing,RACING CONFIRMÓ EL INTERINATO HASTA FIN DE AÑO Y ANALIZA A DIEZ Y BARROS SCHELOTTO,"Racing resolvió que Sebastián Romero y Luciano Aued continúen como entrenadores interinos hasta el final de la temporada. La decisión llegó después de la salida de Juan Pablo Vojvoda tras la eliminación ante Boca en la Copa Argentina.

La dirigencia ya comenzó a trabajar en el técnico para 2027 y analiza a Nicolás Diez y Guillermo Barros Schelotto. Diez había sido considerado meses atrás y mantiene contrato con Argentinos Juniors hasta fines del próximo año.

Al equipo le quedan seis partidos en el Torneo Clausura y el objetivo inmediato será abandonar los últimos puestos de la Zona B y clasificar a los playoffs. El próximo rival será Estudiantes de Río Cuarto.",https://www.tycsports.com/racing-club/el-plan-de-racing-interino-hasta-fin-de-ano-y-dos-nombres-fuertes-para-2027--id763477.html,https://media.tycsports.com/files/2026/06/02/954735/nicolas-diez_416x234.webp,TyC Sports,https://www.tycsports.com/racing-club/el-plan-de-racing-interino-hasta-fin-de-ano-y-dos-nombres-fuertes-para-2027--id763477.html,https://www.youtube.com/watch?v=G1HUlzlPT4s,Rodrigo Valle/Getty Images / TyC Sports,ALTA,,TEMPORAL,"Nicolás Diez, una de las opciones que analiza Racing para 2027.",,FALSE,
SI,29/09/2026,12:16,Racing,VOJVODA ROMPIÓ EL SILENCIO Y CONTÓ CÓMO FUE SU SALIDA DE RACING,"Juan Pablo Vojvoda habló por primera vez después de dejar de ser entrenador de Racing. El técnico explicó que la decisión fue tomada por la dirigencia tras la eliminación ante Boca y que aceptó la determinación pese a que se sentía firme para continuar.

Vojvoda contó que la reunión con Diego Milito fue breve y cordial, entre dos personas golpeadas por los malos resultados. También asumió su responsabilidad por la derrota y reconoció que un proceso sin victorias es difícil de sostener.

Su ciclo terminó después de once partidos, con tres triunfos, dos empates y seis derrotas. Sebastián Romero y Luciano Aued quedarán al frente del plantel hasta fin de año mientras el club define el próximo proyecto.",https://www.tycsports.com/racing-club/vojvoda-rompio-el-silencio-tras-su-salida-de-racing-y-dio-detalles-de-la-ultima-charla-con-milito-id763469.html,https://media.tycsports.com/files/2026/08/24/981312/juan-pablo-vojvoda_416x234.webp?v=1,TyC Sports,https://www.tycsports.com/racing-club/vojvoda-rompio-el-silencio-tras-su-salida-de-racing-y-dio-detalles-de-la-ultima-charla-con-milito-id763469.html,https://www.youtube.com/watch?v=G1HUlzlPT4s,TyC Sports,ALTA,,OK,Juan Pablo Vojvoda durante su etapa como entrenador de Racing.,EMBED EXACTO PRIORITARIO,FALSE,
SI,29/09/2026,12:11,Boca,BOCA RECIBIÓ DOS BUENAS NOTICIAS: HERRERA Y PALACIOS NO ESTÁN LESIONADOS,"Boca retomó los entrenamientos con la confirmación de que Jagger Herrera y Carlos Palacios no sufrieron lesiones en el partido ante Racing. Ambos trabajaron con normalidad en el gimnasio y estarán disponibles para recibir a Unión.

Herrera había sido reemplazado sobre el final del encuentro de Copa Argentina y terminó con hielo en la pierna derecha por un traumatismo. La evaluación física descartó una lesión de mayor gravedad.

Rodolfo Arruabarrena planea mantener la base del equipo titular para el partido del viernes en la Bombonera. El Xeneize acumula quince encuentros invicto y marcha tercero en la tabla anual, dentro de la zona de clasificación a la Libertadores.",https://www.tycsports.com/boca-juniors/boca-con-la-mira-en-union-en-busca-de-seguir-de-racha-id763462.html,https://media.tycsports.com/files/2026/09/29/991447/boca_416x234.webp,TyC Sports,https://www.tycsports.com/boca-juniors/boca-con-la-mira-en-union-en-busca-de-seguir-de-racha-id763462.html,https://x.com/BocaJrsOficial/status/2043814339337932911,Prensa Boca / TyC Sports,ALTA,,OK,El plantel de Boca durante el entrenamiento en Ezeiza.,,FALSE,
SI,29/09/2026,12:09,Selección Argentina,PAREDES VOLVIÓ A ABRIRLE LA PUERTA A LA SELECCIÓN: “ME SIENTO PARTE”,"Leandro Paredes aseguró que todavía se siente parte de la Selección Argentina y anticipó que esta semana pasará por el predio de la AFA para conversar con Lionel Scaloni. El volante de Boca no fue convocado porque debe cumplir una suspensión.

La declaración modifica el tono de sus palabras posteriores a la final del Mundial, cuando había puesto en duda su continuidad después del retiro de Lionel Messi. Ahora sostuvo que, si no estuviera sancionado, estaría junto al plantel.

Paredes todavía no habló con el entrenador, pero buscará hacerlo durante la concentración para los amistosos. Su experiencia aparece como una pieza importante en el proceso de renovación del seleccionado.",https://www.tycsports.com/seleccion-argentina/paredes-le-hizo-un-guino-a-la-seleccion-argentina-me-siento-parte-y-si-no-estuviera-sancionado-estaria-ahi-id763484.html,https://media.tycsports.com/files/2026/07/20/972163/leandro-paredes_416x234.webp,TyC Sports,https://www.tycsports.com/seleccion-argentina/paredes-le-hizo-un-guino-a-la-seleccion-argentina-me-siento-parte-y-si-no-estuviera-sancionado-estaria-ahi-id763484.html,https://x.com/Argentina/status/2101366284768174308,Image Photo Agency/Getty Images / TyC Sports,ALTA,,TEMPORAL,Leandro Paredes con la camiseta de la Selección Argentina.,EMBED EXACTO PRIORITARIO,FALSE,
SI,29/09/2026,12:05,Fórmula 1,COLAPINTO APUNTA A PELEAR POR EL TOP 10 EN SU DEBUT EN SEPANG,"Franco Colapinto fijó como objetivo disputar los diez primeros puestos en el Gran Premio de Bahréin que se correrá en Sepang, Malasia, del 2 al 4 de octubre. Será su primera experiencia en el circuito asiático.

El piloto argentino explicó que buscará un viernes productivo y una buena ventana de configuración para el Alpine. También destacó el calor, la humedad y la alta probabilidad de lluvia como factores decisivos.

Después del accidentado fin de semana en Bakú, Colapinto trabajó en el simulador de Enstone desde las cinco de la mañana para adaptar su rutina al huso horario malayo. La primera práctica será clave para conocer un trazado que nunca recorrió en competencia.",https://www.tycsports.com/automovilismo/colapinto-gran-premio-barein-malasia-formula-1-id763482.html,https://media.tycsports.com/files/2026/09/14/987815/franco-colapinto_416x234.webp,TyC Sports,https://www.tycsports.com/automovilismo/colapinto-gran-premio-barein-malasia-formula-1-id763482.html,https://www.youtube.com/watch?v=56jF73GYgW4,TyC Sports,ALTA,,TEMPORAL,Franco Colapinto durante una actividad reciente con Alpine.,EMBED EXACTO PRIORITARIO,FALSE,
SI,29/09/2026,12:00,Fútbol internacional,MANCINI SE DESPEGÓ DEL SUPUESTO DOBLE CONTRATO EN MANCHESTER CITY,"Roberto Mancini rechazó quedar vinculado con las acusaciones financieras contra Manchester City y sostuvo que el supuesto contrato paralelo durante su etapa como entrenador no es un problema que le corresponda explicar.

El expediente investiga la información entregada por el club sobre pagos a futbolistas y técnicos. La acusación menciona un acuerdo de consultoría con Al Jazira que habría complementado el salario oficial del entrenador italiano.

Manchester City enfrenta 115 cargos relacionados con información financiera, remuneraciones y cooperación con la Premier League. Las sanciones todavía no fueron definidas y el club mantiene su intención de apelar cualquier fallo adverso.",https://www.infobae.com/deportes/2026/09/29/mancini-se-despego-de-las-acusaciones-contra-manchester-city-no-es-un-problema-que-me-concierna/,https://www.infobae.com/resizer/v2/YYLHINNO35DN3I3GRHHRWJZAVE.JPG?auth=d738f51e598dea101bc1da5c5cbda6b575d18fea894e5829294c1e3b74699b43&height=197&quality=85&smart=true&width=350,Infobae,https://www.infobae.com/deportes/2026/09/29/mancini-se-despego-de-las-acusaciones-contra-manchester-city-no-es-un-problema-que-me-concierna/,https://x.com/PepTeam/status/2105269081276350584,Reuters / Infobae,MEDIA,,OK,Roberto Mancini durante una conferencia de prensa.,EMBED EXACTO PRIORITARIO,FALSE,
SI,29/09/2026,11:55,Selección Argentina,SCALONI HABLARÁ SOBRE SU FUTURO Y LA DESPEDIDA DE MESSI ANTES DE VIAJAR A CÓRDOBA,"Lionel Scaloni brindará una conferencia de prensa desde las 14.15 antes del último entrenamiento de la Selección Argentina de cara al amistoso frente a Bolivia. La continuidad del entrenador y la despedida de Lionel Messi serán los temas centrales.

El técnico tiene contrato hasta diciembre y mantiene negociaciones con la AFA para extender su ciclo hasta 2030. El nuevo acuerdo le permitiría conducir una tercera Copa del Mundo y una cuarta Copa América.

Después de la práctica, la delegación viajará a Córdoba para disputar el encuentro del miércoles a las 21 en el estadio Mario Alberto Kempes. Messi estará presente recién en el amistoso del 6 de octubre ante Benín en el Monumental.",https://www.tycsports.com/seleccion-argentina/scaloni-seleccion-argentina-conferencia-prensa-despedida-messi-futuro-amistosos-id763480.html,https://media.tycsports.com/files/2026/09/29/991469/scaloni-conferencia-de-prensa-seleccion-argentina_416x234.webp?v=1,TyC Sports,https://www.tycsports.com/seleccion-argentina/scaloni-seleccion-argentina-conferencia-prensa-despedida-messi-futuro-amistosos-id763480.html,https://x.com/Argentina/status/2101366284768174308,TyC Sports,ALTA,,OK,Lionel Scaloni durante una conferencia de prensa de la Selección Argentina.,,FALSE,
SI,29/09/2026,11:34,River,ANÍBAL MORENO VOLVIÓ A TRABAJAR CON EL GRUPO Y SE ACERCA A SU REGRESO EN RIVER,"Aníbal Moreno dio un paso importante en la recuperación de la discopatía lumbar que lo mantiene fuera del equipo de River. El volante comenzó a realizar trabajos a la par del plantel después de varias jornadas con tareas diferenciadas.

El mediocampista todavía no tiene una fecha definitiva para volver, pero el cuerpo técnico aumentará progresivamente la intensidad según sus sensaciones. Si la evolución continúa, podría reaparecer el 10 de octubre frente a Estudiantes de Río Cuarto, inicialmente como suplente.

Moreno no juega desde la eliminación ante Independiente Santa Fe por la Copa Sudamericana y aún no sumó minutos bajo el interinato de Leonardo Ponzio. Mientras tanto, Fausto Vera continúa como principal alternativa en el puesto.",https://www.tycsports.com/river-plate/cual-es-la-situacion-de-anibal-moreno-y-la-senal-que-esperanza-a-river-id763363.html,https://media.tycsports.com/files/2026/08/31/983428/anibal-moreno_416x234.webp?v=1,TyC Sports,https://www.tycsports.com/river-plate/cual-es-la-situacion-de-anibal-moreno-y-la-senal-que-esperanza-a-river-id763363.html,https://www.elgrafico.com.ar/media/cache/pub_news_details_large/media/i/b7/6d/b76da5be497d878097b80285bb3bda0ddb02114e.jpg,TyC Sports,ALTA,,OK,Aníbal Moreno durante un partido de River.,,FALSE,
SI,29/09/2026,11:24,Selección Argentina,SCALONI PROBARÍA A LAUTARO Y JULIÁN JUNTOS ANTE BOLIVIA,"Lionel Scaloni prepara la formación de la Selección Argentina para el amistoso de este miércoles a las 21 frente a Bolivia en el estadio Mario Alberto Kempes. La principal novedad sería la presencia conjunta de Lautaro Martínez y Julián Álvarez en el ataque.

El probable equipo incluye a Emiliano Martínez; Agustín Giay, Cristian Romero, Lisandro Martínez y Facundo Medina; Exequiel Palacios y Alexis Mac Allister; Valentín Barco o Franco Mastantuono y Nicolás Paz; Julián Álvarez y Lautaro Martínez.

El encuentro será la primera presentación de la Albiceleste después de la final del Mundial 2026. Scaloni todavía no confirmó el once y mantiene la duda entre Barco y Mastantuono en el sector derecho del mediocampo.",https://www.tycsports.com/seleccion-argentina/la-formacion-de-la-seleccion-argentina-vs-bolivia-por-un-amistoso-id763243.html,https://media.tycsports.com/files/2025/09/03/879113/placa-scaloni-formacion-argentina_416x234.webp,TyC Sports,https://www.tycsports.com/seleccion-argentina/la-formacion-de-la-seleccion-argentina-vs-bolivia-por-un-amistoso-id763243.html,https://x.com/egodoyvallejos/status/2103148687837012052,TyC Sports,ALTA,,OK,Lionel Scaloni prepara el equipo para enfrentar a Bolivia.,,FALSE,
SI,29/09/2026,10:59,River,RIVER DEFINE EL FUTURO DE CINCO JUGADORES DE CARA AL MERCADO DE VERANO,"River comenzó a planificar el mercado de fin de año y tiene cinco situaciones abiertas: Santiago Beltrán, Lucas Martínez Quarta, Lautaro Rivero, Fausto Vera y Ezequiel Centurión. Entre ofertas, contratos próximos a vencer y búsquedas de continuidad, todos deberán definir su futuro en diciembre.

El club considera prioritaria la renovación de Beltrán para proteger su valor ante un posible interés europeo. Martínez Quarta y Rivero podrían salir mediante una venta, mientras que Vera está a préstamo y su opción de compra ronda los cuatro millones de dólares.

Centurión finaliza su vínculo y River pretende renovarlo, aunque el arquero podría buscar minutos en otro club. Las salidas que se concreten condicionarán la cantidad y el perfil de los refuerzos del próximo mercado.",https://www.tycsports.com/river-plate/los-jugadores-que-podrian-irse-de-river-a-fin-de-ano-id763471.html,https://media.tycsports.com/files/2026/09/29/991465/beltran-martinez-quarta-y-rivero_416x234.webp,TyC Sports,https://www.tycsports.com/river-plate/los-jugadores-que-podrian-irse-de-river-a-fin-de-ano-id763471.html,https://www.youtube.com/watch?v=_oYVklPzr98,TyC Sports,MEDIA,,OK,"Santiago Beltrán, Lucas Martínez Quarta y Lautaro Rivero.",,FALSE,
SI,29/09/2026,10:38,River,UN TÍTULO DE BOCA PODRÍA ABRIRLE A RIVER UN CUPO PARA LA LIBERTADORES 2027,"River sigue fuera de la zona de clasificación a la Copa Libertadores 2027 y podría recibir una ayuda indirecta de Boca. Si el Xeneize gana uno de los torneos que disputa y además termina entre los tres primeros de la tabla anual, liberará una plaza para los equipos ubicados detrás.

Boca marcha tercero con 47 puntos, detrás de Independiente Rivadavia y Vélez, mientras que River aparece octavo con 42. El equipo de Núñez está a cinco unidades de los puestos de clasificación directa y tiene cuatro rivales por delante.

La posibilidad también cambia si Boca conquista la Copa Sudamericana: además de liberar su lugar en la tabla anual, ese título agregaría una séptima plaza para la Argentina. River, de todos modos, conserva la vía propia de ganar el Torneo Clausura.",https://www.tycsports.com/river-plate/por-que-un-titulo-de-boca-le-puede-abrir-camino-a-river-hacia-la-libertadores-2027-id763415.html,https://media.tycsports.com/files/2026/09/29/991459/_416x234.webp?v=1,TyC Sports,https://www.tycsports.com/river-plate/por-que-un-titulo-de-boca-le-puede-abrir-camino-a-river-hacia-la-libertadores-2027-id763415.html,https://www.youtube.com/watch?v=_oYVklPzr98,TyC Sports,MEDIA,,OK,River sigue atento a la tabla anual y a los títulos que disputa Boca.,,FALSE,
SI,29/09/2026,10:25,Independiente,INDEPENDIENTE CONFORMÓ LA JUNTA ELECTORAL PARA LOS COMICIOS DE DICIEMBRE,"Independiente avanzó este martes con la conformación de la Junta Electoral que tendrá a su cargo la organización y el control de las elecciones del 13 de diciembre. El órgano será clave para validar listas, supervisar el padrón y resolver las cuestiones reglamentarias del proceso.

La agrupación Socios por Independiente explicó en un video la función de la Junta y destacó la expectativa de que el club vuelva a registrar una participación masiva. La elección definirá las autoridades que conducirán a la institución durante el próximo período.

El paso institucional se produjo el mismo día en que Gastón Gaudio confirmó su candidatura. Con varios espacios ya lanzados, el cronograma electoral entra ahora en su etapa formal.",https://x.com/SociosporCAI/status/2104925604894421460,https://clubaindependiente.com.ar/img/noticias/2023/20230708_103958.jpg,Socios Por Independiente,https://x.com/SociosporCAI/status/2104925604894421460,https://x.com/SociosporCAI/status/2104925604894421460,Club Atlético Independiente (archivo),ALTA,,TEMPORAL,Fallback institucional pertinente: asamblea de Independiente en la sede del club. La miniatura original del video mostraba un perro y no correspondía al hecho; no se halló una foto estable de la Junta Electoral del 29/09/2026.,EMBED EXACTO PRIORITARIO,FALSE,
SI,29/09/2026,10:06,Racing,MOSTAZA MERLO LE CERRÓ LA PUERTA A UN POSIBLE REGRESO A RACING,"Reinaldo Mostaza Merlo descartó la posibilidad de volver a dirigir a Racing en medio de la búsqueda de entrenador tras la salida de Juan Pablo Vojvoda. Consultado sobre si atendería un llamado de Diego Milito, respondió que no porque está trabajando cómodo en River.

El técnico que condujo a la Academia al título de 2001 comenzó en septiembre una nueva etapa en Núñez como asesor del fútbol formativo. Su función está enfocada en la observación de juveniles y no contempla tareas de entrenador ni de coordinador.

Racing analiza alternativas para atravesar la crisis deportiva, pero Merlo dejó en claro que respetará su compromiso actual. Su último ciclo como técnico del club de Avellaneda había sido en 2014.",https://www.tycsports.com/racing-club/mostaza-merlo-le-cerro-la-puerta-a-racing-estoy-trabajando-bien-en-river-bien-y-contento-id763457.html,https://media.tycsports.com/files/2026/09/29/991435/mostaza-merlo-milito_416x234.webp,TyC Sports,https://www.tycsports.com/racing-club/mostaza-merlo-le-cerro-la-puerta-a-racing-estoy-trabajando-bien-en-river-bien-y-contento-id763457.html,https://x.com/ph_iobitler/status/2096221089214980271,TyC Sports,MEDIA,,OK,Mostaza Merlo junto a Diego Milito en el Cilindro.,EMBED EXACTO PRIORITARIO,FALSE,
SI,29/09/2026,10:06,Básquet,LEBRON APUNTÓ AL TÍTULO CON PHILADELPHIA: “NO DEJÉ A MI FAMILIA PARA PERDER EN SEGUNDA RONDA”,"LeBron James aseguró que su única meta con Philadelphia 76ers es conquistar el campeonato de la NBA. El jugador se presentó por primera vez con la camiseta de su nuevo equipo durante el Media Day previo a la temporada 2026-27.

A los 41 años afrontará su vigesimocuarta campaña acompañado por Joel Embiid, Tyrese Maxey, Jaylen Brown y VJ Edgecombe. LeBron remarcó que el plantel deberá acostumbrarse a realizar tareas incómodas para transformar el potencial en resultados.

El cuatro veces campeón dejó Los Angeles Lakers y sostuvo que no se separó de su familia para quedar eliminado en la segunda ronda. Philadelphia armó uno de los planteles más fuertes de la competencia y parte como candidato al título.",https://www.tycsports.com/estados-unidos/nba/lebron-james-no-deje-a-mi-familia-para-perder-en-la-segunda-ronda-id763467.html,https://media.tycsports.com/files/2026/09/29/991455/lebron-james_416x234.webp,TyC Sports,https://www.tycsports.com/estados-unidos/nba/lebron-james-no-deje-a-mi-familia-para-perder-en-la-segunda-ronda-id763467.html,https://www.youtube.com/watch?v=8FLj1BW3qBI,NBA / TyC Sports,MEDIA,,OK,LeBron James durante el Media Day de Philadelphia 76ers.,EMBED EXACTO PRIORITARIO,FALSE,
SI,29/09/2026,09:59,Básquet,GIMNASIA VENCIÓ 92-74 A LANÚS EN EL INICIO DE LA LIGA NACIONAL,"Gimnasia abrió la temporada 2026-27 de la Liga Nacional con una victoria por 92-74 ante Lanús en el Microestadio Antonio Rotili. El campeón vigente dominó el encuentro desde el comienzo y llegó al descanso con ventaja de 52-27.

Marcos Chacón fue la figura con 28 puntos, cuatro rebotes y cinco asistencias. El cubano convirtió cuatro triples durante el segundo cuarto y lideró el tramo que permitió al conjunto de Pablo Favarel escaparse en el marcador.

Lanús, recientemente ascendido desde la Liga Argentina, tuvo como principales anotadores a Martín Franchino con 23 unidades y Junior Merchant con 17. Gimnasia controló el cierre y confirmó su candidatura en el partido inaugural.",https://www.tycsports.com/basquet/gimnasia-domino-a-lanus-en-el-juego-inaugural-de-la-2026-27-id763465.html,https://media.tycsports.com/files/2026/09/29/991452/lanus-vs-gimnasia_416x234.webp,TyC Sports,https://www.tycsports.com/basquet/gimnasia-domino-a-lanus-en-el-juego-inaugural-de-la-2026-27-id763465.html,https://www.youtube.com/watch?v=x2WXfi_Yeb4,Prensa Lanús / TyC Sports,MEDIA,,OK,Lanús y Gimnasia durante el partido inaugural de la Liga Nacional.,,FALSE,
SI,29/09/2026,09:46,Racing,"MARCOS ROJO DIO EL SÍ A ESTUDIANTES, PERO RACING NO QUIERE LIBERARLO","Estudiantes avanzó por el regreso de Marcos Rojo para reforzar al plantel en las semifinales de la Copa Libertadores frente a Flamengo. El defensor aceptó la posibilidad y ya alcanzó un acuerdo económico con el club platense.

La negociación quedó trabada por la postura de Racing, que no quiere desprenderse del zaguero en medio de su crisis futbolística. El representante del jugador intentó comunicarse con Diego Milito, pero la dirigencia mantiene la decisión de retenerlo.

Estudiantes está dispuesto a pagar un resarcimiento por los tres meses de contrato que le quedan a Rojo. El obstáculo, sin embargo, es político y deportivo más que económico, por lo que las próximas horas serán decisivas.",https://www.tycsports.com/racing-club/estudiantes-racing-marcos-rojo-copa-libertadores-liga-profesional-mercado-de-pases-id763421.html,https://media.tycsports.com/files/2026/09/29/991448/marcos-rojo_416x234.webp?v=4,TyC Sports,https://www.tycsports.com/racing-club/estudiantes-racing-marcos-rojo-copa-libertadores-liga-profesional-mercado-de-pases-id763421.html,https://x.com/azzenstream/status/2102955621649916009,TyC Sports,ALTA,,OK,"Marcos Rojo, pretendido por Estudiantes para la Copa Libertadores.",,FALSE,
SI,29/09/2026,09:43,Esports,JOSEDEODO CLASIFICÓ AL MAIN EVENT DEL MUNDIAL DE LEAGUE OF LEGENDS,"Josedeodo consiguió por primera vez la clasificación directa al evento principal del Mundial de League of Legends. El argentino logró el pasaje con Team Liquid después de vencer 3-1 a Cloud9 en las semifinales de la LCS.

El jungla había pasado anteriormente por Rainbow7, FlyQuest e Isurus antes de incorporarse a Team Liquid a fines de 2025. Su primera temporada con la organización norteamericana terminó con el objetivo que se le había escapado en participaciones anteriores.

La clasificación lo convierte en uno de los pocos representantes latinoamericanos que alcanzaron esta instancia del torneo. Team Liquid todavía debe disputar la final regional antes de afrontar Worlds 2026.",https://www.tycsports.com/gaming/historico-un-argentino-jugara-el-main-event-del-mundial-de-league-of-legends-id763463.html,https://media.tycsports.com/files/2026/09/29/991449/historico-un-argentino-jugara-el-main-event-del-mundial-de-league-of-legends_416x234.webp,TyC Sports,https://www.tycsports.com/gaming/historico-un-argentino-jugara-el-main-event-del-mundial-de-league-of-legends-id763463.html,https://www.youtube.com/watch?v=VsD2XhjhJ0k,TyC Sports,MEDIA,,OK,Josedeodo y Team Liquid celebran la clasificación a Worlds 2026.,,FALSE,
SI,29/09/2026,09:07,Fórmula 1,ASTON MARTIN CONFIRMÓ A ALONSO Y STROLL PARA LA TEMPORADA 2027,"Aston Martin confirmó que Fernando Alonso y Lance Stroll continuarán como pilotos titulares durante la temporada 2027 de Fórmula 1. Será el quinto año consecutivo de la dupla en el equipo británico.

Alonso llegó a la escudería en 2023 y acumula 85 Grandes Premios, ocho podios y dos segundos puestos con la estructura de Silverstone. El español sostuvo que mantiene intactos la velocidad, la determinación y el entusiasmo para seguir compitiendo.

Stroll, por su parte, ya superó las 200 largadas en la categoría y suma tres podios. Con esta confirmación quedan apenas cuatro butacas sin dueño para 2027: las dos de Haas y las dos de Racing Bulls.",https://www.infobae.com/deportes/2026/09/29/aston-martin-confirmo-su-dupla-de-pilotos-para-el-2027-y-solo-quedan-cuatro-butacas-disponibles-en-la-formula-1/,https://www.infobae.com/resizer/v2/EPHVBCYBPVC75AYRX7K4XKC3OY.jpg?auth=c50dce0c3c01c0804c127ded5eb495b04beb662984be6b51a8d733375bc299b2&smart=true&width=1200&height=630&quality=85,Infobae,https://www.infobae.com/deportes/2026/09/29/aston-martin-confirmo-su-dupla-de-pilotos-para-el-2027-y-solo-quedan-cuatro-butacas-disponibles-en-la-formula-1/,https://www.youtube.com/watch?v=fqMKFzmzszQ,Infobae,MEDIA,,OK,"Fernando Alonso y Lance Stroll, la dupla confirmada de Aston Martin.",,FALSE,
SI,29/09/2026,08:25,Fórmula 1,"COLAPINTO AFRONTARÁ EN SEPANG UN CIRCUITO NUEVO, LLUVIA Y CINCO PUESTOS DE SANCIÓN","Franco Colapinto afrontará este fin de semana una carrera completamente nueva para él: el Gran Premio de Bahréin se disputará en Sepang, Malasia, por el conflicto en Medio Oriente. El circuito vuelve al calendario de Fórmula 1 después de nueve años y tendrá 56 vueltas sobre 310,418 kilómetros.

El argentino correrá por primera vez en ese trazado y el pronóstico anticipa cerca de un 90 por ciento de probabilidad de lluvia, un factor que puede alterar la clasificación y la estrategia. Además, deberá cumplir una sanción de cinco puestos en la grilla por la maniobra que protagonizó en Bakú.

Colapinto llega después de sumar puntos en la gira reciente, aunque su última carrera terminó con el corte de una racha de 29 Grandes Premios sin abandonos. La adaptación rápida a Sepang y el clima serán las claves de su fin de semana.",https://www.infobae.com/deportes/2026/09/29/franco-colapinto-saldra-a-pista-este-fin-de-semana-para-el-gp-de-barein-de-la-f1-que-se-correra-en-otro-pais-todo-lo-que-hay-que-saber/,https://www.infobae.com/resizer/v2/4RU3AOKUWRA23L2NQP54JIEIEE.JPG?auth=fb4eebf7bfcc90d19d1c4243ae8953e4f31ffd777d8e5c2e80e9a55579a213f2&smart=true&width=1200&height=630&quality=85,Infobae,https://www.infobae.com/deportes/2026/09/29/franco-colapinto-saldra-a-pista-este-fin-de-semana-para-el-gp-de-barein-de-la-f1-que-se-correra-en-otro-pais-todo-lo-que-hay-que-saber/,https://www.formula1.com/en/video/2026-azerbaijan-grand-prix-the-alpine-collision-that-knocked-out-colapinto-and-gasly.1877417215275655988,Infobae,ALTA,,OK,Franco Colapinto a bordo de su monoplaza de Fórmula 1.,,FALSE,
SI,29/09/2026,08:03,Básquet,GIANNIS BROMEÓ CON MUDARSE DE SU MANSIÓN POR LAS IGUANAS DEL JARDÍN,"Giannis Antetokounmpo contó durante el Media Day de Miami Heat que las iguanas que aparecen en el jardín de su nueva casa en Florida lo tienen pensando en otra mudanza. El griego bromeó con que, si los reptiles siguen apareciendo, podría buscar un departamento sin pileta ni césped.

El ala-pivote acaba de instalarse en una mansión de Pinecrest valuada en 13,5 millones de dólares. La propiedad tiene casi 1.100 metros cuadrados, ocho dormitorios, diez baños completos, piscina con jacuzzi y una casa de huéspedes.

La declaración se convirtió en una de las perlitas de su presentación con Miami después de pasar toda su carrera NBA en Milwaukee. Más allá del tono distendido, expuso uno de sus primeros choques con la vida cotidiana en Florida.",https://www.infobae.com/deportes/2026/09/29/la-inesperada-razon-por-la-que-una-estrella-de-la-nba-podria-mudarse-de-su-nueva-mansion-dan-miedo/,https://www.infobae.com/resizer/v2/3HZJOZSQVRCAHLJHL47NGMZEZM.jpg?auth=2ce61c3e8d4b21f832d021e9d5b077d4ddafd0863378a9f0e2a366b8647e04c7&smart=true&width=1200&height=630&quality=85,Infobae,https://www.infobae.com/deportes/2026/09/29/la-inesperada-razon-por-la-que-una-estrella-de-la-nba-podria-mudarse-de-su-nueva-mansion-dan-miedo/,https://x.com/WadexFlash/status/2103609641997652087,Infobae,MEDIA,,OK,Giannis Antetokounmpo durante el Media Day de Miami Heat.,EMBED EXACTO PRIORITARIO,FALSE,
SI,29/09/2026,08:00,Argentinos en el exterior,PEZZELLA QUEDÓ AFUERA EN PEÑAROL POR UNA DUDA SOBRE SU HABILITACIÓN,"Germán Pezzella quedó fuera de la convocatoria de Peñarol para el partido pendiente ante Montevideo City Torque. El club decidió no utilizarlo por una duda reglamentaria: el defensor fue habilitado desde la quinta fecha, mientras que este encuentro corresponde a la primera jornada del Clausura uruguayo.

Aunque el presidente Ignacio Ruglio sostuvo que el campeón del mundo está habilitado, la dirigencia prefirió no arriesgarse a un reclamo ni a una eventual pérdida de puntos. Peñarol considera que tiene alternativas suficientes en la zaga para tomar esa precaución.

La exclusión no impedirá que Pezzella viaje a la Argentina para la despedida de Lionel Messi. El zaguero organizó un vuelo de ida y vuelta en la misma noche y volverá de inmediato a Montevideo.",https://www.directvsports.com/futbol/alarmas-en-penarol-german-pezzella-quedo-afuera-ante-montevideo-city-torque-por-una-duda-en-su-habilitacion-20260929-0007.html,https://assets.directvsports.com/__export/1790680132263/sites/dsports/img/2026/09/29/pezzella-debut-penarol-1200x740.png_780025238.png,DSports,https://www.directvsports.com/futbol/alarmas-en-penarol-german-pezzella-quedo-afuera-ante-montevideo-city-torque-por-una-duda-en-su-habilitacion-20260929-0007.html,https://media.tycsports.com/files/2026/09/19/989324/pezzella-_1440x810.webp,DSports,MEDIA,,OK,Germán Pezzella con la camiseta de Peñarol.,,FALSE,
SI,29/09/2026,07:56,Levantamiento de pesas,LI WENWEN GANÓ EL ORO EN LOS JUEGOS ASIÁTICOS CON DOS NUEVOS RÉCORDS,"La china Li Wenwen conquistó la medalla de oro en la categoría femenina de más de 86 kilos del levantamiento de pesas en los Juegos Asiáticos de Nagoya-Aichi. La doble campeona olímpica totalizó 310 kilos y estableció dos récords de la competencia.

Li levantó 140 kilos en arranque y 170 en envión. Superó con claridad a la surcoreana Park Hye-jeong, que sumó 300 kilos y obtuvo la plata, mientras que Ouisal Ikhlef, de Qatar, completó el podio con el bronce.

La campeona celebró entre lágrimas y remarcó que había llegado a Japón con el objetivo exclusivo de ganar esa medalla. Aunque quedó por debajo de su récord mundial de 335 kilos, confirmó su dominio y anticipó que, tras un breve descanso, retomará la preparación rumbo a los próximos Juegos Olímpicos.",https://www.reuters.com/sports/sleeping-floor-podium-mission-accomplished-weightlifter-li-2026-09-29/,https://cloudfront-us-east-2.images.arcpublishing.com/reuters/IJ4MNUOVBVISRL62N3D5R6MVDM.jpg,Reuters,https://www.reuters.com/sports/sleeping-floor-podium-mission-accomplished-weightlifter-li-2026-09-29/,https://www.youtube.com/watch?v=b5gDR2J6c7Y,Reuters,MEDIA,,OK,Imagen exacta de Li Wenwen celebrando su triunfo en los Juegos Asiáticos de Aichi-Nagoya 2026.,,FALSE,
SI,29/09/2026,07:21,Selección Argentina,SCALONI SIGUE A TRES CENTRALES DEL FÚTBOL LOCAL PARA LA RENOVACIÓN DE LA SELECCIÓN,"Lionel Scaloni sigue de cerca a Ignacio Ovando, Thiago Silvero y Tomás Palacios como opciones para renovar la defensa de la Selección Argentina. Los tres zagueros juveniles se destacaron durante la temporada en Rosario Central, Vélez y Estudiantes.

El cuerpo técnico también busca alternativas en los laterales. La suspensión de Nahuel Molina y la ausencia de Gonzalo Montiel abren una oportunidad para Agustín Giay, mientras que Román Vega, Lautaro Blanco y Gabriel Rojas aparecen como opciones por izquierda.

La edad de Nicolás Tagliafico y la utilización de Facundo Medina fuera de su posición natural obligan a ampliar el seguimiento. Los próximos amistosos servirán como primer banco de pruebas del recambio post Mundial.",https://www.tycsports.com/seleccion-argentina/jugadores-futbol-argentino-sigue-scalono-seleccion--id763419.html,https://media.tycsports.com/files/2026/09/28/991400/los-jugadores-del-futbol-argentino-que-scaloni-sigue-de-cerca_416x234.webp,TyC Sports,https://www.tycsports.com/seleccion-argentina/jugadores-futbol-argentino-sigue-scalono-seleccion--id763419.html,https://x.com/Argentina/status/2101366284768174308,TyC Sports,MEDIA,,OK,Entrenamiento de la Selección Argentina en la nota sobre los zagueros locales que sigue Scaloni.,,FALSE,
SI,29/09/2026,07:21,River,HÉCTOR ÁRTICO: DEL RIVER CAMPEÓN DE LABRUNA A TRABAJAR COMO REMISERO,"Héctor Ártico, integrante del River de Ángel Labruna que terminó con 18 años sin títulos en 1975, contó el giro que tuvo su vida después del retiro. El exdefensor fue tricampeón, disputó más de cien partidos y compartió la zaga con Roberto Perfumo y Daniel Passarella.

Tras dejar el fútbol invirtió en gastronomía y propiedades, pero atravesó graves problemas familiares y perdió los siete departamentos que había comprado durante su carrera. La situación lo obligó a empezar de nuevo lejos del ambiente profesional.

Actualmente trabaja como remisero en Colonia Caroya, Córdoba. Su historia volvió a tomar relevancia como ejemplo de la difícil transición económica que algunos futbolistas afrontan después de la actividad.",https://www.tycsports.com/al-angulo/fue-campeon-con-river-perdio-siete-departamentos-y-ahora-trabaja-de-remisero-id763335.html,https://media.tycsports.com/files/2026/09/28/991323/hector-artico_416x234.webp,TyC Sports,https://www.tycsports.com/al-angulo/fue-campeon-con-river-perdio-siete-departamentos-y-ahora-trabaja-de-remisero-id763335.html,https://www.youtube.com/watch?v=_oYVklPzr98,TyC Sports,BAJA,,OK,Héctor Ártico durante su etapa como futbolista y en la actualidad.,,FALSE,
SI,29/09/2026,07:20,Fórmula 1,RICARDO ZUNINO: REEMPLAZÓ A LAUDA EN F1 Y AHORA ENTRENA CABALLOS EN SAN JUAN,"Ricardo Zunino protagonizó uno de los debuts más inesperados de la Fórmula 1. En el Gran Premio de Canadá de 1979, Niki Lauda decidió dejar Brabham y Bernie Ecclestone convocó de urgencia al piloto argentino para ocupar el auto.

Zunino clasificó con el casco y la indumentaria del austríaco, llegó a marchar cuarto y terminó séptimo después de sufrir un problema en la caja. El sanjuanino disputó once Grandes Premios entre 1979 y 1981 tras haber sido bicampeón de Turismo Nacional.

Después de retirarse cambió los circuitos por la vida rural. Actualmente atiende una posada y trabaja con caballos en San Juan, alejado del automovilismo profesional.",https://www.tycsports.com/automovilismo/reemplazo-a-niki-lauda-en-la-formula-1-y-ahora-atiende-una-posada-y-entrena-caballos-id763442.html,https://media.lacapital.com.ar/p/79c47ba593e8ac7d52de930ed64753cb/adjuntos/203/imagenes/103/179/0103179866/642x0/smart/image-49.jpg,TyC Sports,https://www.tycsports.com/automovilismo/reemplazo-a-niki-lauda-en-la-formula-1-y-ahora-atiende-una-posada-y-entrena-caballos-id763442.html,https://www.youtube.com/watch?v=iuK5hM_OwYU,TyC Sports,BAJA,,OK,Ricardo Zunino junto a Niki Lauda durante su etapa en la Fórmula 1.,,FALSE,
SI,29/09/2026,07:14,F1,"ARVID LINDBLAD TOMÓ A VERSTAPPEN COMO REFERENCIA, PERO QUIERE HACER SU PROPIO CAMINO","Arvid Lindblad aseguró que Max Verstappen es su principal referencia en la Fórmula 1, aunque aclaró que no pretende copiar su trayectoria ni fijarse plazos para llegar al equipo principal de Red Bull. El británico de 19 años disputa su primera temporada con Racing Bulls.

El único debutante de la parrilla sumó puntos en nueve de las últimas diez carreras. Su rápida progresión incluyó el salto de Fórmula 3 en 2024 a Fórmula 2 en 2025 y luego a la máxima categoría, después de recibir una superlicencia especial cuando todavía tenía 17 años.

Lindblad también reconoció errores recientes en España y Bakú, pero destacó su adaptación a los nuevos autos y motores. Racing Bulls todavía no confirmó su formación para 2027, aunque se espera que conserve al joven piloto; un ascenso inmediato a Red Bull perdió espacio tras la renovación de Isack Hadjar.",https://www.reuters.com/sports/formula1/f1-rookie-lindblad-wants-take-his-own-path-top-2026-09-29/,https://formula1-data.com/assets/img/uploads/2026/01/racing-bulls-reveal-2026-suits-for-lawson-lindblad-1.jpg,Reuters,https://www.reuters.com/sports/formula1/f1-rookie-lindblad-wants-take-his-own-path-top-2026-09-29/,https://www.formula1.com/en/video/2026-azerbaijan-grand-prix-arvid-lindblad-hits-the-wall.1877100000000000000,Formula1-Data,MEDIA,,OK,Retrato específico y visible de Arvid Lindblad con el uniforme 2026 de Racing Bulls.,,FALSE,
SI,29/09/2026,07:06,Boca,FACUNDO IMBODEN: FUE CAMPEÓN CON BOCA Y AHORA SE DEDICA A DEMOLER EDIFICIOS,"Facundo Imboden debutó en Boca en 2000 y formó parte del plantel que conquistó la Copa Libertadores 2001. El defensor jugó diez partidos, compartió equipo con Juan Román Riquelme y Martín Palermo y luego continuó su carrera en Belgrano y Millonarios.

Su etapa más extensa fue en Universidad Católica de Chile, donde se consolidó como marcador central y despertó el interés de Marcelo Bielsa para una posible nacionalización. Finalmente no llegó a representar a la selección chilena.

Después del retiro se alejó del fútbol y se reinventó en otro rubro. Actualmente dirige una empresa dedicada a la demolición de edificios y obras, una actividad completamente distinta a su etapa como profesional.",https://www.tycsports.com/boca-juniors/fue-campeon-en-boca-con-riquelme-y-ahora-se-dedica-a-demoler-edificios-facundo-imboden-id763424.html,https://media.tycsports.com/files/2026/09/29/991413/facundo-imboden-durante-su-paso-por-boca_416x234.webp,TyC Sports,https://www.tycsports.com/boca-juniors/fue-campeon-en-boca-con-riquelme-y-ahora-se-dedica-a-demoler-edificios-facundo-imboden-id763424.html,https://x.com/BocaJrsOficial/status/2043814339337932911,TyC Sports,BAJA,,OK,Facundo Imboden durante su etapa como futbolista de Boca.,,FALSE,
SI,29/09/2026,07:04,Polideportivo,EL EXCAMPEÓN MUNDIAL DE SNOOKER GRAEME DOTT FUE CONDENADO A SIETE AÑOS DE PRISIÓN,"La Justicia escocesa condenó a siete años de prisión al ex campeón mundial de snooker Graeme Dott por abusos sexuales cometidos contra dos menores entre 1993 y 2010. El deportista, de 49 años, había negado las acusaciones, pero fue declarado culpable luego de un juicio en Glasgow.

Dott había sido condenado el mes pasado por dos cargos vinculados con conductas sexuales contra una niña y un niño. La sentencia fue dictada este martes y convirtió el proceso judicial en una sanción efectiva de cárcel.

El escocés ganó el Mundial de snooker de 2006 y también fue subcampeón en 2004 y 2010. La asociación profesional de billar y snooker, que ya lo había suspendido cuando se conocieron los cargos, revocó definitivamente su membresía tras la condena.",https://www.reuters.com/sports/former-world-champion-dott-jailed-historical-sexual-abuse-2026-09-29/,https://static.standard.co.uk/2026/08/24/16/33eec88a4836dad9b88e611862be4510Y29udGVudHNlYXJjaGFwaSwxNzg3NjczMjEx-2.85648146.jpg?auto=webp&quality=75&width=1200,Reuters,https://www.reuters.com/sports/former-world-champion-dott-jailed-historical-sexual-abuse-2026-09-29/,https://e0.365dm.com/26/08/768x432/skysports-graeme-dott_7330105.jpg?20260824143654=,The Standard,ALTA,,OK,Imagen específica y visible de Graeme Dott durante el proceso judicial de 2026.,,FALSE,
SI,29/09/2026,07:02,Boca,BOCA ALCANZÓ UNA RACHA INÉDITA: SUS ÚLTIMOS DIEZ GOLES FUERON DE EXTRANJEROS,"La remontada de Boca ante Racing con tres goles de cabeza de Enner Valencia extendió una racha inédita: los últimos diez tantos del equipo fueron convertidos por futbolistas extranjeros.

La serie comenzó con Miguel Merentiel frente a San Pablo y siguió con Ángel Romero, Valencia y Leandro Lozano. El triplete del delantero ecuatoriano permitió superar un registro que había llegado a nueve goles consecutivos en otras oportunidades.

El último gol de un argentino fue de Kevin Zenón ante Gimnasia de Mendoza, hace más de veinte días. Entre los jugadores que continúan en el plantel, el antecedente más reciente corresponde a Alan Velasco.",https://www.tycsports.com/boca-juniors/diez-goles-seguidos-de-extranjeros-la-racha-inedita-que-alcanzo-boca-con-la-remontada-ante-racing-id763420.html,https://media.tycsports.com/files/2026/09/28/991287/enner-valencia-y-una-noche-historica-en-boca_416x234.webp,TyC Sports,https://www.tycsports.com/boca-juniors/diez-goles-seguidos-de-extranjeros-la-racha-inedita-que-alcanzo-boca-con-la-remontada-ante-racing-id763420.html,https://x.com/BocaJrsOficial/status/2043814339337932911,Fotobaires / TyC Sports,MEDIA,,OK,Enner Valencia celebra su histórica actuación con Boca ante Racing.,,FALSE,
SI,29/09/2026,06:48,Institucional,"UEFA REPARTIRÁ 31,5 MILLONES DE EUROS ENTRE 611 CLUBES POR LA NATIONS LEAGUE","La UEFA anunció que distribuirá 31,5 millones de euros entre los clubes que cedieron futbolistas para la temporada 2024-2025 de la Nations League. El desembolso constituye el primer pago del nuevo ciclo de su Programa de Beneficios para Clubes.

La compensación forma parte de una partida global de 104 millones de euros destinada a las ediciones 2024-2025 y 2026-2027 de la Nations League y a las eliminatorias rumbo a la Eurocopa 2028. En total serán beneficiados 611 clubes de todas las asociaciones miembro, incluidos varios equipos amateurs.

RB Leipzig recibirá el monto individual más alto, cerca de 353.000 euros, por haber liberado a 16 jugadores. El programa se aplica en el marco del acuerdo entre la UEFA y European Football Clubs, entidad que representa a más de 800 instituciones del continente.",https://www.reuters.com/sports/soccer/uefa-distribute-315-million-clubs-nations-league-2026-09-29/,https://www.fotbal.cz/files/images/6411/uefa-nations-league-202628-league-phase-draw-2-.jpg,Reuters,https://www.reuters.com/sports/soccer/uefa-distribute-315-million-clubs-nations-league-2026-09-29/,https://pbs.twimg.com/media/HBB6FzYa8AAvUMC.jpg,Fotbal.cz,MEDIA,,TEMPORAL,Foto oficial de presentación del trofeo de la Nations League para la edición 2026-2027.,,FALSE,
SI,29/09/2026,06:00,Squash,SIVASANGARI RETUVO EL ORO ASIÁTICO Y OBTUVO UNA CUOTA PARA LOS ÁNGELES 2028,"Sivasangari Subramaniam retuvo el título individual femenino de squash en los Juegos Asiáticos tras vencer a Anahat Singh por 11-4, 11-4 y 11-7. El triunfo le dio a la malaya una cuota nominal para los Juegos Olímpicos de Los Ángeles 2028.

La plaza todavía está sujeta a que se mantenga dentro del top 50 mundial al 22 de mayo de 2028. Actualmente ocupa el quinto puesto del ranking y quedó encaminada a ser una de las primeras representantes olímpicas de su deporte, junto con su compatriota Ng Eain Yow.

El logro completa una recuperación extraordinaria después del grave accidente automovilístico que sufrió en 2022, cuando padeció una lesión en el cuello y la columna. Tras meses de rehabilitación, volvió al máximo nivel y confirmó su condición de referente asiática.",https://www.infobae.com/deportes/2026/09/29/un-accidente-de-auto-una-lesion-en-el-cuello-y-una-recuperacion-milagrosa-la-historia-de-la-campeona-asiatica-de-squash-que-ya-suena-con-los-angeles-2028/,https://www.infobae.com/resizer/v2/YX4PVEL6VBHUNF3S44GKTWIXCY.jpg?auth=7049bc37452382ecca0ddab838928547d852b2aeec5c2f024e44506c2b634297&smart=true&width=1200&height=630&quality=85,Infobae,https://www.infobae.com/deportes/2026/09/29/un-accidente-de-auto-una-lesion-en-el-cuello-y-una-recuperacion-milagrosa-la-historia-de-la-campeona-asiatica-de-squash-que-ya-suena-con-los-angeles-2028/,https://x.com/KhelNow/status/2104128945755128154,Instagram @sivasangari_ / Infobae,MEDIA,,OK,Sivasangari Subramaniam durante su participación en squash.,,FALSE,
SI,29/09/2026,05:58,Fútbol internacional,FRANCIA GANÓ CON NUEVE CAMBIOS Y ZIDANE DESTACÓ LA PROFUNDIDAD DEL PLANTEL,"Francia venció 1-0 a Bélgica por la Nations League pese a realizar nueve cambios en la formación inicial. Michael Olise marcó el gol a los 88 minutos y permitió que el equipo de Zinedine Zidane sumara su segunda victoria en el grupo.

Lucas Da Cunha, Andy Diouf y Jérémy Jacquet debutaron en la selección y dejaron buenas sensaciones. La rotación fue obligada por un calendario de cuatro partidos en diez días y por la baja de Kylian Mbappé.

Zidane valoró la presión, el coraje y la capacidad del equipo para jugar en campo rival aun con una alineación renovada. Francia ahora recibirá a Italia el viernes en el Stade de France, en el primer partido del entrenador ante su público.",https://www.reuters.com/sports/soccer/french-win-belgium-shows-depth-talent-available-new-coach-zidane-2026-09-29/,https://cloudfront-us-east-2.images.arcpublishing.com/reuters/DN4B2PF2TRL7VKGVUKJCVMCZMU.jpg,Reuters,https://www.reuters.com/sports/soccer/french-win-belgium-shows-depth-talent-available-new-coach-zidane-2026-09-29/,https://commons.wikimedia.org/wiki/Special:FilePath/Jules%20Kounde%20France%20v%20Spain%207.24.26-180.jpg,Reuters,MEDIA,,OK,Imagen exacta del Francia-Bélgica publicada por Reuters.,,FALSE,
SI,29/09/2026,05:56,Arbitraje,TURQUÍA DETUVO AL JEFE Y A SEIS MIEMBROS DE SU COMISIÓN DE ÁRBITROS,"Las autoridades turcas detuvieron a Ferhat Gündoğdu, presidente de la comisión central de árbitros, y a otros seis integrantes del organismo. La investigación analiza presuntas interferencias en los procedimientos de designación y evaluación arbitral.

El ministro de Justicia, Akin Gürlek, informó que la pesquisa abarca la clasificación de los jueces, sus nombramientos, los puntajes y los exámenes reglamentarios. También se revisaron declaraciones de testigos, informes periciales, registros telefónicos y datos financieros.

El Gobierno presentó el operativo como parte de una ofensiva por un fútbol limpio. Hasta el momento no hubo una respuesta pública de los representantes de Gündoğdu y la investigación judicial continúa.",https://www.reuters.com/sports/soccer/turkey-detains-chief-six-members-referee-board-probe-2026-09-29/,https://img.tv100.com/rcman/Cw799h800q95gc/storage/files/images/2025/09/22/gl3umiuwcaaapgn-2nsm.jpg,Reuters,https://www.reuters.com/sports/soccer/turkey-detains-chief-six-members-referee-board-probe-2026-09-29/,https://commons.wikimedia.org/wiki/Special:FilePath/%C4%B0brahim%20Hac%C4%B1osmano%C4%9Flu%2020250731%20%282%29.jpg,TV100,ALTA,,TEMPORAL,Foto de archivo de Ferhat Gündoğdu en una conferencia de la TFF; no apareció una imagen estable del operativo.,,FALSE,
SI,29/09/2026,04:37,Argentinos en el exterior,"POCHETTINO: SI SE CONFIRMA EL CASO CITY, EL FÚTBOL VIVIÓ “UN PERÍODO DE ENGAÑO”","Mauricio Pochettino afirmó que el fútbol habría atravesado “un período de engaño” si se confirma que Manchester City violó 114 normas financieras de la Premier League. El entrenador argentino de Estados Unidos sostuvo que el daño deportivo no puede revertirse con una sanción posterior.

Un panel independiente declaró culpable al club en casi todos los cargos investigados, aunque Manchester City niega haber cometido irregularidades y puede apelar. Las penas posibles van desde multas y quita de puntos hasta un eventual descenso.

Pochettino remarcó que otros equipos respetaron las reglas y recordó que su Tottenham pasó 18 meses sin incorporar durante la construcción de su estadio. La resolución definitiva y cualquier castigo todavía pueden demorarse.",https://www.reuters.com/sports/soccer/pochettino-laments-period-deception-if-man-city-breaches-true-2026-09-29/,https://commons.wikimedia.org/wiki/Special:FilePath/Mauricio%20Pochettino%20Belgium%20v%20USA%206%20July%202026-263.jpg,Reuters,https://www.reuters.com/sports/soccer/pochettino-laments-period-deception-if-man-city-breaches-true-2026-09-29/,https://commons.wikimedia.org/wiki/Special:FilePath/Mauricio%20Pochettino%20Australia%20v%20USA%2019%20June%202026-265.jpg,Bryan Berlin / Wikimedia Commons,ALTA,,OK,Imagen específica y visible de Mauricio Pochettino durante el Mundial 2026.,,FALSE,
SI,29/09/2026,03:41,Institucional,FIFA ACUSÓ A UEFA DE UNA CAMPAÑA DE DESINFORMACIÓN POR EL CASO INFANTINO,"FIFA acusó a UEFA de impulsar una campaña de desinformación y de intentar influir en la próxima elección presidencial del organismo. La respuesta fue presentada ante un tribunal federal de Estados Unidos, donde FIFA pidió que se rechace una solicitud de pruebas vinculada con un proyecto de inversión ya abandonado.

UEFA había solicitado documentos y testimonios para una posible denuncia penal en Suiza contra Gianni Infantino. El conflicto gira alrededor de FIFA Forward Enterprise, una iniciativa que contemplaba transferir derechos comerciales de los Mundiales a una subsidiaria con participación privada.

FIFA negó que el plan hubiera buscado beneficiar personalmente a Infantino y discutió la valuación de los derechos. El expediente mantiene abierta una disputa institucional de alto impacto a pocos meses de la elección presidencial de marzo.",https://www.reuters.com/sports/soccer/fifa-accuses-uefa-misinformation-campaign-response-filing-2026-09-29/,https://commons.wikimedia.org/wiki/Special:FilePath/Gianni%20Infantino%20Argentina%20v%20Spain%2019%20July%202026-279%20%28cropped%29.jpg,Reuters,https://www.reuters.com/sports/soccer/fifa-accuses-uefa-misinformation-campaign-response-filing-2026-09-29/,https://commons.wikimedia.org/wiki/Special:FilePath/Aleksander%20%C4%8Ceferin%202017.jpg,Bryan Berlin / Wikimedia Commons,ALTA,,OK,Imagen específica y visible de Gianni Infantino durante la final del Mundial 2026.,,FALSE,
SI,29/09/2026,01:35,Tenis,DJOKOVIC VOLVERÁ EN BEIJING Y ASEGURÓ QUE SU CUERPO RESPONDE BIEN,"Novak Djokovic se mostró alentado por su estado físico antes de regresar a la competencia en el ATP 500 de Beijing. Será su primer torneo desde la inesperada derrota ante el argentino Mariano Navone en la primera ronda del US Open.

El serbio había sufrido molestias en el hombro y la espalda durante aquel partido. Ahora afirmó que responde bien en los entrenamientos, aunque advirtió que la exigencia de un encuentro oficial será diferente.

Djokovic debutará frente al portugués Nuno Borges. El ex número uno ganó seis veces el China Open y conserva un registro perfecto de 29 victorias y ninguna derrota en Beijing, donde no competía desde 2015.",https://www.reuters.com/sports/tennis/djokovic-says-body-feeling-good-ahead-china-open-comeback-2026-09-29/,https://www.reuters.com/resizer/v2/XANOJUJCJJLUNMVLONT3L2UO5I.jpg?auth=e1d07c88479682d565ad8d141e194c2d71ddaa7e51f5df5a43c8b8dfa99db151&height=1005&width=1920&quality=80&smart=true,Reuters,https://www.reuters.com/sports/tennis/djokovic-says-body-feeling-good-ahead-china-open-comeback-2026-09-29/,https://sportal.blic.rs/prica/novak-sleteo-u-peking-napravio-haos-pa-se-obratio-na-kineskom-2026092611223894495,Reuters,ALTA,,TEMPORAL,Foto de archivo reciente de Novak Djokovic durante el US Open publicada por Reuters.,,FALSE,
SI,29/09/2026,01:01,Fútbol internacional,GUATEMALA GOLEÓ 6-0 A EL SALVADOR Y SE METIÓ EN ZONA DE CLASIFICACIÓN,"Guatemala goleó 6-0 a El Salvador en el estadio Manuel Felipe Carrera por la fase de grupos de la Concacaf Nations League. El equipo dirigido por Luis Fernando Tena se recuperó así de la derrota sufrida en el debut ante Jamaica.

Darwin Lom, Rubio Rubin y William Fajardo marcaron durante el primer tiempo. Jorge Aparicio amplió la ventaja en el complemento y Fajardo convirtió otros dos tantos en tiempo agregado para completar su triplete.

Con la goleada, Guatemala subió al segundo puesto del Grupo B gracias a la diferencia de gol. La clasificación se definirá en el próximo compromiso frente a Surinam, líder del sector con puntaje ideal.",https://www.tudn.com/futbol/concacaf-nations-league/tena-corrige-rumbo-de-guatemala-en-concacaf-nations-league-con-goleada,https://www.tudn.com/api/image/og/us/futbol/concacaf-nations-league/tena-corrige-rumbo-de-guatemala-en-concacaf-nations-league-con-goleada,TUDN,https://www.tudn.com/futbol/concacaf-nations-league/tena-corrige-rumbo-de-guatemala-en-concacaf-nations-league-con-goleada,https://as.com/us/futbol/guatemala-golea-a-el-salvador-y-luis-fernando-tena-firma-una-noche-perfecta-f202609-n/,TUDN,ALTA,,OK,Imagen exacta de la goleada de Guatemala utilizada por TUDN.,,FALSE,
SI,29/09/2026,00:59,Básquet,BRONNY JAMES QUIERE HACERSE UN NOMBRE PROPIO TRAS LA SALIDA DE LEBRON,"Bronny James aseguró que quiere construir su propia identidad en la NBA después de la salida de LeBron James de Los Angeles Lakers. Padre e hijo habían hecho historia en 2024 al convertirse en la primera dupla familiar en compartir cancha en la liga.

LeBron dejó los Lakers para firmar con Philadelphia 76ers y Bronny afirmó que cada uno seguirá su propio camino. El joven escolta dijo que utiliza la comparación permanente como motivación para crecer y ser reconocido por su juego.

Bronny tiene contrato garantizado por 2,3 millones de dólares y se prepara para competir como relevo de Luka Doncic y Austin Reaves. También espera enfrentar por primera vez a su padre cuando Lakers y Sixers se crucen en Navidad.",https://www.reuters.com/sports/with-lebron-gone-bronny-james-out-make-name-himself--flm-2026-09-29/,https://www.reuters.com/resizer/v2/YSXD6MQSDVLHHBSM4EJUF3GR7A.jpg?auth=a820262551a9dffa3f843df6e081af5827e46df58f5cf59d19351950140950fd&height=1005&width=1920&quality=80&smart=true,Reuters,https://www.reuters.com/sports/with-lebron-gone-bronny-james-out-make-name-himself--flm-2026-09-29/,https://sports.yahoo.com/articles/bronny-james-adjusts-lakers-life-014047065.html,Gary A. Vasquez / Imagn Images vía Reuters,MEDIA,,OK,Imagen exacta de Bronny James durante el media day de Los Angeles Lakers publicada por Reuters.,,FALSE,
SI,29/09/2026,00:30,NFL,CASE KEENUM BRILLÓ Y CHICAGO APLASTÓ 27-7 A PHILADELPHIA,"Chicago Bears derrotó 27-7 a Philadelphia Eagles en el Monday Night Football con una actuación decisiva de Case Keenum. El mariscal de campo lanzó para 247 yardas y dos touchdowns, además de anotar por tierra.

Keenum fue titular porque Caleb Williams está lesionado y Tyson Bagent se recupera de una conmoción. La defensa de Chicago generó tres pérdidas de balón y dejó a Philadelphia en apenas siete puntos.

Los Bears mejoraron su registro a 2-1 y le quitaron el invicto a los Eagles, que también quedaron 2-1. Philadelphia cometió diez penalidades y no pudo sostener sus avances en la segunda mitad.",https://www.reuters.com/sports/nfl/third-string-qb-case-keenum-guides-bears-blowout-eagles--flm-2026-09-29/,https://www.reuters.com/resizer/v2/LQ4XMMABQVIA5FE2M5ORBUHJHA.jpg?auth=4b9fc426e18390c59a06edd9f2172d0ed0016a6e596766a4b43ceb6ff6e863a9&height=1005&width=1920&quality=80&smart=true,Reuters,https://www.reuters.com/sports/nfl/third-string-qb-case-keenum-guides-bears-blowout-eagles--flm-2026-09-29/,https://www.philadelphiaeagles.com/video/highlight-quinyon-mitchell-denies-bears-on-4th-and-goal,Patrick Gorski / Imagn Images vía Reuters,MEDIA,,OK,Imagen exacta de Case Keenum en la previa de Chicago Bears-Philadelphia Eagles publicada por Reuters.,,FALSE,
SI,29/09/2026,00:06,Fútbol internacional,NATIONS LEAGUE: ESPAÑA RECIBE A CROACIA E INGLATERRA VISITA A CHEQUIA,"La segunda fecha de la UEFA Nations League continuará este martes con dos partidos correspondientes al Grupo 3 de la Liga A. España recibirá a Croacia en Sevilla e Inglaterra visitará a República Checa en Praga.

Ambos encuentros comenzarán a las 15.45 de la Argentina. El cruce entre España y Croacia reunirá a Lamine Yamal y Luka Modric, mientras que Inglaterra buscará sumar fuera de casa ante el seleccionado checo.

La jornada completará el programa principal de la máxima categoría del torneo europeo. Los resultados serán importantes para ordenar un grupo que recién comienza su recorrido en la edición 2026/27.",https://www.tycsports.com/uefa-nations-league/partidos-de-la-nations-league-de-hoy-martes-29-de-septiembre-hora-donde-ver-en-vivo-y-resultados-id763353.html,https://media.tycsports.com/files/2026/09/26/990900/lamine-yamal-gol-espana_1440x810.webp?v=1,TyC Sports,https://www.tycsports.com/uefa-nations-league/partidos-de-la-nations-league-de-hoy-martes-29-de-septiembre-hora-donde-ver-en-vivo-y-resultados-id763353.html,https://as.com/futbol/seleccion/a-que-hora-es-el-espana-croacia-canal-tv-horario-donde-y-como-ver-la-nations-league-hoy-f202609-n/,TyC Sports,MEDIA,,TEMPORAL,Foto pertinente de Lamine Yamal con España utilizada por TyC Sports para la agenda de Nations League.,,FALSE,
SI,28/09/2026,23:54,Fórmula 1,RUSSELL PARTIRÁ DESDE EL FONDO EN MALASIA POR CAMBIAR LA UNIDAD DE POTENCIA,"Mercedes prepara una nueva unidad de potencia para el auto de George Russell en el regreso de la Fórmula 1 a Malasia. El cambio excederá el límite reglamentario y obligará al británico a largar desde la última posición.

La sanción se confirmará cuando el componente sea instalado el viernes en Sepang. Russell llega de ganar en Azerbaiyán y se ubica segundo en el Mundial con 236 puntos, a 66 de su compañero y líder Kimi Antonelli.

El castigo altera una fecha clave para el campeonato. Franco Colapinto también tendrá una penalización de cinco lugares por el incidente con Pierre Gasly y Lando Norris en Bakú.",https://www.tycsports.com/automovilismo/george-russell-saldra-desde-la-ultima-posicion-en-la-proxima-carrera-de-la-f1-id763425.html,https://media.tycsports.com/files/2026/09/28/991408/george-russell-mercedes-_1440x810.webp,TyC Sports,https://www.tycsports.com/automovilismo/george-russell-saldra-desde-la-ultima-posicion-en-la-proxima-carrera-de-la-f1-id763425.html,https://as.com/motor/penalizacion-para-george-russell-f202609-n/,TyC Sports,ALTA,,OK,Imagen exacta de George Russell utilizada por TyC Sports.,,FALSE,
SI,28/09/2026,23:26,Fútbol internacional,CÓRDOVA COMPARÓ LA RENOVACIÓN DE CHILE CON LOS PROCESOS DE FORLÁN Y KLOPP,"Nicolás Córdova defendió el proceso de renovación de la Selección de Chile antes del amistoso ante Estados Unidos. El entrenador interino sostuvo que su prioridad es dar minutos a los jugadores que podrían participar de las Eliminatorias para el Mundial 2030.

El técnico comparó la situación con los comienzos de Diego Forlán en Uruguay y Jürgen Klopp en Alemania, dos entrenadores cuestionados después de resultados adversos. También remarcó que el cuerpo técnico debe adaptarse a los futbolistas disponibles y no intentar copiar al equipo chileno de hace una década.

Chile viene de perder contra Canadá y continuará su gira ante Estados Unidos en Saint Louis. Luego cerrará la ventana internacional frente a México en Los Ángeles.",https://www.directvsports.com/futbol/nicolas-cordova-comparo-el-presente-de-la-seleccion-de-chile-con-uruguay-y-alemania-pasa-en-todos-lados-20260928-0050.html,https://assets.directvsports.com/__export/1774876209663/sites/dsports/img/2026/03/30/nico.png_1436492500.png,DSports,https://www.directvsports.com/futbol/nicolas-cordova-comparo-el-presente-de-la-seleccion-de-chile-con-uruguay-y-alemania-pasa-en-todos-lados-20260928-0050.html,https://efe.com/deportes/2026-09-22/chile-mundial-2030-recambio-nicolas-cordova/,DSports,MEDIA,,OK,Imagen específica y visible de Nicolás Córdova utilizada por DSports.,,FALSE,
SI,28/09/2026,23:20,Mercado de pases,MARCOS ROJO ACORDÓ CON ESTUDIANTES Y RACING DEBE DEFINIR SU SALIDA,"Estudiantes avanzó de manera concreta para repatriar a Marcos Rojo de cara a la semifinal de la Copa Libertadores contra Flamengo. El defensor dio el visto bueno y ya acordó sus condiciones con el Pincha.

La operación depende ahora de Racing y de su presidente Diego Milito. Estudiantes está dispuesto a pagar un resarcimiento por los tres meses de contrato que le quedan al jugador, pero la decisión también tiene un fuerte componente político por la crisis deportiva de la Academia.

Rojo es titular y referente para los juveniles del plantel. Las próximas horas serán decisivas para saber si Racing acepta liberarlo y permite su regreso a La Plata.",https://www.tycsports.com/racing-club/estudiantes-racing-marcos-rojo-copa-libertadores-liga-profesional-mercado-de-pases-id763421.html,https://media.tycsports.com/files/2026/09/28/991404/marcos-rojo-festeja-el-gol-de-maravilla-martinez-en-racing-vs-boca_1440x810.webp?v=1,TyC Sports,https://www.tycsports.com/racing-club/estudiantes-racing-marcos-rojo-copa-libertadores-liga-profesional-mercado-de-pases-id763421.html,https://www.youtube.com/watch?v=B0YaughFlTo,TyC Sports,ALTA,,OK,Imagen reciente de Marcos Rojo con Racing utilizada por TyC Sports.,,FALSE,
SI,28/09/2026,23:00,Fútbol internacional,NEYMAR REVELÓ QUE EN RÍO DE JANEIRO ES HINCHA DE FLAMENGO,"Neymar asistió al partido de la NFL entre Baltimore Ravens y Dallas Cowboys en el Maracaná y, durante el evento, reveló su simpatía por Flamengo.

El capitán de Santos respondió a un hincha y afirmó que en Río de Janeiro alienta por el Mengao. La declaración retomó un vínculo que el brasileño ya había expresado en otras oportunidades, incluso cuando dijo que le gustaría jugar allí algún día.

Neymar mantiene a Santos como su club principal, pero volvió a dejar abierta una conexión afectiva con Flamengo. Su frase generó repercusión inmediata entre los hinchas cariocas.",https://www.tycsports.com/futbol-de-brasil/la-confesion-de-neymar-en-rio-de-janeiro-soy-hincha-de-flamengo-id763422.html,https://media.tycsports.com/files/2026/09/28/991405/neymar-nfl-maracana-dallas-cowboys_1440x810.webp?v=1,TyC Sports,https://www.tycsports.com/futbol-de-brasil/la-confesion-de-neymar-en-rio-de-janeiro-soy-hincha-de-flamengo-id763422.html,https://www.abola.pt/noticias/neymar-volta-a-piscar-o-olho-ao-flamengo-no-rio-sou-do-mengao-2026092811222872306,TyC Sports,MEDIA,,OK,Imagen exacta de Neymar en el evento de la NFL utilizada por TyC Sports.,,FALSE,
SI,28/09/2026,22:40,Selección Argentina,SCALONI ENSAYÓ UN ONCE CON BARCO Y NICO PAZ PARA ENFRENTAR A BOLIVIA,"Lionel Scaloni probó la formación de la Selección Argentina para el amistoso del miércoles ante Bolivia en el estadio Mario Alberto Kempes de Córdoba.

La alternativa que tomó ventaja incluye a Exequiel Palacios, Alexis Mac Allister y Valentín Barco en el mediocampo, con Nico Paz por delante. Enzo Fernández no estará disponible por la expulsión sufrida en la final del Mundial.

El equipo ensayado fue Dibu Martínez; Juan Giay, Cuti Romero, Lisandro Martínez, Facundo Medina; Palacios, Mac Allister, Barco, Nico Paz; Lautaro Martínez y Julián Álvarez. La confirmación llegará cerca del partido.",https://www.espn.com.ar/futbol/mundial/nota/_/id/17297864/la-formacion-de-argentina-vs-bolivia-para-el-amistoso-internacional,https://a4.espncdn.com/combiner/i?img=%2Fphoto%2F2026%2F0924%2Fr1721337_1296x729_16%2D9.jpg,ESPN Argentina,https://www.espn.com.ar/futbol/mundial/nota/_/id/17297864/la-formacion-de-argentina-vs-bolivia-para-el-amistoso-internacional,https://www.youtube.com/watch?v=pBIkWhPE08Y,ESPN Argentina,ALTA,,OK,"Foto específica y visible de Valentín Barco en un entrenamiento de la Selección Argentina, utilizada por ESPN.",,FALSE,
SI,28/09/2026,22:20,Independiente,INDEPENDIENTE FIJÓ SUS ELECCIONES PARA EL 13 DE DICIEMBRE,"La Comisión Directiva de Independiente aprobó que las elecciones presenciales se realicen el domingo 13 de diciembre en la sede social de Avenida Mitre 470, en Avellaneda.

La determinación deberá ser oficializada en la Asamblea convocada para este martes 29 de septiembre. Hasta el momento están confirmadas las candidaturas de Daniel Bertoni, Enrique Sacco y Luciano Nakis, mientras Gastón Gaudio evalúa sumarse.

El ganador sucederá a Néstor Grindetti y deberá tomar decisiones inmediatas sobre el proyecto deportivo. Entre ellas figura la continuidad de Jadson Viera, cuyo contrato permite una salida unilateral a fin de año.",https://www.espn.com.ar/futbol/argentina/nota/_/id/17315166/independiente-elecciones-presidenciales-cuando-son,https://a1.espncdn.com/combiner/i?img=%2Fphoto%2F2026%2F0929%2Fr1723242_1296x729_16%2D9.jpg,ESPN Argentina,https://www.espn.com.ar/futbol/argentina/nota/_/id/17315166/independiente-elecciones-presidenciales-cuando-son,https://media.tycsports.com/files/2026/09/28/991397/quique-sacco_1440x810.webp?v=1,ESPN Argentina,ALTA,,OK,Imagen exacta utilizada por ESPN para informar la fecha electoral de Independiente.,,FALSE,
SI,28/09/2026,22:17,Independiente,QUIQUE SACCO LANZÓ SU CANDIDATURA A PRESIDENTE DE INDEPENDIENTE,"Enrique Quique Sacco presentó oficialmente su candidatura a presidente de Independiente por el Movimiento Independiente Auténtico y expuso los ejes de su plataforma.

El periodista prometió que el club no se convertirá en una sociedad anónima, anunció una auditoría y aseguró que dispone de dos fondos sin condicionamientos, uno de Estados Unidos y otro de Europa. También dijo que trabaja con un director deportivo con experiencia internacional.

Sacco adelantó un plan para los primeros seis meses y la incorporación de un CEO para ordenar la economía. Su propuesta apunta a fortalecer las inferiores y reducir la dependencia de incorporaciones masivas.",https://www.tycsports.com/independiente/liga-profesional-independiente-elecciones-quique-sacco-candidato-presidente-conferencia-plataforma-id763416.html,https://media.tycsports.com/files/2026/09/28/991397/quique-sacco_1440x810.webp?v=1,TyC Sports,https://www.tycsports.com/independiente/liga-profesional-independiente-elecciones-quique-sacco-candidato-presidente-conferencia-plataforma-id763416.html,https://www.youtube.com/watch?v=dVPqsuWFKn0,TyC Sports,ALTA,,OK,Imagen exacta de la presentación de Quique Sacco utilizada por TyC Sports.,,FALSE,
SI,28/09/2026,22:00,Argentinos en el exterior,SANTIAGO RODRÍGUEZ PICANTEÓ A MESSI DESPUÉS DEL TRIUNFO DE COLUMBUS,"Santiago Rodríguez publicó una serie de fotos tras el agónico triunfo de Columbus Crew sobre Inter Miami y eligió una imagen con Lionel Messi en segundo plano, después del cruce que ambos protagonizaron durante el partido.

El volante uruguayo y el capitán argentino se dijeron de todo sobre el final del primer tiempo antes de ser separados por el árbitro. Messi le habría reprochado una actitud canchera y una falta de respeto.

La Pulga marcó un golazo de tiro libre, pero Columbus se quedó con la victoria. El posteo de Rodríguez agregó un nuevo capítulo a la tensión del encuentro.",https://www.tycsports.com/estados-unidos/mls/el-curioso-posteo-de-rodriguez-tras-su-picante-cruce-con-messi-en-la-mls-id763414.html,https://media.tycsports.com/files/2026/09/28/991392/santiago-rodriguez-lionel-messi-columbus-crew-inter-miami_1440x810.webp?v=1,TyC Sports,https://www.tycsports.com/estados-unidos/mls/el-curioso-posteo-de-rodriguez-tras-su-picante-cruce-con-messi-en-la-mls-id763414.html,https://santafedeportivo.com.ar/2026/09/28/video-clima-caliente-en-la-mls-el-picante-cara-a-cara-entre-leo-messi-y-santiago-rodriguez/,TyC Sports,MEDIA,,OK,Imagen exacta del cruce entre Santiago Rodríguez y Lionel Messi utilizada por TyC Sports.,,FALSE,
SI,28/09/2026,21:51,San Lorenzo,INSUA PROBÓ A CARDILLO PARA REEMPLAZAR AL SUSPENDIDO INSAURRALDE,"Rubén Darío Insua probó a Mauricio Cardillo como acompañante de Nicolás Tripichio en el mediocampo de San Lorenzo para la visita del sábado a Defensa y Justicia.

La variante responde a la expulsión de Manuel Insaurralde en el clásico con Boca. El Tribunal de Disciplina le aplicó dos fechas de suspensión y el Gallego debe reorganizar la zona central.

Cardillo, de 23 años, todavía no sumó minutos desde el regreso de Insua y acumula diez partidos en la temporada. La práctica lo dejó como principal candidato para ingresar en Florencio Varela.",https://www.tycsports.com/san-lorenzo/cardillo-la-sorpresa-de-insua-para-reemplazar-a-insaurralde-en-el-mediocampo-id763417.html,https://tn.com.ar/resizer/v2/cardillo-un-refuerzo-para-la-mitad-de-la-cancha-foto-xsanlorenzo-7KEWY3JB7BDM5H3VUQFOZH773A.jfif?auth=4ea33285aa015262f5f319e38437903375f09ac5ceaca69d6eccccb005498853&width=1440,TyC Sports,https://www.tycsports.com/san-lorenzo/cardillo-la-sorpresa-de-insua-para-reemplazar-a-insaurralde-en-el-mediocampo-id763417.html,https://tn.com.ar/deportes/futbol/2026/09/07/san-lorenzo-presento-a-ruben-dario-insua-como-nuevo-dt-con-un-video-emotivo-pienso-honrar-la-memoria-de-mi-padre/?outputType=amp,TN,ALTA,,OK,"Foto específica y visible de Mauricio Cardillo en su presentación con San Lorenzo, utilizada por TN.",,FALSE,
SI,28/09/2026,21:05,River,RIVER TENDRÁ PÚBLICO VISITANTE ANTE BELGRANO EN EL KEMPES,"Belgrano confirmó que recibirá a River en el estadio Mario Alberto Kempes por la fecha 13 del Torneo Clausura y que el encuentro se jugará con ambas parcialidades.

El club cordobés explicó que la mudanza permitirá que más socios acompañen al equipo y generará una recaudación extraordinaria. Será el mismo escenario en el que Belgrano derrotó a River en la final del Apertura.

Todavía no se informaron los valores ni el cronograma de venta de entradas. Para los hinchas de River será la cuarta salida consecutiva con disponibilidad de localidades visitantes.",https://www.tycsports.com/river-plate/confirmado-river-podra-llevar-visitantes-contra-belgrano-id763412.html,https://media.tycsports.com/files/2026/09/28/991394/los-hinchas-de-river-en-el-kempes-durante-la-final-con-belgrano_1440x810.webp,TyC Sports,https://www.tycsports.com/river-plate/confirmado-river-podra-llevar-visitantes-contra-belgrano-id763412.html,https://www.youtube.com/watch?v=oQULIvMAhhY,TyC Sports,ALTA,,OK,Imagen pertinente de los hinchas de River en el Kempes utilizada por TyC Sports.,,FALSE,
SI,28/09/2026,20:53,Fútbol internacional,EL ECUADOR DE GALLARDO LLEGÓ A JAPÓN PARA DISPUTAR LA COPA KIRIN,"La Selección de Ecuador arribó a Yokohama para disputar la Copa Kirin, torneo amistoso que comenzará el jueves frente a Japón. El plantel de Marcelo Gallardo llegó después de completar la primera parte de su gira asiática en Corea del Sur.

La Tri entrenará martes y miércoles antes del debut. Gallardo y los futbolistas hablarán con la prensa en la previa del encuentro, previsto para las 19.10 de Japón en el Estadio Internacional de Yokohama.

Ecuador cerrará su participación contra Panamá o Nueva Zelanda. Será la segunda presencia del seleccionado en la competencia, después de haberla disputado en 1995.",https://www.directvsports.com/futbol/con-gallardo-a-la-cabeza-la-seleccion-de-ecuador-llego-a-japon-para-disputar-la-copa-kirin-20260928-0045.html,https://assets.directvsports.com/__export/1790640237108/sites/dsports/img/2026/09/28/gallardo.jpg_820908302.jpg,DSports,https://www.directvsports.com/futbol/con-gallardo-a-la-cabeza-la-seleccion-de-ecuador-llego-a-japon-para-disputar-la-copa-kirin-20260928-0045.html,https://x.com/LaTri/status/2104920490115874836,DSports,MEDIA,,OK,Imagen exacta de Marcelo Gallardo y la delegación de Ecuador utilizada por DSports.,,FALSE,
SI,28/09/2026,20:52,Fútbol internacional,CRISTIANO RONALDO QUEDÓ EN EL BANCO Y PORTUGAL ACLARÓ LA DECISIÓN,"Cristiano Ronaldo permaneció los 90 minutos en el banco durante el triunfo 2-1 de Portugal ante Noruega por la Nations League. Fue la primera vez desde 2008 que quedó como suplente sin ingresar en un partido de su selección.

El entrenador Jorge Jesús explicó que había acordado utilizarlo durante la última media hora, pero el desarrollo del encuentro cambió el plan. Aclaró que no se trató de una lesión ni de una medida para protegerlo físicamente.

El técnico también anticipó que hablará con el delantero después de que se retirara al vestuario sin saludar a los hinchas. Portugal volverá a jugar el jueves ante Dinamarca y el domingo tendrá otra vez como rival a Noruega.",https://www.directvsports.com/futbol/interna-en-portugal-cristiano-ronaldo-disconforme-con-jorge-jesus-por-no-ingresar-en-el-partido-ante-noruega-20260928-0044.html,https://assets.directvsports.com/__export/1790608805823/sites/dsports/img/2026/09/28/disexo_sin_txtulo_-_2026-09-28t121423_219.png_60342505.png,DSports,https://www.directvsports.com/futbol/interna-en-portugal-cristiano-ronaldo-disconforme-con-jorge-jesus-por-no-ingresar-en-el-partido-ante-noruega-20260928-0044.html,https://x.com/selecaoportugal/status/2104346891454652584,DSports,ALTA,,OK,Imagen exacta de Cristiano Ronaldo en el banco utilizada por DSports.,,FALSE,
SI,28/09/2026,20:50,Boca,BOCA Y BANFIELD BUSCAN FECHA PARA LA SEMIFINAL DE LA COPA ARGENTINA,"La clasificación de Boca ante Racing abrió un problema de calendario para la semifinal de la Copa Argentina contra Banfield. El Xeneize tiene compromisos del Clausura y las dos series con Vasco da Gama por la Copa Sudamericana durante octubre.

Una posibilidad es jugar el 28 de octubre, cuatro días antes del Superclásico, aunque en Boca no convence por el descanso. Otra alternativa es disputar la semifinal el 4 de noviembre y reprogramar la final, originalmente prevista para esa fecha.

También aparece una opción más temprana, pero exigiría mover partidos ya programados de Boca y Banfield. La organización deberá acordar el día con los clubes y la Liga Profesional.",https://www.espn.com.ar/futbol/argentina/nota/_/id/17314987/boca-vs-banfield-semifinal-copa-argentina-cuando-se-juega,https://a1.espncdn.com/combiner/i?img=%2Fphoto%2F2026%2F0928%2Fr1723220_1296x729_16%2D9.jpg,ESPN Argentina,https://www.espn.com.ar/futbol/argentina/nota/_/id/17314987/boca-vs-banfield-semifinal-copa-argentina-cuando-se-juega,https://www.lanacion.com.ar/deportes/futbol/asi-esta-el-cuadro-de-semifinales-de-la-copa-argentina-2026-tras-el-triunfo-de-boca-sobre-racing-nid27092026/,ESPN Argentina,MEDIA,,OK,Imagen exacta de Boca utilizada por ESPN en la nota.,,FALSE,
SI,28/09/2026,20:32,Boca,VASCO SE QUEDÓ SIN EL MARACANÁ PARA LA REVANCHA ANTE BOCA,"El consorcio que administra el Maracaná rechazó el pedido de Vasco da Gama para jugar allí la revancha de la semifinal de la Copa Sudamericana contra Boca. Flamengo y Fluminense argumentaron que el estadio ya tiene demasiados partidos programados y quieren preservar el césped.

Vasco todavía no tiene sede confirmada para la definición y debe resolverla antes del 10 de octubre. El club evalúa una presentación judicial, mientras el Nilton Santos reapareció como alternativa pese a su superficie sintética.

La dirigencia también negocia con Conmebol para utilizar São Januário, aunque su capacidad queda por debajo del mínimo reglamentario. La serie comenzará en la Bombonera y se definirá en Río de Janeiro.",https://www.tycsports.com/boca-juniors/reves-para-vasco-da-gama-le-negaron-el-maracana-y-trabaja-a-contrarreloj-por-una-sede-donde-recibir-a-boca-id763405.html,https://media.tycsports.com/files/2026/09/16/988190/maracana_1440x810.webp?v=2,TyC Sports,https://www.tycsports.com/boca-juniors/reves-para-vasco-da-gama-le-negaron-el-maracana-y-trabaja-a-contrarreloj-por-una-sede-donde-recibir-a-boca-id763405.html,https://www.uol.com.br/esporte/futebol/ultimas-noticias/2026/09/25/vasco-quer-classico-em-sao-januario-se-nao-tiver-maracana-contra-o-boca.ghtm,TyC Sports,ALTA,,OK,"Vista aérea específica y visible del Maracaná, escenario central de la noticia, utilizada por TyC Sports.",,FALSE,
SI,28/09/2026,20:07,Fútbol argentino,"LA FECHA 11 DE PROYECCIÓN YA TIENE DÍAS, HORARIOS Y ÁRBITROS","La AFA publicó la programación completa de la fecha 11 del Torneo Proyección, que se disputará entre el martes 29 de septiembre y el jueves 1 de octubre.

La jornada incluye San Lorenzo-Aldosivi el martes a las 15, Instituto-Racing el miércoles a las 15 e Independiente-Boca el jueves a las 15 en Villa Domínico, con Mauro Trinidad como árbitro principal. River-Sarmiento cerrará ese día desde las 19 en River Camp.

El cronograma también confirmó sedes y ternas para todos los partidos de las zonas A y B. La actividad comenzará con cinco encuentros el martes, continuará con seis el miércoles y tendrá otros siete compromisos el jueves.",https://www.afa.com.ar/es/posts/torneo-proyeccion-este-martes-inicia-la-fecha-11,https://lanumero12.com.ar/wp-content/uploads/2026/04/Reserva-Boca-vs-Independiente-Torneo-Proyeccion-Apertura-2026.jpg.webp,AFA,https://www.afa.com.ar/es/posts/torneo-proyeccion-este-martes-inicia-la-fecha-11,https://media.0221.com.ar/p/0bad3df1fb075817e64970118994e311/adjuntos/357/imagenes/100/246/0100246982/1400x0/smart/gimnasia-estudiantes-reserva-clasico.jpeg,Gerónimo Marino / La Número 12,MEDIA,,TEMPORAL,Foto real del Torneo Proyección 2026 en un Boca-Independiente; archivo pertinente para la programación de la fecha 11 porque los partidos todavía no se disputaron.,,FALSE,
SI,28/09/2026,19:56,Futsal,LA SUB-20 DE FUTSAL TRABAJÓ EN BARQUISIMETO Y YA PIENSA EN PERÚ,"La Selección Argentina Sub-20 de futsal aprovechó su jornada sin partido para realizar trabajos físicos en el hotel de concentración de Barquisimeto, sede del Sudamericano de la categoría.

El plantel completó una sesión de una hora bajo las órdenes del preparador físico Pablo Rubio. La actividad llegó después del 2-3 ante Ecuador en el debut y del empate 2-2 frente a Chile por el Grupo B.

Argentina tendrá descanso el martes y volverá a competir el miércoles 30 de septiembre a las 14.30 contra Perú. El jueves, también a las 14.30, cerrará la fase de grupos ante Brasil.",https://www.afa.com.ar/es/posts/en-su-fecha-libre-la-seleccion-realizo-trabajos-fisicos-en-la-concentracion,https://assets1.afa.com.ar/2026/LG/LG-mayo-junio26/LG-julio-agosto26/LG-sept26/CPC_5505.jpg,AFA,https://www.afa.com.ar/es/posts/en-su-fecha-libre-la-seleccion-realizo-trabajos-fisicos-en-la-concentracion,https://larepublica.cronosmedia.glr.pe/original/2023/09/14/6503ab425e46bf5ae174ade2.jpg,AFA,MEDIA,,OK,Imagen oficial del entrenamiento de la Selección Argentina Sub-20 de futsal.,,FALSE,
SI,28/09/2026,19:37,Argentinos en el exterior,PEÑAROL NO CITARÁ A PEZZELLA POR UNA DUDA SOBRE SU HABILITACIÓN,"Peñarol dejará afuera a Germán Pezzella del partido pendiente contra Montevideo City Torque por una duda administrativa sobre su habilitación después de su salida de River.

El defensor está autorizado para competir desde la quinta jornada, pero el club no pudo confirmar si ese permiso alcanza a un encuentro correspondiente a la primera fecha. Ignacio Ruglio explicó que la institución prefirió no correr el riesgo de una sanción.

El partido se jugará el miércoles y Peñarol cuenta con alternativas en la defensa. Pezzella seguirá preparándose para los próximos compromisos y mantiene previsto viajar a la despedida de Lionel Messi con la Selección Argentina.",https://www.tycsports.com/uruguay/futbol-de-uruguay/la-insolita-situacion-que-vive-pezzella-en-penarol-no-saben-si-esta-habilitado-para-jugar-id763404.html,https://media.tycsports.com/files/2026/09/19/989324/pezzella-_1440x810.webp,TyC Sports,https://www.tycsports.com/uruguay/futbol-de-uruguay/la-insolita-situacion-que-vive-pezzella-en-penarol-no-saben-si-esta-habilitado-para-jugar-id763404.html,https://deportv.gob.ar/futbol/german-pezzella-presentado-penarol-nid%3A16597,TyC Sports,ALTA,,OK,"Foto específica y visible de Germán Pezzella con Peñarol, utilizada por TyC Sports.",,FALSE,
SI,28/09/2026,19:19,Artes marciales,NORMA DUMONT RECHAZÓ EL FALLO QUE LE DIO EL TRIUNFO A AILÍN PÉREZ,"Norma Dumont cuestionó el fallo unánime que le dio la victoria a la argentina Ailín Pérez en UFC Vegas 121. Los tres jueces puntuaron 29-28 para la bonaerense después de tres rounds muy cerrados.

La brasileña sostuvo que ganó dos asaltos y calificó la decisión como uno de los mayores absurdos que vio en las artes marciales mixtas. Pérez respondió que no había excusas y defendió la lectura técnica del combate.

El triunfo dejó a Pérez con siete victorias consecutivas en UFC, la segunda mejor racha histórica de su división. La argentina quedó muy cerca de una oportunidad por el título.",https://www.tycsports.com/polideportivo/norma-dumont-ailin-perez-tiro-preservativos-rechazo-el-fallo-ufc-id763403.html,https://media.tycsports.com/files/2026/09/28/991384/dumont_862x485.webp?v=1,TyC Sports,https://www.tycsports.com/polideportivo/norma-dumont-ailin-perez-tiro-preservativos-rechazo-el-fallo-ufc-id763403.html,https://www.mmafighting.com/ufc/512837/ufc-vegas-121-video-security-intervenes-following-ailin-perezs-controversial-win-over-norma-dumont,TyC Sports,ALTA,,OK,Imagen exacta de Norma Dumont utilizada por TyC Sports.,,FALSE,
SI,28/09/2026,19:18,Selección Argentina,AFA CONFIRMÓ LA TERNA COLOMBIANA PARA ARGENTINA-BOLIVIA,"La AFA confirmó el cuerpo arbitral para el amistoso que la Selección Argentina disputará ante Bolivia el miércoles 30 de septiembre en el estadio Mario Alberto Kempes de Córdoba.

El colombiano Jhon Ospina será el árbitro principal. Sus compatriotas Miguel Roldán y Roberto Padilla actuarán como asistentes, mientras que Carlos Ortega fue designado como cuarto árbitro.

El encuentro comenzará a las 21 y abrirá la triple fecha de amistosos de la Albiceleste. Luego, el equipo enfrentará a Burkina Faso el sábado 3 de octubre y a Benín el martes 6.",https://www.afa.com.ar/es/posts/cuerpo-arbitral-para-argentina-bolivia,https://assets1.afa.com.ar/2026/D/AGO26/Web-Ospina.jpg,AFA,https://www.afa.com.ar/es/posts/cuerpo-arbitral-para-argentina-bolivia,https://files.winsports.co/assets/public/inline-images/jhon%20alexander%20ospina%20arbitro%20colombiano.jpg,AFA,ALTA,,OK,Imagen oficial de AFA correspondiente al árbitro Jhon Ospina.,,FALSE,
SI,28/09/2026,18:40,Selección Argentina,LA SELECCIÓN VOLVIÓ A ENTRENARSE Y TAGLIAFICO Y THIAGO ALMADA TRABAJARON APARTE,"La Selección Argentina retomó los entrenamientos en Ezeiza con vistas al amistoso del miércoles ante Bolivia en Córdoba. El plantel regresó al trabajo después de dos días libres y todavía aguarda por Lionel Messi.

Nicolás Tagliafico y Thiago Almada realizaron tareas diferenciadas mientras avanzan en la recuperación de sus lesiones. Rodrigo De Paul y Giovani Lo Celso tampoco se incorporaron todavía y se sumarán para el último compromiso de la ventana.

Lionel Scaloni hablará este martes a las 14.15 y después dirigirá una nueva práctica antes del viaje. Argentina enfrentará a Bolivia el miércoles a las 21 en el Mario Alberto Kempes.",https://www.espn.com.ar/futbol/mundial/nota/_/id/17314749/seleccion-argentina-entrenamiento-amistoso-bolivia-fecha-fifa,https://a.espncdn.com/photo/2026/0928/r1723184_1296x729_16-9.jpg,ESPN Argentina,https://www.espn.com.ar/futbol/mundial/nota/_/id/17314749/seleccion-argentina-entrenamiento-amistoso-bolivia-fecha-fifa,https://www.youtube.com/watch?v=pBIkWhPE08Y,ESPN,ALTA,,OK,Imagen exacta del entrenamiento publicada por ESPN.,,FALSE,
SI,28/09/2026,18:18,Independiente,"EL TAS FALLÓ CONTRA INDEPENDIENTE Y LE ORDENÓ PAGAR CASI US$ 2,9 MILLONES POR LOMÓNACO","El Tribunal Arbitral del Deporte resolvió a favor de Red Bull Bragantino en el reclamo por el pase de Kevin Lomónaco. Independiente deberá pagar US$ 2.881.975 en un plazo que vence el 2 de noviembre.

La cifra contempla los US$ 400.000 que el club ya había abonado y quedó por debajo de los US$ 3.917.100 reclamados por la entidad brasileña. Si el Rojo no cumple dentro de los 45 días fijados, quedará inhibido para incorporar jugadores.

El fallo abre un nuevo frente financiero después de que Independiente vendiera al defensor al Elche. Parte de ese ingreso ya se utilizó para cancelar deudas previas, entre ellas la correspondiente a la compra de Iván Marcone.",https://www.tycsports.com/independiente/por-el-pase-de-lomonaco-otro-reves-del-tas-para-independiente--id763400.html,https://media.tycsports.com/files/2026/08/07/977026/kevin-lomonaco_1440x810.webp,TyC Sports,https://www.tycsports.com/independiente/por-el-pase-de-lomonaco-otro-reves-del-tas-para-independiente--id763400.html,https://www.youtube.com/watch?v=WR9XcN3g82w,TyC Sports,ALTA,,OK,Imagen real de Kevin Lomónaco utilizada por TyC Sports en la noticia del fallo.,,FALSE,
SI,28/09/2026,18:11,Selección Argentina,BURKINA FASO GANÓ 1-0 ANTES DEL AMISTOSO CON LA SELECCIÓN ARGENTINA,"Burkina Faso venció 1-0 como visitante a República Centroafricana por la segunda fecha de las eliminatorias para la Copa Africana de Naciones 2027. Aboubacar Camara marcó el único gol a los 15 minutos del segundo tiempo.

El delantero de 19 años, jugador de Red Bull Salzburgo, había ingresado apenas un minuto antes. El equipo dirigido por Amir Abdou presentó diez titulares que militan en clubes europeos y sumó cuatro puntos en el Grupo F.

El seleccionado africano será el próximo rival de Argentina: jugarán el sábado a las 21 en el estadio Monumental. Será el segundo de los tres amistosos de la Albiceleste en esta ventana.",https://www.tycsports.com/futbol-internacional/gano-burkina-faso-previa-seleccion-argentina-id763399.html,https://media.tycsports.com/files/2026/09/28/991378/faso_862x485.webp?v=2,TyC Sports,https://www.tycsports.com/futbol-internacional/gano-burkina-faso-previa-seleccion-argentina-id763399.html,https://x.com/Argentina/status/2104574778128388189,TyC Sports,ALTA,,OK,Imagen exacta del triunfo de Burkina Faso difundida por TyC Sports.,,FALSE,
SI,28/09/2026,17:50,Fútbol internacional,LAMINE YAMAL: “UN MAL PARTIDO MÍO EQUIVALE A 400 MALOS PARTIDOS DE CUALQUIER OTRO”,"Lamine Yamal volvió a mostrar confianza en la previa de la entrega del Balón de Oro. El delantero español afirmó que la vara con la que se lo evalúa es distinta a la del resto y que una actuación de nueve puntos suele ser calificada como una de siete.

El jugador de Barcelona llega respaldado por una temporada con 24 goles y 17 asistencias en 45 partidos con su club. Además, fue campeón de la Liga, la Supercopa de España y el Mundial con la selección.

España acaba de vencer 3-2 a Inglaterra en su primer partido como campeona del mundo y continuará su recorrido en la Nations League. Yamal aparece entre los principales candidatos al premio individual.",https://tntsports.com.ar/internacional/lamine-yamal-marco-diferencias-con-el-resto-de-jugadores-un-mal-partido-mio-20260928-0019.html,https://assets.tntsports.com.ar/__export/1790628663544/sites/tntsports/img/2026/09/28/6d168a3a4c2eb4dbee2ffc209fe60abf4e20750b.jpg_1876236438.jpg,TNT Sports Argentina,https://tntsports.com.ar/internacional/lamine-yamal-marco-diferencias-con-el-resto-de-jugadores-un-mal-partido-mio-20260928-0019.html,https://media.tycsports.com/files/2026/09/18/988836/lamine-yamal-y-lionel-messi_416x234.webp,TNT Sports Argentina,MEDIA,,OK,Imagen exacta de Lamine Yamal publicada por TNT Sports.,,FALSE,
SI,28/09/2026,17:46,Fútbol internacional,COSTA RICA DESPIDIÓ AL BOCHA BATISTA Y BRYAN RUIZ QUEDÓ COMO INTERINO,"La Federación Costarricense de Fútbol terminó el ciclo de Fernando Batista después de apenas siete meses. El entrenador argentino había firmado con el objetivo de conducir el proceso hacia el Mundial 2030.

La decisión llegó tras una serie de derrotas que dejó a Costa Rica con pocas opciones de avanzar a los cuartos de final de la Liga de Naciones. El equipo deberá ganar sus dos partidos restantes y esperar otros resultados.

Bryan Ruiz asumirá de manera interina para los compromisos ante Nicaragua y Haití. El exmediocampista, mundialista en 2014, 2018 y 2022, tendrá su primera experiencia al frente del seleccionado mayor.",https://www.directvsports.com/futbol/un-suspiro-costa-rica-despidio-a-bocha-batista-tras-siete-meses-y-anuncio-a-una-leyenda-como-entrenador-interino-20260928-0038.html,https://assets.directvsports.com/__export/1780708342322/sites/dsports/img/2026/06/05/r1620042_1280x720_16-9.jpg_1118742340.jpg,DSports,https://www.directvsports.com/futbol/un-suspiro-costa-rica-despidio-a-bocha-batista-tras-siete-meses-y-anuncio-a-una-leyenda-como-entrenador-interino-20260928-0038.html,https://deportesk.com/_uploads/p9Cu_WXu98xYmjjBcz2d9w/dGbKseOCwWxpzd4q7wLofNRRV-Ke0ryZPGa21soM4uEYcqQ5d5s_ng.jpg,DSports,ALTA,,OK,Imagen real de Fernando Batista utilizada por DSports.,,FALSE,
